Full Name,Name,Status,Duration,Error,Stack Trace,Steps,Parent Suite,Suite,Sub Suite,Epic,Feature,Story
"dev.reference.app.config.CorsConfigTest.apiCorsChecksOrigin","admits a configured dev server origin and rejects an unknown one","passed","78ms",,,,,"CorsConfig",,"Security","CORS",
"dev.reference.app.config.CorsConfigTest.apiCorsAllowsSameHostOrigin","admits the deployment host when Origin matches the request Host","passed","1ms",,,,,"CorsConfig",,"Security","CORS",
"dev.reference.app.config.CorsConfigTest.apiCorsAllowsOriginPatterns","applies the configured origin patterns on /api/**","passed","2ms",,,,,"CorsConfig",,"Security","CORS",
"tests.testinfra.LocalChromePinTest.applyRejectsBlankBrowserVersion","apply refuses to fall back to system Chrome","passed","1ms",,,,,"LocalChromePin",,"Test harness","LocalChromePin",
"tests.testinfra.LocalChromePinTest.applyRejectsForeignMajor","apply rejects a browserVersion from another major","passed","2ms",,,,,"LocalChromePin",,"Test harness","LocalChromePin",
"frontend-typescript-vue:src/test/header-active-nav.test.ts#canonical header.js — mobile burger menu builds menu with nav, search, and github links","builds menu with nav, search, and github links","passed","27ms",,,"expect(3).toBe(3) passed (0s)
 expect(3).toBe(3) passed (0s)
  expect({}).not.toBeNull() passed (0s)
   expect([""header-menu-nav-home"",""header-menu-nav-login"",""header-menu-nav-register""]).toEqual([""header-menu-nav-home"",""header-menu-nav-login"",""header-menu-nav-register""]) passed (0s)
    expect({}).not.toBeNull() passed (0s)
     expect({}).not.toBeNull() passed (0s)
      expect({}).not.toBeNull() passed (0s)","canonical header.js — mobile burger menu","canonical header.js — mobile burger menu",,"reference-app-copy","canonical header.js — mobile burger menu",
"frontend-typescript-angular:src/test/header-active-nav.test.ts#canonical header.js — mobile burger menu builds menu with nav, search, and github links","builds menu with nav, search, and github links","passed","20ms",,,"expect(3).toBe(3) passed (0s)
 expect(3).toBe(3) passed (0s)
  expect({}).not.toBeNull() passed (0s)
   expect([""header-menu-nav-home"",""header-menu-nav-login"",""header-menu-nav-register""]).toEqual([""header-menu-nav-home"",""header-menu-nav-login"",""header-menu-nav-register""]) passed (0s)
    expect({}).not.toBeNull() passed (0s)
     expect({}).not.toBeNull() passed (0s)
      expect({}).not.toBeNull() passed (0s)","canonical header.js — mobile burger menu","canonical header.js — mobile burger menu",,"reference-app-copy","canonical header.js — mobile burger menu",
"frontend-javascript-vue:src/test/header-active-nav.test.js#canonical header.js — mobile burger menu builds menu with nav, search, and github links","builds menu with nav, search, and github links","passed","36ms",,,"expect(3).toBe(3) passed (0s)
 expect(3).toBe(3) passed (0s)
  expect({}).not.toBeNull() passed (0s)
   expect([""header-menu-nav-home"",""header-menu-nav-login"",""header-menu-nav-register""]).toEqual([""header-menu-nav-home"",""header-menu-nav-login"",""header-menu-nav-register""]) passed (0s)
    expect({}).not.toBeNull() passed (0s)
     expect({}).not.toBeNull() passed (0s)
      expect({}).not.toBeNull() passed (0s)","canonical header.js — mobile burger menu","canonical header.js — mobile burger menu",,"reference-app-copy","canonical header.js — mobile burger menu",
"frontend-javascript-react:src/test/header-active-nav.test.js#canonical header.js — mobile burger menu builds menu with nav, search, and github links","builds menu with nav, search, and github links","passed","31ms",,,"expect(3).toBe(3) passed (0s)
 expect(3).toBe(3) passed (0s)
  expect({}).not.toBeNull() passed (0s)
   expect([""header-menu-nav-home"",""header-menu-nav-login"",""header-menu-nav-register""]).toEqual([""header-menu-nav-home"",""header-menu-nav-login"",""header-menu-nav-register""]) passed (0s)
    expect({}).not.toBeNull() passed (0s)
     expect({}).not.toBeNull() passed (0s)
      expect({}).not.toBeNull() passed (0s)","canonical header.js — mobile burger menu","canonical header.js — mobile burger menu",,"reference-app-copy,reference-app-copy","canonical header.js — mobile burger menu",
"frontend-javascript-angular:src/test/header-active-nav.test.js#canonical header.js — mobile burger menu builds menu with nav, search, and github links","builds menu with nav, search, and github links","passed","38ms",,,"expect(3).toBe(3) passed (0s)
 expect(3).toBe(3) passed (0s)
  expect({}).not.toBeNull() passed (0s)
   expect([""header-menu-nav-home"",""header-menu-nav-login"",""header-menu-nav-register""]).toEqual([""header-menu-nav-home"",""header-menu-nav-login"",""header-menu-nav-register""]) passed (0s)
    expect({}).not.toBeNull() passed (0s)
     expect({}).not.toBeNull() passed (0s)","canonical header.js — mobile burger menu","canonical header.js — mobile burger menu",,"reference-app-copy","canonical header.js — mobile burger menu",
"frontend-typescript-react:src/test/header-active-nav.test.ts#canonical header.js — mobile burger menu builds menu with nav, search, and github links","builds menu with nav, search, and github links","passed","56ms",,,"expect(3).toBe(3) passed (0s)
 expect(3).toBe(3) passed (0s)
  expect({}).not.toBeNull() passed (0s)
   expect([""header-menu-nav-home"",""header-menu-nav-login"",""header-menu-nav-register""]).toEqual([""header-menu-nav-home"",""header-menu-nav-login"",""header-menu-nav-register""]) passed (0s)
    expect({}).not.toBeNull() passed (0s)
     expect({}).not.toBeNull() passed (0s)
      expect({}).not.toBeNull() passed (0s)","canonical header.js — mobile burger menu","canonical header.js — mobile burger menu",,"reference-app-copy,reference-app-copy","canonical header.js — mobile burger menu",
"frontend-javascript-angular:src/test/pages/home.component.test.js#HomeComponent cancelling the confirm keeps the session and sends no delete request","cancelling the confirm keeps the session and sends no delete request","passed","36ms",,,"expect([Function bound ]).toHaveBeenCalledOnce() passed (0s)
 expect([]).toHaveLength(0) passed (0s)
  expect(""/"").toBe(""/"") passed (0s)
   expect(""valid-token"").toBe(""valid-token"") passed (0s)","HomeComponent","HomeComponent",,"reference-app-copy","HomeComponent",
"frontend-javascript-vue:src/test/pages/HomePage.test.js#HomePage cancelling the confirm keeps the session and sends no delete request","cancelling the confirm keeps the session and sends no delete request","passed","30ms",,,"expect([Function bound ]).toHaveBeenCalledOnce() passed (0s)
 expect([]).toHaveLength(0) passed (0s)
  expect(""/"").toBe(""/"") passed (0s)
   expect(""valid-token"").toBe(""valid-token"") passed (0s)","HomePage","HomePage",,"reference-app-copy","HomePage",
"frontend-typescript-vue:src/test/pages/HomePage.test.ts#HomePage cancelling the confirm keeps the session and sends no delete request","cancelling the confirm keeps the session and sends no delete request","passed","25ms",,,"expect([Function bound ]).toHaveBeenCalledOnce() passed (0s)
 expect([]).toHaveLength(0) passed (0s)
  expect(""/"").toBe(""/"") passed (0s)
   expect(""valid-token"").toBe(""valid-token"") passed (0s)","HomePage","HomePage",,"reference-app-copy","HomePage",
"frontend-javascript-jquery:src/test/home.test.js#home page cancelling the confirm keeps the session and sends no delete request","cancelling the confirm keeps the session and sends no delete request","passed","21ms",,,"expect([Function bound ]).toHaveBeenCalledOnce() passed (1ms)
 expect([]).toHaveLength(0) passed (0s)
  expect(""http://localhost:3000/"").not.toBe(""/login"") passed (0s)
   expect(""valid-token"").toBe(""valid-token"") passed (0s)","home page",,,"reference-app-copy",,
"frontend-typescript-react:src/test/pages/HomePage.test.tsx#HomePage cancelling the confirm keeps the session and sends no delete request","cancelling the confirm keeps the session and sends no delete request","passed","43ms",,,"expect({""__reactFiber$x75ctkw1a67"":{""tag"":5,""key"":null,""elementType"":""div"",""type"":""div"",""stateNode"":""[Circular]"",""return"":""[Object]"",""child"":""[Object]"",""sibling"":null,... <truncated>).toBeInTheDocument() passed (0s)
 expect([Function bound ]).toHaveBeenCalledOnce() passed (0s)
  expect([]).toHaveLength(0) passed (1ms)
   expect(null).not.toBeInTheDocument() passed (0s)
    expect(""valid-token"").toBe(""valid-token"") passed (0s)","HomePage","HomePage",,"reference-app-copy,reference-app-copy","HomePage",
"frontend-typescript-vanilla:src/test/pages/home.test.ts#home page cancelling the confirm keeps the session and sends no delete request","cancelling the confirm keeps the session and sends no delete request","passed","21ms",,,"expect({}).toBeVisible() passed (3ms)
 expect([Function bound ]).toHaveBeenCalledOnce() passed (0s)
  expect([]).toHaveLength(0) passed (0s)
   expect("""").toBe("""") passed (0s)
    expect(""valid-token"").toBe(""valid-token"") passed (0s)","home page","home page",,"reference-app-copy","home page",
"frontend-javascript-react:src/test/pages/HomePage.test.jsx#HomePage cancelling the confirm keeps the session and sends no delete request","cancelling the confirm keeps the session and sends no delete request","passed","31ms",,,"expect({""__reactFiber$gkjkeq4kkd5"":{""tag"":5,""key"":null,""elementType"":""div"",""type"":""div"",""stateNode"":""[Circular]"",""return"":""[Object]"",""child"":""[Object]"",""sibling"":null,... <truncated>).toBeInTheDocument() passed (1ms)
 expect([Function bound ]).toHaveBeenCalledOnce() passed (0s)
  expect([]).toHaveLength(0) passed (0s)
   expect(null).not.toBeInTheDocument() passed (0s)
    expect(""valid-token"").toBe(""valid-token"") passed (0s)","HomePage","HomePage",,"reference-app-copy,reference-app-copy","HomePage",
"frontend-typescript-angular:src/test/pages/home.component.test.ts#HomePage cancelling the confirm keeps the session and sends no delete request","cancelling the confirm keeps the session and sends no delete request","passed","29ms",,,"expect([Function Mock]).toHaveBeenCalledOnce() passed (0s)
 expect([]).toHaveLength(0) passed (0s)
  expect(""/"").toBe(""/"") passed (0s)
   expect(""valid-token"").toBe(""valid-token"") passed (0s)","HomePage","HomePage",,"reference-app-copy","HomePage",
"frontend-typescript-jquery:src/test/home.test.ts#home cancelling the confirm keeps the session and sends no delete request","cancelling the confirm keeps the session and sends no delete request","passed","59ms",,,"expect(null).not.toBeNull() failed (0s)
 expect({}).not.toBeNull() passed (0s)
  expect(""Welcome, user1!"").toBe(""Welcome, user1!"") passed (0s)
   expect([Function bound ]).toHaveBeenCalledOnce() passed (0s)
    expect([]).toHaveLength(0) passed (1ms)
     expect(""http://localhost/"").toBe(""http://localhost/"") passed (0s)
      expect(""valid-token"").toBe(""valid-token"") passed (0s)","home",,,"reference-app-copy",,
"frontend-typescript-vanilla:src/test/lib/header.test.ts#headerConfigFor carries the nav testids the Selenide header page object needs","carries the nav testids the Selenide header page object needs","passed","4ms",,,"expect([""header-nav-home"",""header-nav-login"",""header-nav-register""]).toEqual([""header-nav-home"",""header-nav-login"",""header-nav-register""]) passed (1ms)","headerConfigFor","headerConfigFor",,"reference-app-copy","headerConfigFor",
"frontend-typescript-vanilla:src/test/pages/home.test.ts#home page clears an invalid session and keeps the panel hidden","clears an invalid session and keeps the panel hidden","passed","22ms",,,"expect(null).toBeNull() passed (0s)
 expect({}).not.toBeVisible() passed (9ms)","home page","home page",,"reference-app-copy","home page",
"frontend-typescript-jquery:src/test/home.test.ts#home clears an invalid session and keeps the session panel hidden","clears an invalid session and keeps the session panel hidden","passed","62ms",,,"expect(null).not.toBeNull() failed (0s)
 expect({}).not.toBeNull() passed (0s)
  expect(null).toBeNull() passed (0s)
   expect(true).toBe(true) passed (0s)
    expect("""").toBe("""") passed (0s)","home",,,"reference-app-copy",,
"frontend-javascript-angular:src/test/pages/home.component.test.js#HomeComponent clears an invalid session and keeps the welcome panel hidden","clears an invalid session and keeps the welcome panel hidden","passed","23ms",,,"expect(""bad-token"").toBeNull() failed (0s)
 expect(null).toBeNull() passed (0s)
  expect({""__ngContext__"":182}).not.toBeVisible() passed (10ms)","HomeComponent","HomeComponent",,"reference-app-copy","HomeComponent",
"frontend-javascript-vue:src/test/pages/HomePage.test.js#HomePage clears an invalid session and keeps the welcome panel hidden","clears an invalid session and keeps the welcome panel hidden","passed","67ms",,,"expect(""bad-token"").toBeNull() failed (0s)
 expect(""bad-token"").toBeNull() failed (0s)
  expect(null).toBeNull() passed (0s)
   expect({}).not.toBeVisible() passed (5ms)","HomePage","HomePage",,"reference-app-copy","HomePage",
"frontend-typescript-vue:src/test/pages/HomePage.test.ts#HomePage clears an invalid session and keeps the welcome panel hidden","clears an invalid session and keeps the welcome panel hidden","passed","63ms",,,"expect(""bad-token"").toBeNull() failed (0s)
 expect(""bad-token"").toBeNull() failed (0s)
  expect(null).toBeNull() passed (1ms)
   expect({}).not.toBeVisible() passed (4ms)","HomePage","HomePage",,"reference-app-copy","HomePage",
"frontend-javascript-jquery:src/test/home.test.js#home page clears an invalid session and keeps the welcome panel hidden","clears an invalid session and keeps the welcome panel hidden","passed","25ms",,,"expect(null).toBeNull() passed (0s)
 expect({}).not.toBeVisible() passed (7ms)","home page",,,"reference-app-copy",,
"frontend-typescript-angular:src/test/pages/home.component.test.ts#HomePage clears an invalid session and keeps the welcome panel hidden","clears an invalid session and keeps the welcome panel hidden","passed","35ms",,,"expect(""bad-token"").toBeNull() failed (1ms)
 expect(null).toBeNull() passed (0s)
  expect({""__ngContext__"":141}).not.toBeVisible() passed (5ms)","HomePage","HomePage",,"reference-app-copy","HomePage",
"frontend-javascript-react:src/test/pages/HomePage.test.jsx#HomePage clears invalid session and keeps welcome hidden","clears invalid session and keeps welcome hidden","passed","37ms",,,"expect({""__reactFiber$gkjkeq4kkd5"":{""tag"":5,""key"":null,""elementType"":""div"",""type"":""div"",""stateNode"":""[Circular]"",""return"":""[Object]"",""child"":""[Object]"",""sibling"":null,... <truncated>).toBeInTheDocument() passed (1ms)
 expect({""__reactFiber$gkjkeq4kkd5"":{""tag"":5,""key"":null,""elementType"":""div"",""type"":""div"",""stateNode"":""[Circular]"",""return"":""[Object]"",""child"":""[Object]"",""sibling"":null,... <truncated>).not.toBeVisible() passed (6ms)
  expect(null).toBeNull() passed (0s)","HomePage","HomePage",,"reference-app-copy,reference-app-copy","HomePage",
"frontend-typescript-react:src/test/pages/HomePage.test.tsx#HomePage clears invalid session and keeps welcome hidden","clears invalid session and keeps welcome hidden","passed","48ms",,,"expect({""__reactFiber$x75ctkw1a67"":{""tag"":5,""key"":null,""elementType"":""div"",""type"":""div"",""stateNode"":""[Circular]"",""return"":""[Object]"",""child"":""[Object]"",""sibling"":null,... <truncated>).toBeInTheDocument() passed (0s)
 expect({""__reactFiber$x75ctkw1a67"":{""tag"":5,""key"":null,""elementType"":""div"",""type"":""div"",""stateNode"":""[Circular]"",""return"":""[Object]"",""child"":""[Object]"",""sibling"":null,... <truncated>).not.toBeVisible() passed (14ms)
  expect(null).toBeNull() passed (0s)","HomePage","HomePage",,"reference-app-copy,reference-app-copy","HomePage",
"frontend-typescript-vue:src/test/pages/HomePage.test.ts#HomePage clears the session when the delete call is rejected","clears the session when the delete call is rejected","passed","34ms",,,"expect(""/login"").toBe(""/login"") passed (0s)
 expect(null).toBeNull() passed (0s)","HomePage","HomePage",,"reference-app-copy","HomePage",
"frontend-javascript-angular:src/test/pages/home.component.test.js#HomeComponent clears the session when the delete call is rejected","clears the session when the delete call is rejected","passed","27ms",,,"expect(""/login"").toBe(""/login"") passed (0s)
 expect(null).toBeNull() passed (1ms)","HomeComponent","HomeComponent",,"reference-app-copy","HomeComponent",
"frontend-javascript-jquery:src/test/home.test.js#home page clears the session when the delete call is rejected","clears the session when the delete call is rejected","passed","17ms",,,"expect(""/login"").toBe(""/login"") passed (0s)
 expect(null).toBeNull() passed (0s)","home page",,,"reference-app-copy",,
"frontend-javascript-react:src/test/pages/HomePage.test.jsx#HomePage clears the session when the delete call is rejected","clears the session when the delete call is rejected","passed","30ms",,,"expect({""__reactFiber$gkjkeq4kkd5"":{""tag"":5,""key"":null,""elementType"":""div"",""type"":""div"",""stateNode"":""[Circular]"",""return"":""[Object]"",""child"":""[Object]"",""sibling"":null,... <truncated>).toBeInTheDocument() passed (1ms)
 expect({""__reactFiber$gkjkeq4kkd5"":{""tag"":5,""key"":null,""elementType"":""div"",""type"":""div"",""stateNode"":""[Circular]"",""return"":""[Object]"",""child"":null,""sibling"":null,""index... <truncated>).toBeInTheDocument() passed (0s)
  expect(null).toBeNull() passed (0s)","HomePage","HomePage",,"reference-app-copy,reference-app-copy","HomePage",
"frontend-typescript-react:src/test/pages/HomePage.test.tsx#HomePage clears the session when the delete call is rejected","clears the session when the delete call is rejected","passed","36ms",,,"expect({""__reactFiber$x75ctkw1a67"":{""tag"":5,""key"":null,""elementType"":""div"",""type"":""div"",""stateNode"":""[Circular]"",""return"":""[Object]"",""child"":""[Object]"",""sibling"":null,... <truncated>).toBeInTheDocument() passed (0s)
 expect({""__reactFiber$x75ctkw1a67"":{""tag"":5,""key"":null,""elementType"":""div"",""type"":""div"",""stateNode"":""[Circular]"",""return"":""[Object]"",""child"":null,""sibling"":null,""index... <truncated>).toBeInTheDocument() passed (0s)
  expect(null).toBeNull() passed (0s)","HomePage","HomePage",,"reference-app-copy,reference-app-copy","HomePage",
"frontend-typescript-angular:src/test/pages/home.component.test.ts#HomePage clears the session when the delete call is rejected","clears the session when the delete call is rejected","passed","30ms",,,"expect(""/login"").toBe(""/login"") passed (0s)
 expect(null).toBeNull() passed (0s)","HomePage","HomePage",,"reference-app-copy","HomePage",
"frontend-typescript-vanilla:src/test/pages/home.test.ts#home page clears the session when the delete call is rejected","clears the session when the delete call is rejected","passed","21ms",,,"expect({}).toBeVisible() passed (4ms)
 expect("""").toBe(""/login"") failed (0s)
  expect(""/login"").toBe(""/login"") passed (0s)
   expect(null).toBeNull() passed (0s)","home page","home page",,"reference-app-copy","home page",
"frontend-typescript-jquery:src/test/home.test.ts#home clears the session when the delete call is rejected","clears the session when the delete call is rejected","passed","112ms",,,"expect(null).not.toBeNull() failed (0s)
 expect({}).not.toBeNull() passed (0s)
  expect(""Welcome, user1!"").toBe(""Welcome, user1!"") passed (0s)
   expect(""http://localhost/"").toBe(""/login"") failed (0s)
    expect(""/login"").toBe(""/login"") passed (0s)
     expect(null).toBeNull() passed (0s)","home",,,"reference-app-copy",,
"frontend-javascript-vue:src/test/pages/HomePage.test.js#HomePage clears the session when the delete call is rejected","clears the session when the delete call is rejected","passed","25ms",,,"expect(""/login"").toBe(""/login"") passed (0s)
 expect(null).toBeNull() passed (0s)","HomePage","HomePage",,"reference-app-copy","HomePage",
"frontend-typescript-react:src/test/lib/auth.test.ts#deleteAccount clears the stored token when the API rejects the call","clears the stored token when the API rejects the call","passed","0s",,,"expect(null).toBeNull() passed (0s)","deleteAccount","deleteAccount",,"reference-app-copy,reference-app-copy","deleteAccount",
"frontend-typescript-jquery:src/test/auth.test.ts#deleteAccount clears the stored token when the API rejects the call","clears the stored token when the API rejects the call","passed","1ms",,,"expect(null).toBeNull() passed (0s)","deleteAccount",,,"reference-app-copy",,
"frontend-typescript-vanilla:src/test/lib/auth.test.ts#deleteAccount clears the stored token when the API rejects the call","clears the stored token when the API rejects the call","passed","0s",,,"expect(null).toBeNull() passed (0s)","deleteAccount","deleteAccount",,"reference-app-copy","deleteAccount",
"frontend-javascript-jquery:src/test/auth.test.js#deleteAccount clears the stored token when the API rejects the call","clears the stored token when the API rejects the call","passed","0s",,,"expect(null).toBeNull() passed (0s)","deleteAccount",,,"reference-app-copy",,
"frontend-javascript-react:src/test/lib/auth.test.js#deleteAccount clears the stored token when the API rejects the call","clears the stored token when the API rejects the call","passed","0s",,,"expect(null).toBeNull() passed (0s)","deleteAccount","deleteAccount",,"reference-app-copy,reference-app-copy","deleteAccount",
"frontend-javascript-jquery:src/test/auth.test.js#deleteAccount clears the stored token when the network call fails","clears the stored token when the network call fails","passed","1ms",,,"expect(null).toBeNull() passed (0s)
 expect(null).toBeNull() passed (0s)","deleteAccount",,,"reference-app-copy",,
"frontend-javascript-react:src/test/lib/auth.test.js#deleteAccount clears the stored token when the network call fails","clears the stored token when the network call fails","passed","1ms",,,"expect(null).toBeNull() passed (0s)
 expect(null).toBeNull() passed (0s)","deleteAccount","deleteAccount",,"reference-app-copy,reference-app-copy","deleteAccount",
"frontend-typescript-jquery:src/test/auth.test.ts#deleteAccount clears the stored token when the network call fails","clears the stored token when the network call fails","passed","1ms",,,"expect(null).toBeNull() passed (0s)
 expect(null).toBeNull() passed (0s)","deleteAccount",,,"reference-app-copy",,
"frontend-typescript-vanilla:src/test/lib/auth.test.ts#deleteAccount clears the stored token when the network call fails","clears the stored token when the network call fails","passed","0s",,,"expect(null).toBeNull() passed (0s)
 expect(null).toBeNull() passed (0s)","deleteAccount","deleteAccount",,"reference-app-copy","deleteAccount",
"frontend-typescript-react:src/test/lib/auth.test.ts#deleteAccount clears the stored token when the network call fails","clears the stored token when the network call fails","passed","0s",,,"expect(null).toBeNull() passed (0s)
 expect(null).toBeNull() passed (0s)","deleteAccount","deleteAccount",,"reference-app-copy,reference-app-copy","deleteAccount",
"frontend-javascript-vue:src/test/header-active-nav.test.js#canonical header.js — mobile burger menu closes menu when a menu nav link is clicked","closes menu when a menu nav link is clicked","passed","50ms",,,"expect(3).toBe(3) passed (0s)
 expect(3).toBe(3) passed (0s)
  expect(false).toBe(false) passed (0s)
   expect(true).toBe(true) passed (0s)","canonical header.js — mobile burger menu","canonical header.js — mobile burger menu",,"reference-app-copy","canonical header.js — mobile burger menu",
"frontend-typescript-react:src/test/header-active-nav.test.ts#canonical header.js — mobile burger menu closes menu when a menu nav link is clicked","closes menu when a menu nav link is clicked","passed","55ms",,,"expect(3).toBe(3) passed (1ms)
 expect(3).toBe(3) passed (0s)
  expect(false).toBe(false) passed (0s)
   expect(true).toBe(true) passed (0s)","canonical header.js — mobile burger menu","canonical header.js — mobile burger menu",,"reference-app-copy,reference-app-copy","canonical header.js — mobile burger menu",
"frontend-typescript-angular:src/test/header-active-nav.test.ts#canonical header.js — mobile burger menu closes menu when a menu nav link is clicked","closes menu when a menu nav link is clicked","passed","36ms",,,"expect(3).toBe(3) passed (0s)
 expect(3).toBe(3) passed (0s)
  expect(false).toBe(false) passed (0s)
   expect(true).toBe(true) passed (0s)","canonical header.js — mobile burger menu","canonical header.js — mobile burger menu",,"reference-app-copy","canonical header.js — mobile burger menu",
"frontend-typescript-vue:src/test/header-active-nav.test.ts#canonical header.js — mobile burger menu closes menu when a menu nav link is clicked","closes menu when a menu nav link is clicked","passed","37ms",,,"expect(3).toBe(3) passed (0s)
 expect(3).toBe(3) passed (0s)
  expect(false).toBe(false) passed (0s)
   expect(true).toBe(true) passed (0s)","canonical header.js — mobile burger menu","canonical header.js — mobile burger menu",,"reference-app-copy","canonical header.js — mobile burger menu",
"frontend-javascript-react:src/test/header-active-nav.test.js#canonical header.js — mobile burger menu closes menu when a menu nav link is clicked","closes menu when a menu nav link is clicked","passed","40ms",,,"expect(3).toBe(3) passed (0s)
 expect(3).toBe(3) passed (0s)
  expect(false).toBe(false) passed (0s)
   expect(true).toBe(true) passed (0s)","canonical header.js — mobile burger menu","canonical header.js — mobile burger menu",,"reference-app-copy,reference-app-copy","canonical header.js — mobile burger menu",
"tests.testinfra.LocalChromePinTest.configuredBrowserVersionMatchesPin","configured browserVersion stays on the pinned major","passed","1ms",,,,,"LocalChromePin",,"Test harness","LocalChromePin",
"dev.reference.app.config.SecurityChainTest.corsPreflightAllowsConfiguredOrigin","CORS preflight for /api/items answers the configured dev origin","passed","17ms",,,,,"Security chain with real JWT filter,slice",,"Security","Security chain",
"dev.reference.app.config.CorsConfigTest.corsForRequestIgnoresForeignOrigin","corsForRequest does not admit a foreign origin from another host","passed","2ms",,,,,"CorsConfig",,"Security","CORS",
"dev.reference.app.config.CorsConfigTest.corsForRequestSkipsNonApiPaths","corsForRequest ignores non-API paths and null requests","passed","2ms",,,,,"CorsConfig",,"Security","CORS",
"dev.reference.app.config.UserSeederTest.createsSeedUserWhenMissing","creates seed user when missing","passed","231ms",,,,,"UserSeeder",,"Authentication","User seeder",
"dev.reference.app.service.JwtServiceTest.tokenRoundtrip","createToken and extractUsername roundtrip","passed","3ms",,,,,"JwtService",,"Authentication","JWT",
"tests.api.AuthApiTests.deleteRemovesAccount","DELETE /api/auth/me removes the account: repeated login is rejected","passed","1s 353ms",,,"API: register user user_83d6d454 passed (483ms)
 API: delete current account passed (434ms)",,"Auth API",,"Authentication","Authentication",
"dev.reference.app.controller.AuthControllerTest.deleteAccountReturnsNoContent","DELETE /api/auth/me removes the authenticated account with 204","passed","29ms",,,,,"AuthController,slice",,"Authentication","AuthController",
"dev.reference.app.controller.AuthControllerTest.deleteAccountRequiresAuthentication","DELETE /api/auth/me without token returns 401","passed","6ms",,,,,"AuthController,slice",,"Authentication","AuthController",
"frontend-typescript-angular:src/test/lib/auth.test.ts#session teardown deleteAccount clears the stored token when the API rejects the call","deleteAccount clears the stored token when the API rejects the call","passed","1ms",,,"expect(null).toBeNull() passed (0s)","session teardown","session teardown",,"reference-app-copy","session teardown",
"frontend-javascript-vue:src/test/lib/auth.test.js#session teardown deleteAccount clears the stored token when the API rejects the call","deleteAccount clears the stored token when the API rejects the call","passed","1ms",,,"expect(null).toBeNull() passed (0s)","session teardown","session teardown",,"reference-app-copy","session teardown",
"frontend-javascript-angular:src/test/lib/auth.test.js#session teardown deleteAccount clears the stored token when the API rejects the call","deleteAccount clears the stored token when the API rejects the call","passed","1ms",,,"expect(null).toBeNull() passed (0s)","session teardown","session teardown",,"reference-app-copy","session teardown",
"frontend-typescript-vue:src/test/lib/auth.test.ts#session teardown deleteAccount clears the stored token when the API rejects the call","deleteAccount clears the stored token when the API rejects the call","passed","0s",,,"expect(null).toBeNull() passed (0s)","session teardown","session teardown",,"reference-app-copy","session teardown",
"frontend-javascript-angular:src/test/lib/auth.test.js#session teardown deleteAccount clears the stored token when the network call fails","deleteAccount clears the stored token when the network call fails","passed","1ms",,,"expect(null).toBeNull() passed (0s)
 expect(null).toBeNull() passed (0s)","session teardown","session teardown",,"reference-app-copy","session teardown",
"frontend-typescript-vue:src/test/lib/auth.test.ts#session teardown deleteAccount clears the stored token when the network call fails","deleteAccount clears the stored token when the network call fails","passed","1ms",,,"expect(null).toBeNull() passed (0s)
 expect(null).toBeNull() passed (0s)","session teardown","session teardown",,"reference-app-copy","session teardown",
"frontend-javascript-vue:src/test/lib/auth.test.js#session teardown deleteAccount clears the stored token when the network call fails","deleteAccount clears the stored token when the network call fails","passed","1ms",,,"expect(null).toBeNull() passed (0s)
 expect(null).toBeNull() passed (0s)","session teardown","session teardown",,"reference-app-copy","session teardown",
"frontend-typescript-angular:src/test/lib/auth.test.ts#session teardown deleteAccount clears the stored token when the network call fails","deleteAccount clears the stored token when the network call fails","passed","2ms",,,"expect(null).toBeNull() passed (0s)
 expect(null).toBeNull() passed (0s)","session teardown","session teardown",,"reference-app-copy","session teardown",
"frontend-typescript-vue:src/test/lib/auth.test.ts#session teardown deleteAccount never calls the logout endpoint","deleteAccount never calls the logout endpoint","passed","4ms",,,"expect([""/api/auth/me""]).toEqual([""/api/auth/me""]) passed (0s)","session teardown","session teardown",,"reference-app-copy","session teardown",
"frontend-typescript-angular:src/test/lib/auth.test.ts#session teardown deleteAccount never calls the logout endpoint","deleteAccount never calls the logout endpoint","passed","1ms",,,"expect([""/api/auth/me""]).toEqual([""/api/auth/me""]) passed (0s)","session teardown","session teardown",,"reference-app-copy","session teardown",
"frontend-javascript-angular:src/test/lib/auth.test.js#session teardown deleteAccount never calls the logout endpoint","deleteAccount never calls the logout endpoint","passed","1ms",,,"expect([""/api/auth/me""]).toEqual([""/api/auth/me""]) passed (0s)","session teardown","session teardown",,"reference-app-copy","session teardown",
"frontend-javascript-vue:src/test/lib/auth.test.js#session teardown deleteAccount never calls the logout endpoint","deleteAccount never calls the logout endpoint","passed","1ms",,,"expect([""/api/auth/me""]).toEqual([""/api/auth/me""]) passed (0s)","session teardown","session teardown",,"reference-app-copy","session teardown",
"dev.reference.app.service.AuthServiceTest.deleteAccountUnknownUser","deleteAccount rejects a user that no longer exists","passed","3ms",,,,,"AuthService",,"Authentication","AuthService",
"dev.reference.app.service.AuthServiceTest.deleteAccountRemovesUser","deleteAccount removes the authenticated user","passed","2ms",,,,,"AuthService",,"Authentication","AuthService",
"frontend-typescript-angular:src/test/lib/auth.test.ts#session teardown deleteAccount sends DELETE /auth/me with the bearer token and clears the session","deleteAccount sends DELETE /auth/me with the bearer token and clears the session","passed","2ms",,,"expect([Function Mock]).toHaveBeenCalledTimes(1) passed (0s)
 expect([Function Mock]).toHaveBeenCalledWith(""/api/auth/me"", {""method"":""DELETE"",""headers"":{""Authorization"":""Bearer token-123""}}) passed (1ms)
  expect(null).toBeNull() passed (0s)","session teardown","session teardown",,"reference-app-copy","session teardown",
"frontend-javascript-angular:src/test/lib/auth.test.js#session teardown deleteAccount sends DELETE /auth/me with the bearer token and clears the session","deleteAccount sends DELETE /auth/me with the bearer token and clears the session","passed","1ms",,,"expect([Function Mock]).toHaveBeenCalledTimes(1) passed (0s)
 expect([Function Mock]).toHaveBeenCalledWith(""/api/auth/me"", {""method"":""DELETE"",""headers"":{""Authorization"":""Bearer token-123""}}) passed (0s)
  expect(null).toBeNull() passed (0s)","session teardown","session teardown",,"reference-app-copy","session teardown",
"frontend-javascript-vue:src/test/lib/auth.test.js#session teardown deleteAccount sends DELETE /auth/me with the bearer token and clears the session","deleteAccount sends DELETE /auth/me with the bearer token and clears the session","passed","1ms",,,"expect([Function Mock]).toHaveBeenCalledTimes(1) passed (0s)
 expect([Function Mock]).toHaveBeenCalledWith(""/api/auth/me"", {""method"":""DELETE"",""headers"":{""Authorization"":""Bearer token-123""}}) passed (1ms)
  expect(null).toBeNull() passed (0s)","session teardown","session teardown",,"reference-app-copy","session teardown",
"frontend-typescript-vue:src/test/lib/auth.test.ts#session teardown deleteAccount sends DELETE /auth/me with the bearer token and clears the session","deleteAccount sends DELETE /auth/me with the bearer token and clears the session","passed","1ms",,,"expect([Function Mock]).toHaveBeenCalledTimes(1) passed (0s)
 expect([Function Mock]).toHaveBeenCalledWith(""/api/auth/me"", {""method"":""DELETE"",""headers"":{""Authorization"":""Bearer token-123""}}) passed (0s)
  expect(null).toBeNull() passed (0s)","session teardown","session teardown",,"reference-app-copy","session teardown",
"frontend-typescript-angular:src/test/lib/auth.test.ts#session teardown deleteAccount skips the request when there is no session","deleteAccount skips the request when there is no session","passed","1ms",,,"expect([Function Mock]).not.toHaveBeenCalled() passed (0s)
 expect(null).toBeNull() passed (0s)","session teardown","session teardown",,"reference-app-copy","session teardown",
"frontend-javascript-angular:src/test/lib/auth.test.js#session teardown deleteAccount skips the request when there is no session","deleteAccount skips the request when there is no session","passed","1ms",,,"expect([Function Mock]).not.toHaveBeenCalled() passed (0s)
 expect(null).toBeNull() passed (0s)","session teardown","session teardown",,"reference-app-copy","session teardown",
"frontend-javascript-vue:src/test/lib/auth.test.js#session teardown deleteAccount skips the request when there is no session","deleteAccount skips the request when there is no session","passed","1ms",,,"expect([Function Mock]).not.toHaveBeenCalled() passed (0s)
 expect(null).toBeNull() passed (1ms)","session teardown","session teardown",,"reference-app-copy","session teardown",
"frontend-typescript-vue:src/test/lib/auth.test.ts#session teardown deleteAccount skips the request when there is no session","deleteAccount skips the request when there is no session","passed","1ms",,,"expect([Function Mock]).not.toHaveBeenCalled() passed (0s)
 expect(null).toBeNull() passed (0s)","session teardown","session teardown",,"reference-app-copy","session teardown",
"frontend-typescript-jquery:src/test/home.test.ts#home deletes the account, clears the session and lands on /login","deletes the account, clears the session and lands on /login","passed","114ms",,,"expect(null).not.toBeNull() failed (0s)
 expect({}).not.toBeNull() passed (0s)
  expect(""Welcome, user1!"").toBe(""Welcome, user1!"") passed (0s)
   expect(""http://localhost/"").toBe(""/login"") failed (0s)
    expect(""/login"").toBe(""/login"") passed (0s)
     expect([Function bound ]).toHaveBeenCalledWith(""Delete this account? This cannot be undone."") passed (0s)
      expect([[""/api/auth/me"",""[Object]""]]).toHaveLength(1) passed (0s)
       expect({""method"":""DELETE"",""headers"":{""Authorization"":""Bearer valid-token""}}).toMatchObject({""method"":""DELETE"",""headers"":{""Authorization"":""Bearer valid-token""}}) passed (0s)
        expect(null).toBeNull() passed (0s)","home",,,"reference-app-copy",,
"frontend-javascript-jquery:src/test/home.test.js#home page deletes the account, clears the session and navigates to login","deletes the account, clears the session and navigates to login","passed","22ms",,,"expect([Function bound ]).toHaveBeenCalledWith(""Delete this account? This cannot be undone."") passed (1ms)
 expect([[""/api/auth/me"",""[Object]""]]).toHaveLength(1) passed (0s)
  expect({""method"":""DELETE"",""headers"":{""Authorization"":""Bearer valid-token""}}).toMatchObject({""method"":""DELETE"",""headers"":{""Authorization"":""Bearer valid-token""}}) passed (1ms)
   expect(""/login"").toBe(""/login"") passed (0s)
    expect(null).toBeNull() passed (0s)","home page",,,"reference-app-copy",,
"frontend-javascript-angular:src/test/pages/home.component.test.js#HomeComponent deletes the account, clears the session and navigates to login","deletes the account, clears the session and navigates to login","passed","29ms",,,"expect([Function bound ]).toHaveBeenCalledWith(""Delete this account? This cannot be undone."") passed (1ms)
 expect([[""/api/auth/me"",""[Object]""]]).toHaveLength(1) passed (0s)
  expect({""method"":""DELETE"",""headers"":{""Authorization"":""Bearer valid-token""}}).toMatchObject({""method"":""DELETE"",""headers"":{""Authorization"":""Bearer valid-token""}}) passed (1ms)
   expect(""/login"").toBe(""/login"") passed (0s)
    expect(null).toBeNull() passed (0s)","HomeComponent","HomeComponent",,"reference-app-copy","HomeComponent",
"frontend-typescript-angular:src/test/pages/home.component.test.ts#HomePage deletes the account, clears the session and navigates to login","deletes the account, clears the session and navigates to login","passed","30ms",,,"expect([Function Mock]).toHaveBeenCalledWith(""Delete this account? This cannot be undone."") passed (1ms)
 expect([[""/api/auth/me"",""[Object]""]]).toHaveLength(1) passed (1ms)
  expect({""method"":""DELETE"",""headers"":{""Authorization"":""Bearer valid-token""}}).toMatchObject({""method"":""DELETE"",""headers"":{""Authorization"":""Bearer valid-token""}}) passed (0s)
   expect(""/login"").toBe(""/login"") passed (0s)
    expect(null).toBeNull() passed (0s)","HomePage","HomePage",,"reference-app-copy","HomePage",
"frontend-javascript-vue:src/test/pages/HomePage.test.js#HomePage deletes the account, clears the session and navigates to login","deletes the account, clears the session and navigates to login","passed","45ms",,,"expect([Function bound ]).toHaveBeenCalledWith(""Delete this account? This cannot be undone."") passed (2ms)
 expect([[""/api/auth/me"",""[Object]""]]).toHaveLength(1) passed (1ms)
  expect({""method"":""DELETE"",""headers"":{""Authorization"":""Bearer valid-token""}}).toMatchObject({""method"":""DELETE"",""headers"":{""Authorization"":""Bearer valid-token""}}) passed (1ms)
   expect(""/login"").toBe(""/login"") passed (0s)
    expect(null).toBeNull() passed (0s)","HomePage","HomePage",,"reference-app-copy","HomePage",
"frontend-typescript-vanilla:src/test/pages/home.test.ts#home page deletes the account, clears the session and navigates to login","deletes the account, clears the session and navigates to login","passed","31ms",,,"expect({}).toBeVisible() passed (3ms)
 expect("""").toBe(""/login"") failed (0s)
  expect(""/login"").toBe(""/login"") passed (0s)
   expect([Function bound ]).toHaveBeenCalledWith(""Delete this account? This cannot be undone."") passed (1ms)
    expect([[""/api/auth/me"",""[Object]""]]).toHaveLength(1) passed (0s)
     expect({""method"":""DELETE"",""headers"":{""Authorization"":""Bearer valid-token""}}).toMatchObject({""method"":""DELETE"",""headers"":{""Authorization"":""Bearer valid-token""}}) passed (1ms)
      expect([]).toHaveLength(0) passed (1ms)
       expect(null).toBeNull() passed (0s)","home page","home page",,"reference-app-copy","home page",
"frontend-javascript-react:src/test/pages/HomePage.test.jsx#HomePage deletes the account, clears the session and navigates to login","deletes the account, clears the session and navigates to login","passed","37ms",,,"expect({""__reactFiber$gkjkeq4kkd5"":{""tag"":5,""key"":null,""elementType"":""div"",""type"":""div"",""stateNode"":""[Circular]"",""return"":""[Object]"",""child"":""[Object]"",""sibling"":null,... <truncated>).toBeInTheDocument() passed (1ms)
 expect([Function bound ]).toHaveBeenCalledWith(""Delete this account? This cannot be undone."") passed (2ms)
  expect([[""/api/auth/me"",""[Object]""]]).toHaveLength(1) passed (1ms)
   expect({""method"":""DELETE"",""headers"":{""Authorization"":""Bearer valid-token""}}).toMatchObject({""method"":""DELETE"",""headers"":{""Authorization"":""Bearer valid-token""}}) passed (1ms)
    expect({""__reactFiber$gkjkeq4kkd5"":{""tag"":5,""key"":null,""elementType"":""div"",""type"":""div"",""stateNode"":""[Circular]"",""return"":""[Object]"",""child"":null,""sibling"":null,""index... <truncated>).toBeInTheDocument() passed (0s)
     expect(null).toBeNull() passed (0s)","HomePage","HomePage",,"reference-app-copy,reference-app-copy","HomePage",
"frontend-typescript-vue:src/test/pages/HomePage.test.ts#HomePage deletes the account, clears the session and navigates to login","deletes the account, clears the session and navigates to login","passed","33ms",,,"expect([Function bound ]).toHaveBeenCalledWith(""Delete this account? This cannot be undone."") passed (2ms)
 expect([[""/api/auth/me"",""[Object]""]]).toHaveLength(1) passed (0s)
  expect({""method"":""DELETE"",""headers"":{""Authorization"":""Bearer valid-token""}}).toMatchObject({""method"":""DELETE"",""headers"":{""Authorization"":""Bearer valid-token""}}) passed (1ms)
   expect(""/login"").toBe(""/login"") passed (0s)
    expect(null).toBeNull() passed (0s)","HomePage","HomePage",,"reference-app-copy","HomePage",
"frontend-typescript-react:src/test/pages/HomePage.test.tsx#HomePage deletes the account, clears the session and navigates to login","deletes the account, clears the session and navigates to login","passed","49ms",,,"expect({""__reactFiber$x75ctkw1a67"":{""tag"":5,""key"":null,""elementType"":""div"",""type"":""div"",""stateNode"":""[Circular]"",""return"":""[Object]"",""child"":""[Object]"",""sibling"":null,... <truncated>).toBeInTheDocument() passed (0s)
 expect([Function bound ]).toHaveBeenCalledWith(""Delete this account? This cannot be undone."") passed (2ms)
  expect([[""/api/auth/me"",""[Object]""]]).toHaveLength(1) passed (1ms)
   expect({""method"":""DELETE"",""headers"":{""Authorization"":""Bearer valid-token""}}).toMatchObject({""method"":""DELETE"",""headers"":{""Authorization"":""Bearer valid-token""}}) passed (1ms)
    expect({""__reactFiber$x75ctkw1a67"":{""tag"":5,""key"":null,""elementType"":""div"",""type"":""div"",""stateNode"":""[Circular]"",""return"":""[Object]"",""child"":null,""sibling"":null,""index... <truncated>).toBeInTheDocument() passed (0s)
     expect(null).toBeNull() passed (0s)","HomePage","HomePage",,"reference-app-copy,reference-app-copy","HomePage",
"frontend-javascript-react:src/test/pages/HomePage.test.jsx#HomePage does not clear session after unmount when profile fetch fails","does not clear session after unmount when profile fetch fails","passed","22ms",,,"expect({""__reactFiber$gkjkeq4kkd5"":{""tag"":5,""key"":null,""elementType"":""div"",""type"":""div"",""stateNode"":""[Circular]"",""return"":""[Object]"",""child"":""[Object]"",""sibling"":null,... <truncated>).toBeInTheDocument() passed (1ms)
 expect({""__reactFiber$gkjkeq4kkd5"":{""tag"":5,""key"":null,""elementType"":""div"",""type"":""div"",""stateNode"":""[Circular]"",""return"":""[Object]"",""child"":""[Object]"",""sibling"":null,... <truncated>).toBeInTheDocument() passed (0s)
  expect(""stale-token"").toBe(""stale-token"") passed (0s)","HomePage","HomePage",,"reference-app-copy,reference-app-copy","HomePage",
"frontend-typescript-react:src/test/pages/HomePage.test.tsx#HomePage does not clear session after unmount when profile fetch fails","does not clear session after unmount when profile fetch fails","passed","28ms",,,"expect({""__reactFiber$x75ctkw1a67"":{""tag"":5,""key"":null,""elementType"":""div"",""type"":""div"",""stateNode"":""[Circular]"",""return"":""[Object]"",""child"":""[Object]"",""sibling"":null,... <truncated>).toBeInTheDocument() passed (0s)
 expect({""__reactFiber$x75ctkw1a67"":{""tag"":5,""key"":null,""elementType"":""div"",""type"":""div"",""stateNode"":""[Circular]"",""return"":""[Object]"",""child"":""[Object]"",""sibling"":null,... <truncated>).toBeInTheDocument() passed (0s)
  expect(""stale-token"").toBe(""stale-token"") passed (1ms)","HomePage","HomePage",,"reference-app-copy,reference-app-copy","HomePage",
"frontend-typescript-vue:src/test/pwa/pwa-register.test.ts#pwa-register controllerchange reload does not reload on first claim (no prior controller)","does not reload on first claim (no prior controller)","passed","4ms",,,"expect([Function Mock]).not.toHaveBeenCalled() passed (0s)","pwa-register controllerchange reload","pwa-register controllerchange reload",,"reference-app-copy","pwa-register controllerchange reload",
"frontend-javascript-vue:src/test/pwa/pwa-register.test.js#pwa-register controllerchange reload does not reload on first claim (no prior controller)","does not reload on first claim (no prior controller)","passed","4ms",,,"expect([Function Mock]).not.toHaveBeenCalled() passed (0s)","pwa-register controllerchange reload","pwa-register controllerchange reload",,"reference-app-copy","pwa-register controllerchange reload",
"frontend-javascript-react:src/test/pwa/pwa-register.test.js#pwa-register controllerchange reload does not reload on first claim (no prior controller)","does not reload on first claim (no prior controller)","passed","6ms",,,"expect([Function Mock]).not.toHaveBeenCalled() passed (1ms)","pwa-register controllerchange reload","pwa-register controllerchange reload",,"reference-app-copy,reference-app-copy","pwa-register controllerchange reload",
"frontend-typescript-react:src/test/pwa/pwa-register.test.ts#pwa-register controllerchange reload does not reload on first claim (no prior controller)","does not reload on first claim (no prior controller)","passed","6ms",,,"expect([Function Mock]).not.toHaveBeenCalled() passed (1ms)","pwa-register controllerchange reload","pwa-register controllerchange reload",,"reference-app-copy,reference-app-copy","pwa-register controllerchange reload",
"tests.e2e.RegisterTests.shouldShowErrorWhenUsernameIsTaken","Duplicate username shows readable error","passed","7s 399ms",,,"Open register page passed (361ms)
 Type username: user1 passed (1s 251ms)
  Type password passed (1s 42ms)
   Type confirm password passed (1s 54ms)
    Submit register form expecting validation or API error passed (1s 52ms)
     Verify error message: Username already taken passed (714ms)",,"Register",,"Authentication","Register",
"dev.reference.app.repository.UserRepositoryTest.duplicateUsernameViolatesUniqueConstraint","duplicate username violates the real unique constraint (V2)","passed","25ms",,,,,"UserRepository on real PostgreSQL,slice",,"Persistence","User repository",
"tests.e2e.LoginEmbedTests.embeddedHeaderIsVisibleOnLoginPage","Embedded header is visible on login page","passed","4s 332ms",,,"Open login page passed (390ms)
 Verify embedded header is mounted passed (457ms)
  Verify login form is mounted passed (1s 223ms)
   Verify form title message: Login Form passed (435ms)",,"Login embed",,"Authentication","Login embed",
"frontend-typescript-vanilla:src/test/lib/header.test.ts#mountHeader embeds the runtime under the product mount","embeds the runtime under the product mount","passed","4ms",,,"expect(""/backend-java-spring/frontend-typescript-vanilla/js/header.js"").toBe(""/backend-java-spring/frontend-typescript-vanilla/js/header.js"") passed (0s)","mountHeader","mountHeader",,"reference-app-copy","mountHeader",
"tests.e2e.LoginTests.shouldShowValidationErrorWhenPasswordIsEmpty","Empty password shows validation error","passed","4s 998ms",,,"Open login page passed (390ms)
 Type username: user1 passed (1s 261ms)
  Submit login form expecting validation error passed (1s 82ms)
   Verify error message: Password is required (minimum 6 characters) passed (430ms)",,"Login",,"Authentication","Login",
"tests.e2e.LoginTests.shouldShowValidationErrorWhenUsernameIsEmpty","Empty username shows validation error","passed","5s 85ms",,,"Open login page passed (350ms)
 Type password passed (1s 293ms)
  Submit login form expecting validation error passed (1s 60ms)
   Verify error message: Login is required (minimum 3 characters) passed (442ms)",,"Login",,"Authentication","Login",
"frontend-javascript-vue:src/test/lib/auth.test.js#validateCredentials enforces login minimum length","enforces login minimum length","passed","1ms",,,"expect(""Login must be at least 3 characters"").toBe(""Login must be at least 3 characters"") passed (0s)","validateCredentials","validateCredentials",,"reference-app-copy","validateCredentials",
"frontend-typescript-react:src/test/lib/auth.test.ts#validateCredentials enforces login minimum length","enforces login minimum length","passed","0s",,,"expect(""Login must be at least 3 characters"").toBe(""Login must be at least 3 characters"") passed (0s)","validateCredentials","validateCredentials",,"reference-app-copy,reference-app-copy","validateCredentials",
"frontend-typescript-vue:src/test/lib/auth.test.ts#validateCredentials enforces login minimum length","enforces login minimum length","passed","1ms",,,"expect(""Login must be at least 3 characters"").toBe(""Login must be at least 3 characters"") passed (0s)","validateCredentials","validateCredentials",,"reference-app-copy","validateCredentials",
"frontend-typescript-vanilla:src/test/lib/auth.test.ts#validateCredentials enforces login minimum length","enforces login minimum length","passed","1ms",,,"expect(""Login must be at least 3 characters"").toBe(""Login must be at least 3 characters"") passed (0s)","validateCredentials","validateCredentials",,"reference-app-copy","validateCredentials",
"frontend-javascript-jquery:src/test/auth.test.js#validateCredentials enforces login minimum length","enforces login minimum length","passed","0s",,,"expect(""Login must be at least 3 characters"").toBe(""Login must be at least 3 characters"") passed (0s)","validateCredentials",,,"reference-app-copy",,
"frontend-javascript-angular:src/test/lib/auth.test.js#validateCredentials enforces login minimum length","enforces login minimum length","passed","1ms",,,"expect(""Login must be at least 3 characters"").toBe(""Login must be at least 3 characters"") passed (0s)","validateCredentials","validateCredentials",,"reference-app-copy","validateCredentials",
"frontend-typescript-angular:src/test/lib/auth.test.ts#validateCredentials enforces login minimum length","enforces login minimum length","passed","1ms",,,"expect(""Login must be at least 3 characters"").toBe(""Login must be at least 3 characters"") passed (0s)","validateCredentials","validateCredentials",,"reference-app-copy","validateCredentials",
"frontend-typescript-jquery:src/test/auth.test.ts#validateCredentials enforces login minimum length","enforces login minimum length","passed","0s",,,"expect(""Login must be at least 3 characters"").toBe(""Login must be at least 3 characters"") passed (0s)","validateCredentials",,,"reference-app-copy",,
"frontend-javascript-react:src/test/lib/auth.test.js#validateCredentials enforces login minimum length","enforces login minimum length","passed","0s",,,"expect(""Login must be at least 3 characters"").toBe(""Login must be at least 3 characters"") passed (0s)","validateCredentials","validateCredentials",,"reference-app-copy,reference-app-copy","validateCredentials",
"frontend-typescript-react:src/test/lib/auth.test.ts#validateCredentials enforces password minimum length","enforces password minimum length","passed","1ms",,,"expect(""Password must be at least 6 characters"").toBe(""Password must be at least 6 characters"") passed (0s)","validateCredentials","validateCredentials",,"reference-app-copy,reference-app-copy","validateCredentials",
"frontend-typescript-vanilla:src/test/lib/auth.test.ts#validateCredentials enforces password minimum length","enforces password minimum length","passed","1ms",,,"expect(""Password must be at least 6 characters"").toBe(""Password must be at least 6 characters"") passed (0s)","validateCredentials","validateCredentials",,"reference-app-copy","validateCredentials",
"frontend-typescript-angular:src/test/lib/auth.test.ts#validateCredentials enforces password minimum length","enforces password minimum length","passed","1ms",,,"expect(""Password must be at least 6 characters"").toBe(""Password must be at least 6 characters"") passed (0s)","validateCredentials","validateCredentials",,"reference-app-copy","validateCredentials",
"frontend-javascript-jquery:src/test/auth.test.js#validateCredentials enforces password minimum length","enforces password minimum length","passed","1ms",,,"expect(""Password must be at least 6 characters"").toBe(""Password must be at least 6 characters"") passed (0s)","validateCredentials",,,"reference-app-copy",,
"frontend-typescript-vue:src/test/lib/auth.test.ts#validateCredentials enforces password minimum length","enforces password minimum length","passed","1ms",,,"expect(""Password must be at least 6 characters"").toBe(""Password must be at least 6 characters"") passed (0s)","validateCredentials","validateCredentials",,"reference-app-copy","validateCredentials",
"frontend-javascript-vue:src/test/lib/auth.test.js#validateCredentials enforces password minimum length","enforces password minimum length","passed","1ms",,,"expect(""Password must be at least 6 characters"").toBe(""Password must be at least 6 characters"") passed (0s)","validateCredentials","validateCredentials",,"reference-app-copy","validateCredentials",
"frontend-javascript-react:src/test/lib/auth.test.js#validateCredentials enforces password minimum length","enforces password minimum length","passed","0s",,,"expect(""Password must be at least 6 characters"").toBe(""Password must be at least 6 characters"") passed (0s)","validateCredentials","validateCredentials",,"reference-app-copy,reference-app-copy","validateCredentials",
"frontend-typescript-jquery:src/test/auth.test.ts#validateCredentials enforces password minimum length","enforces password minimum length","passed","1ms",,,"expect(""Password must be at least 6 characters"").toBe(""Password must be at least 6 characters"") passed (0s)","validateCredentials",,,"reference-app-copy",,
"frontend-javascript-angular:src/test/lib/auth.test.js#validateCredentials enforces password minimum length","enforces password minimum length","passed","1ms",,,"expect(""Password must be at least 6 characters"").toBe(""Password must be at least 6 characters"") passed (0s)","validateCredentials","validateCredentials",,"reference-app-copy","validateCredentials",
"frontend-javascript-jquery:src/test/auth.test.js#window.ReferenceAuth exposes the same surface as the other reference modules","exposes the same surface as the other reference modules","passed","5ms",,,"expect([""AUTH_TOKEN_KEY"",""MIN_LOGIN_LENGTH"",""MIN_PASSWORD_LENGTH"",""clearSession"",""deleteAccount"",""fetchProfile"",""formatMessage"",""getToken"",""login"",""logout"",""register"",... <truncated>).toEqual([""AUTH_TOKEN_KEY"",""MIN_LOGIN_LENGTH"",""MIN_PASSWORD_LENGTH"",""clearSession"",""deleteAccount"",""fetchProfile"",""formatMessage"",""getToken"",""login"",""logout"",""register"",... <truncated>) passed (1ms)","window.ReferenceAuth",,,"reference-app-copy",,
"frontend-typescript-vanilla:src/test/pages/login.test.ts#login page falls back to the mount root when the API sends no redirectUrl","falls back to the mount root when the API sends no redirectUrl","passed","13ms",,,"expect("""").toBe(""/"") failed (0s)
 expect(""/"").toBe(""/"") passed (0s)","login page","login page",,"reference-app-copy","login page",
"frontend-typescript-vanilla:src/test/pages/register.test.ts#register page falls back to the registration failed copy when the API sends no message","falls back to the registration failed copy when the API sends no message","passed","15ms",,,"expect({}).toHaveTextContent(""Request failed"") failed (0s)
 expect({}).toHaveTextContent(""Request failed"") passed (0s)","register page","register page",,"reference-app-copy","register page",
"frontend-typescript-vue:src/test/lib/auth.test.ts#resolveAuthErrorMessage falls back when the error carries nothing usable","falls back when the error carries nothing usable","passed","1ms",,,"expect(""Wrong login or password"").toBe(""Wrong login or password"") passed (0s)","resolveAuthErrorMessage","resolveAuthErrorMessage",,"reference-app-copy","resolveAuthErrorMessage",
"frontend-javascript-angular:src/test/lib/auth.test.js#resolveAuthErrorMessage falls back when the error carries nothing usable","falls back when the error carries nothing usable","passed","1ms",,,"expect(""Wrong login or password"").toBe(""Wrong login or password"") passed (0s)","resolveAuthErrorMessage","resolveAuthErrorMessage",,"reference-app-copy","resolveAuthErrorMessage",
"frontend-typescript-angular:src/test/lib/auth.test.ts#resolveAuthErrorMessage falls back when the error carries nothing usable","falls back when the error carries nothing usable","passed","1ms",,,"expect(""Wrong login or password"").toBe(""Wrong login or password"") passed (0s)","resolveAuthErrorMessage","resolveAuthErrorMessage",,"reference-app-copy","resolveAuthErrorMessage",
"frontend-javascript-vue:src/test/lib/auth.test.js#resolveAuthErrorMessage falls back when the error carries nothing usable","falls back when the error carries nothing usable","passed","1ms",,,"expect(""Wrong login or password"").toBe(""Wrong login or password"") passed (0s)","resolveAuthErrorMessage","resolveAuthErrorMessage",,"reference-app-copy","resolveAuthErrorMessage",
"dev.reference.app.repository.UserRepositoryTest.findByUsernameEmptyForUnknownUser","findByUsername is empty for an unknown user","passed","33ms",,,,,"UserRepository on real PostgreSQL,slice",,"Persistence","User repository",
"dev.reference.app.repository.UserRepositoryTest.findByUsernameReturnsSavedUser","findByUsername returns the saved user with generated id and created_at","passed","13ms",,,,,"UserRepository on real PostgreSQL,slice",,"Persistence","User repository",
"tests.integration.SeedDataIntegrationTests.seededItemsAreReadyAfterDeploy","Flyway seed items Alpha, Beta, Gamma are present in PostgreSQL","passed","531ms",,,,,"Seed data",,"Deploy readiness","Seed data",
"dev.reference.app.controller.AuthControllerTest.meReturnsProfile","GET /api/auth/me returns profile for authenticated user","passed","11ms",,,,,"AuthController,slice",,"Authentication","AuthController",
"tests.api.AuthApiTests.profileWithBearerToken","GET /api/auth/me returns the profile contract for a bearer token","passed","1s 19ms",,,"API: login as user1 passed (548ms)",,"Auth API",,"Authentication","Authentication",
"tests.api.AuthApiTests.profileWithGarbageToken","GET /api/auth/me with a garbage token returns 401","passed","428ms",,,,,"Auth API",,"Authentication","Authentication",
"dev.reference.app.config.SecurityChainTest.meWithRealBearerToken","GET /api/auth/me with a real bearer token passes the filter chain","passed","97ms",,,,,"Security chain with real JWT filter,slice",,"Security","Security chain",
"dev.reference.app.config.SecurityChainTest.meWithTamperedToken","GET /api/auth/me with a tampered token returns 401","passed","9ms",,,,,"Security chain with real JWT filter,slice",,"Security","Security chain",
"dev.reference.app.config.SecurityChainTest.meWithExpiredToken","GET /api/auth/me with an expired token returns 401","passed","221ms",,,,,"Security chain with real JWT filter,slice",,"Security","Security chain",
"tests.api.AuthApiTests.profileWithoutToken","GET /api/auth/me without a token returns 401","passed","459ms",,,,,"Auth API",,"Authentication","Authentication",
"dev.reference.app.controller.AuthControllerTest.meRequiresAuthentication","GET /api/auth/me without token returns 401","passed","13ms",,,,,"AuthController,slice",,"Authentication","AuthController",
"tests.integration.BackendWiringIntegrationTests.healthReportsActiveBackendService","GET /api/health — deployed service is the active backend module, not a neighbour","passed","531ms",,,,,"Backend wiring",,"Wired backend","Health and data source",
"tests.api.ReferenceApiTests.healthMatchesContract","GET /api/health matches the health contract and reports ok","passed","425ms",,,,,"Reference API",,"Home","Health and items",
"dev.reference.app.controller.ApiControllerTest.healthReturnsOk","GET /api/health returns ok","passed","14ms",,,,,"ApiController,slice",,"Home","ApiController",
"tests.integration.BackendWiringIntegrationTests.itemsAreWiredToPostgreSQL","GET /api/items — catalogue is served from PostgreSQL, not a stub or fallback","passed","518ms",,,,,"Backend wiring",,"Wired backend","Health and data source",
"tests.api.ReferenceApiTests.itemsMatchContract","GET /api/items matches the items contract (typed rows, named source)","passed","455ms",,,,,"Reference API",,"Home","Health and items",
"dev.reference.app.controller.ApiControllerTest.itemsReturnsList","GET /api/items returns items from service","passed","19ms",,,,,"ApiController,slice",,"Home","ApiController",
"tests.testinfra.LayoutCssTest.gridColumnCountParsesGridTemplateColumns","gridColumnCount parses grid-template-columns [1] repeat(3, minmax(0, 1fr)), 3","passed","18ms",,,,,"LayoutCss",,"Test harness","Layout CSS",
"tests.testinfra.LayoutCssTest.gridColumnCountParsesGridTemplateColumns","gridColumnCount parses grid-template-columns [2] 603px 603px, 2","passed","2ms",,,,,"LayoutCss",,"Test harness","Layout CSS",
"tests.testinfra.LayoutCssTest.gridColumnCountParsesGridTemplateColumns","gridColumnCount parses grid-template-columns [3] 1fr, 1","passed","2ms",,,,,"LayoutCss",,"Test harness","Layout CSS",
"tests.testinfra.LayoutCssTest.gridColumnCountParsesGridTemplateColumns","gridColumnCount parses grid-template-columns [4] 316px, 1","passed","4ms",,,,,"LayoutCss",,"Test harness","Layout CSS",
"tests.testinfra.LayoutCssTest.gridColumnCountParsesGridTemplateColumns","gridColumnCount parses grid-template-columns [5] none, 0","passed","1ms",,,,,"LayoutCss",,"Test harness","Layout CSS",
"tests.e2e.HomeErrorStateTests.healthApiFailureShowsReadableError","Health API failure shows a readable error in the health panel","skipped","5s 350ms","Assumption failed: WireMock admin API is not exposed on this stand — error injection needs the mock profile","org.opentest4j.TestAbortedException: Assumption failed: WireMock admin API is not exposed on this stand — error injection needs the mock profile
	at org.junit.jupiter.api.Assumptions.throwAssumptionFailed(Assumptions.java:316)
	at org.junit.jupiter.api.Assumptions.assumeTrue(Assumptions.java:115)
	at tests.e2e.HomeErrorStateTests.requireMockStand(HomeErrorStateTests.java:34)
	at java.base/java.lang.reflect.Method.invoke(Method.java:580)
	at io.qameta.allure.jupiter.AllureJupiter.processFixture(AllureJupiter.java:191)
	at io.qameta.allure.jupiter.AllureJupiter.interceptBeforeEachMethod(AllureJupiter.java:147)
	at java.base/java.util.ArrayList.forEach(ArrayList.java:1596)
	at java.base/java.util.ArrayList.forEach(ArrayList.java:1596)
",,,"Home error states (mock)",,"Home","Error states",
"dev.reference.app.service.ItemServiceTest.healthReturnsOk","health returns ok status","passed","1ms",,,,,"ItemService",,"Home","ItemService",
"frontend-javascript-angular:src/test/header-active-nav.test.js#canonical header.js — active nav follows the route highlights Home on mount root","highlights Home on mount root","passed","47ms",,,"expect(3).toBe(3) passed (0s)
 expect(3).toBe(3) passed (0s)
  expect([""header-nav-home""]).toEqual([""header-nav-home""]) passed (0s)
   expect([""header-nav-home""]).toEqual([""header-nav-home""]) passed (0s)","canonical header.js — active nav follows the route","canonical header.js — active nav follows the route",,"reference-app-copy","canonical header.js — active nav follows the route",
"frontend-typescript-react:src/test/header-active-nav.test.ts#canonical header.js — active nav follows the route highlights Home on mount root","highlights Home on mount root","passed","49ms",,,"expect(3).toBe(3) passed (0s)
 expect(3).toBe(3) passed (0s)
  expect([""header-nav-home""]).toEqual([""header-nav-home""]) passed (0s)
   expect([""header-nav-home""]).toEqual([""header-nav-home""]) passed (0s)","canonical header.js — active nav follows the route","canonical header.js — active nav follows the route",,"reference-app-copy,reference-app-copy","canonical header.js — active nav follows the route",
"frontend-typescript-angular:src/test/header-active-nav.test.ts#canonical header.js — active nav follows the route highlights Home on mount root","highlights Home on mount root","passed","37ms",,,"expect(3).toBe(3) passed (0s)
 expect(3).toBe(3) passed (0s)
  expect([""header-nav-home""]).toEqual([""header-nav-home""]) passed (0s)
   expect([""header-nav-home""]).toEqual([""header-nav-home""]) passed (0s)","canonical header.js — active nav follows the route","canonical header.js — active nav follows the route",,"reference-app-copy","canonical header.js — active nav follows the route",
"frontend-typescript-vue:src/test/header-active-nav.test.ts#canonical header.js — active nav follows the route highlights Home on mount root","highlights Home on mount root","passed","35ms",,,"expect(3).toBe(3) passed (1ms)
 expect(3).toBe(3) passed (0s)
  expect([""header-nav-home""]).toEqual([""header-nav-home""]) passed (0s)
   expect([""header-nav-home""]).toEqual([""header-nav-home""]) passed (1ms)","canonical header.js — active nav follows the route","canonical header.js — active nav follows the route",,"reference-app-copy","canonical header.js — active nav follows the route",
"frontend-javascript-react:src/test/header-active-nav.test.js#canonical header.js — active nav follows the route highlights Home on mount root","highlights Home on mount root","passed","29ms",,,"expect(3).toBe(3) passed (0s)
 expect(3).toBe(3) passed (0s)
  expect([""header-nav-home""]).toEqual([""header-nav-home""]) passed (0s)
   expect([""header-nav-home""]).toEqual([""header-nav-home""]) passed (0s)","canonical header.js — active nav follows the route","canonical header.js — active nav follows the route",,"reference-app-copy,reference-app-copy","canonical header.js — active nav follows the route",
"frontend-javascript-vue:src/test/header-active-nav.test.js#canonical header.js — active nav follows the route highlights Home on mount root","highlights Home on mount root","passed","37ms",,,"expect(3).toBe(3) passed (0s)
 expect(3).toBe(3) passed (0s)
  expect([""header-nav-home""]).toEqual([""header-nav-home""]) passed (0s)
   expect([""header-nav-home""]).toEqual([""header-nav-home""]) passed (0s)","canonical header.js — active nav follows the route","canonical header.js — active nav follows the route",,"reference-app-copy","canonical header.js — active nav follows the route",
"frontend-typescript-vue:src/test/header-active-nav.test.ts#canonical header.js — active nav follows the route highlights Login on a direct /login load","highlights Login on a direct /login load","passed","163ms",,,"expect(3).toBe(3) passed (1ms)
 expect(3).toBe(3) passed (0s)
  expect([""header-nav-login""]).toEqual([""header-nav-login""]) passed (1ms)
   expect([""header-nav-login""]).toEqual([""header-nav-login""]) passed (0s)","canonical header.js — active nav follows the route","canonical header.js — active nav follows the route",,"reference-app-copy","canonical header.js — active nav follows the route",
"frontend-typescript-angular:src/test/header-active-nav.test.ts#canonical header.js — active nav follows the route highlights Login on a direct /login load","highlights Login on a direct /login load","passed","181ms",,,"expect(3).toBe(3) passed (1ms)
 expect(3).toBe(3) passed (0s)
  expect([""header-nav-login""]).toEqual([""header-nav-login""]) passed (1ms)
   expect([""header-nav-login""]).toEqual([""header-nav-login""]) passed (0s)","canonical header.js — active nav follows the route","canonical header.js — active nav follows the route",,"reference-app-copy","canonical header.js — active nav follows the route",
"frontend-typescript-react:src/test/header-active-nav.test.ts#canonical header.js — active nav follows the route highlights Login on a direct /login load","highlights Login on a direct /login load","passed","265ms",,,"expect(3).toBe(3) passed (1ms)
 expect(3).toBe(3) passed (0s)
  expect([""header-nav-login""]).toEqual([""header-nav-login""]) passed (1ms)
   expect([""header-nav-login""]).toEqual([""header-nav-login""]) passed (0s)","canonical header.js — active nav follows the route","canonical header.js — active nav follows the route",,"reference-app-copy,reference-app-copy","canonical header.js — active nav follows the route",
"frontend-javascript-angular:src/test/header-active-nav.test.js#canonical header.js — active nav follows the route highlights Login on a direct /login load","highlights Login on a direct /login load","passed","188ms",,,"expect(3).toBe(3) passed (1ms)
 expect(3).toBe(3) passed (0s)
  expect([""header-nav-login""]).toEqual([""header-nav-login""]) passed (1ms)
   expect([""header-nav-login""]).toEqual([""header-nav-login""]) passed (0s)","canonical header.js — active nav follows the route","canonical header.js — active nav follows the route",,"reference-app-copy","canonical header.js — active nav follows the route",
"frontend-javascript-react:src/test/header-active-nav.test.js#canonical header.js — active nav follows the route highlights Login on a direct /login load","highlights Login on a direct /login load","passed","211ms",,,"expect(3).toBe(3) passed (0s)
 expect(3).toBe(3) passed (0s)
  expect([""header-nav-login""]).toEqual([""header-nav-login""]) passed (0s)
   expect([""header-nav-login""]).toEqual([""header-nav-login""]) passed (0s)","canonical header.js — active nav follows the route","canonical header.js — active nav follows the route",,"reference-app-copy,reference-app-copy","canonical header.js — active nav follows the route",
"frontend-javascript-vue:src/test/header-active-nav.test.js#canonical header.js — active nav follows the route highlights Login on a direct /login load","highlights Login on a direct /login load","passed","224ms",,,"expect(3).toBe(3) passed (0s)
 expect(3).toBe(3) passed (0s)
  expect([""header-nav-login""]).toEqual([""header-nav-login""]) passed (1ms)
   expect([""header-nav-login""]).toEqual([""header-nav-login""]) passed (0s)","canonical header.js — active nav follows the route","canonical header.js — active nav follows the route",,"reference-app-copy","canonical header.js — active nav follows the route",
"frontend-javascript-react:src/test/header-active-nav.test.js#canonical header.js — active nav follows the route highlights Register on a direct /register load","highlights Register on a direct /register load","passed","46ms",,,"expect(3).toBe(3) passed (0s)
 expect(3).toBe(3) passed (0s)
  expect([""header-nav-register""]).toEqual([""header-nav-register""]) passed (0s)
   expect([""header-nav-register""]).toEqual([""header-nav-register""]) passed (0s)","canonical header.js — active nav follows the route","canonical header.js — active nav follows the route",,"reference-app-copy,reference-app-copy","canonical header.js — active nav follows the route",
"frontend-javascript-vue:src/test/header-active-nav.test.js#canonical header.js — active nav follows the route highlights Register on a direct /register load","highlights Register on a direct /register load","passed","48ms",,,"expect(3).toBe(3) passed (0s)
 expect(3).toBe(3) passed (0s)
  expect([""header-nav-register""]).toEqual([""header-nav-register""]) passed (0s)
   expect([""header-nav-register""]).toEqual([""header-nav-register""]) passed (0s)","canonical header.js — active nav follows the route","canonical header.js — active nav follows the route",,"reference-app-copy","canonical header.js — active nav follows the route",
"frontend-typescript-react:src/test/header-active-nav.test.ts#canonical header.js — active nav follows the route highlights Register on a direct /register load","highlights Register on a direct /register load","passed","70ms",,,"expect(3).toBe(3) passed (0s)
 expect(3).toBe(3) passed (0s)
  expect([""header-nav-register""]).toEqual([""header-nav-register""]) passed (0s)
   expect([""header-nav-register""]).toEqual([""header-nav-register""]) passed (0s)","canonical header.js — active nav follows the route","canonical header.js — active nav follows the route",,"reference-app-copy,reference-app-copy","canonical header.js — active nav follows the route",
"frontend-typescript-vue:src/test/header-active-nav.test.ts#canonical header.js — active nav follows the route highlights Register on a direct /register load","highlights Register on a direct /register load","passed","46ms",,,"expect(3).toBe(3) passed (0s)
 expect(3).toBe(3) passed (0s)
  expect([""header-nav-register""]).toEqual([""header-nav-register""]) passed (0s)
   expect([""header-nav-register""]).toEqual([""header-nav-register""]) passed (0s)","canonical header.js — active nav follows the route","canonical header.js — active nav follows the route",,"reference-app-copy","canonical header.js — active nav follows the route",
"frontend-javascript-angular:src/test/header-active-nav.test.js#canonical header.js — active nav follows the route highlights Register on a direct /register load","highlights Register on a direct /register load","passed","47ms",,,"expect(3).toBe(3) passed (0s)
 expect(3).toBe(3) passed (0s)
  expect([""header-nav-register""]).toEqual([""header-nav-register""]) passed (0s)
   expect([""header-nav-register""]).toEqual([""header-nav-register""]) passed (0s)","canonical header.js — active nav follows the route","canonical header.js — active nav follows the route",,"reference-app-copy","canonical header.js — active nav follows the route",
"frontend-typescript-angular:src/test/header-active-nav.test.ts#canonical header.js — active nav follows the route highlights Register on a direct /register load","highlights Register on a direct /register load","passed","43ms",,,"expect(3).toBe(3) passed (0s)
 expect(3).toBe(3) passed (0s)
  expect([""header-nav-register""]).toEqual([""header-nav-register""]) passed (0s)
   expect([""header-nav-register""]).toEqual([""header-nav-register""]) passed (0s)","canonical header.js — active nav follows the route","canonical header.js — active nav follows the route",,"reference-app-copy","canonical header.js — active nav follows the route",
"frontend-javascript-angular:src/test/header-active-nav.test.js#canonical header.js — mobile burger menu highlights the active route in menu nav links","highlights the active route in menu nav links","passed","31ms",,,"expect(3).toBe(3) passed (0s)
 expect(3).toBe(3) passed (0s)
  expect([""header-menu-nav-login""]).toEqual([""header-menu-nav-login""]) passed (0s)","canonical header.js — mobile burger menu","canonical header.js — mobile burger menu",,"reference-app-copy","canonical header.js — mobile burger menu",
"frontend-typescript-vue:src/test/header-active-nav.test.ts#canonical header.js — mobile burger menu highlights the active route in menu nav links","highlights the active route in menu nav links","passed","30ms",,,"expect(3).toBe(3) passed (0s)
 expect(3).toBe(3) passed (0s)
  expect([""header-menu-nav-login""]).toEqual([""header-menu-nav-login""]) passed (0s)","canonical header.js — mobile burger menu","canonical header.js — mobile burger menu",,"reference-app-copy","canonical header.js — mobile burger menu",
"frontend-javascript-vue:src/test/header-active-nav.test.js#canonical header.js — mobile burger menu highlights the active route in menu nav links","highlights the active route in menu nav links","passed","28ms",,,"expect(3).toBe(3) passed (0s)
 expect(3).toBe(3) passed (0s)
  expect([""header-menu-nav-login""]).toEqual([""header-menu-nav-login""]) passed (0s)","canonical header.js — mobile burger menu","canonical header.js — mobile burger menu",,"reference-app-copy","canonical header.js — mobile burger menu",
"frontend-typescript-react:src/test/header-active-nav.test.ts#canonical header.js — mobile burger menu highlights the active route in menu nav links","highlights the active route in menu nav links","passed","50ms",,,"expect(3).toBe(3) passed (0s)
 expect(3).toBe(3) passed (0s)
  expect([""header-menu-nav-login""]).toEqual([""header-menu-nav-login""]) passed (0s)","canonical header.js — mobile burger menu","canonical header.js — mobile burger menu",,"reference-app-copy,reference-app-copy","canonical header.js — mobile burger menu",
"frontend-javascript-react:src/test/header-active-nav.test.js#canonical header.js — mobile burger menu highlights the active route in menu nav links","highlights the active route in menu nav links","passed","26ms",,,"expect(3).toBe(3) passed (0s)
 expect(3).toBe(3) passed (0s)
  expect([""header-menu-nav-login""]).toEqual([""header-menu-nav-login""]) passed (0s)","canonical header.js — mobile burger menu","canonical header.js — mobile burger menu",,"reference-app-copy,reference-app-copy","canonical header.js — mobile burger menu",
"frontend-typescript-angular:src/test/header-active-nav.test.ts#canonical header.js — mobile burger menu highlights the active route in menu nav links","highlights the active route in menu nav links","passed","25ms",,,"expect(3).toBe(3) passed (0s)
 expect(3).toBe(3) passed (0s)
  expect([""header-menu-nav-login""]).toEqual([""header-menu-nav-login""]) passed (0s)","canonical header.js — mobile burger menu","canonical header.js — mobile burger menu",,"reference-app-copy","canonical header.js — mobile burger menu",
"tests.e2e.HomeLayoutTests.homeLayoutIsMounted","Home shows embedded header and reference layout","passed","3s 492ms",,,"Open home page passed (497ms)
 Verify embedded header is mounted passed (506ms)
  Verify home layout is mounted passed (573ms)",,"Home layout mount",,"Home","Home layout",
"dev.reference.app.config.JwtAuthFilterTest.ignoresInvalidBearerToken","ignores invalid bearer token","passed","5ms",,,,,"JwtAuthFilter",,"Authentication","JWT filter",
"dev.reference.app.config.JwtAuthFilterTest.ignoresNonBearerAuthorizationHeader","ignores non-bearer authorization header","passed","4ms",,,,,"JwtAuthFilter",,"Authentication","JWT filter",
"frontend-javascript-angular:src/test/app.component.test.js#AppComponent injects the header runtime script from the mount exactly once","injects the header runtime script from the mount exactly once","passed","14ms",,,"expect({""0"":{}}).toHaveLength(1) passed (1ms)
 expect(""module"").toBe(""module"") passed (0s)
  expect(""/js/header.js"").toBe(""/js/header.js"") passed (0s)","AppComponent","AppComponent",,"reference-app-copy","AppComponent",
"dev.reference.app.repository.FlywayMigrationTest.insertAssignsIdentityId","insert into the migrated schema assigns an identity id","passed","52ms",,,,,"Flyway schema on real PostgreSQL,slice",,"Persistence","Flyway schema",
"tests.e2e.SessionTests.invalidTokenClearsSession","Invalid token clears session and hides welcome","passed","4s 102ms",,,"Open home page with invalid local storage token passed (975ms)
 Verify home layout is mounted passed (741ms)
  Verify welcome panel stays hidden passed (303ms)
   Verify auth token was cleared from localStorage passed (277ms)",,"Session",,"Authentication","Session",
"dev.reference.app.service.JwtServiceTest.isValidRejectsExpiredToken","isValid rejects expired token","passed","5ms",,,,,"JwtService",,"Authentication","JWT",
"dev.reference.app.service.JwtServiceTest.isValidRejectsMalformedToken","isValid rejects malformed token","passed","1ms",,,,,"JwtService",,"Authentication","JWT",
"dev.reference.app.service.JwtServiceTest.isValidRejectsTamperedToken","isValid rejects tampered token","passed","2ms",,,,,"JwtService",,"Authentication","JWT",
"tests.e2e.HomeErrorStateTests.itemsApiFailureShowsReadableError","Items API failure shows a readable error, not a blank page","skipped","2s 174ms","Assumption failed: WireMock admin API is not exposed on this stand — error injection needs the mock profile","org.opentest4j.TestAbortedException: Assumption failed: WireMock admin API is not exposed on this stand — error injection needs the mock profile
	at org.junit.jupiter.api.Assumptions.throwAssumptionFailed(Assumptions.java:316)
	at org.junit.jupiter.api.Assumptions.assumeTrue(Assumptions.java:115)
	at tests.e2e.HomeErrorStateTests.requireMockStand(HomeErrorStateTests.java:34)
	at java.base/java.lang.reflect.Method.invoke(Method.java:580)
	at io.qameta.allure.jupiter.AllureJupiter.processFixture(AllureJupiter.java:191)
	at io.qameta.allure.jupiter.AllureJupiter.interceptBeforeEachMethod(AllureJupiter.java:147)
	at java.base/java.util.ArrayList.forEach(ArrayList.java:1596)
	at java.base/java.util.ArrayList.forEach(ArrayList.java:1596)
",,,"Home error states (mock)",,"Home","Error states",
"frontend-typescript-react:src/test/lib/appBase.test.ts#appBase — mount precedence keeps a bare product mount when there is no backend prefix","keeps a bare product mount when there is no backend prefix","passed","2ms",,,"expect(""/frontend-typescript-react"").toBe(""/frontend-typescript-react"") passed (0s)
 expect(null).toBeNull() passed (0s)
  expect(""authToken"").toBe(""authToken"") passed (0s)
   expect(""/frontend-typescript-react/js/header.js"").toBe(""/frontend-typescript-react/js/header.js"") passed (1ms)
    expect(""/api/health"").toBe(""/api/health"") passed (0s)","appBase — mount precedence","appBase — mount precedence",,"reference-app-copy,reference-app-copy","appBase — mount precedence",
"frontend-javascript-angular:src/test/lib/app-base.test.js#app-base — mount precedence keeps a bare product mount when there is no backend prefix","keeps a bare product mount when there is no backend prefix","passed","3ms",,,"expect(""/frontend-javascript-angular"").toBe(""/frontend-javascript-angular"") passed (0s)
 expect(null).toBeNull() passed (0s)
  expect(""authToken"").toBe(""authToken"") passed (0s)
   expect(""/frontend-javascript-angular/js/header.js"").toBe(""/frontend-javascript-angular/js/header.js"") passed (0s)
    expect(""/api/health"").toBe(""/api/health"") passed (0s)","app-base — mount precedence","app-base — mount precedence",,"reference-app-copy","app-base — mount precedence",
"frontend-typescript-jquery:src/test/appBase.test.ts#appBase — mount precedence keeps a bare product mount when there is no backend prefix","keeps a bare product mount when there is no backend prefix","passed","2ms",,,"expect(""/frontend-typescript-jquery"").toBe(""/frontend-typescript-jquery"") passed (0s)
 expect(null).toBeNull() passed (0s)
  expect(""authToken"").toBe(""authToken"") passed (0s)
   expect(""/frontend-typescript-jquery/js/header.js"").toBe(""/frontend-typescript-jquery/js/header.js"") passed (0s)
    expect(""/api/health"").toBe(""/api/health"") passed (0s)","appBase — mount precedence",,,"reference-app-copy",,
"frontend-javascript-react:src/test/lib/appBase.test.js#appBase — mount precedence keeps a bare product mount when there is no backend prefix","keeps a bare product mount when there is no backend prefix","passed","2ms",,,"expect(""/frontend-javascript-react"").toBe(""/frontend-javascript-react"") passed (0s)
 expect(null).toBeNull() passed (0s)
  expect(""authToken"").toBe(""authToken"") passed (0s)
   expect(""/frontend-javascript-react/js/header.js"").toBe(""/frontend-javascript-react/js/header.js"") passed (0s)
    expect(""/api/health"").toBe(""/api/health"") passed (0s)","appBase — mount precedence","appBase — mount precedence",,"reference-app-copy,reference-app-copy","appBase — mount precedence",
"frontend-typescript-angular:src/test/lib/app-base.test.ts#appBase — mount precedence keeps a bare product mount when there is no backend prefix","keeps a bare product mount when there is no backend prefix","passed","2ms",,,"expect(""/frontend-typescript-angular"").toBe(""/frontend-typescript-angular"") passed (0s)
 expect(null).toBeNull() passed (0s)
  expect(""authToken"").toBe(""authToken"") passed (0s)
   expect(""/frontend-typescript-angular/js/header.js"").toBe(""/frontend-typescript-angular/js/header.js"") passed (0s)
    expect(""/api/health"").toBe(""/api/health"") passed (0s)","appBase — mount precedence","appBase — mount precedence",,"reference-app-copy","appBase — mount precedence",
"frontend-typescript-react:src/test/header-active-nav.test.ts#canonical header.js — active nav follows the route keeps aria-current on exactly one item after navigation","keeps aria-current on exactly one item after navigation","passed","56ms",,,"expect(3).toBe(3) passed (0s)
 expect(3).toBe(3) passed (0s)
  expect([""header-nav-register""]).toEqual([""header-nav-register""]) passed (0s)","canonical header.js — active nav follows the route","canonical header.js — active nav follows the route",,"reference-app-copy,reference-app-copy","canonical header.js — active nav follows the route",
"frontend-typescript-angular:src/test/header-active-nav.test.ts#canonical header.js — active nav follows the route keeps aria-current on exactly one item after navigation","keeps aria-current on exactly one item after navigation","passed","24ms",,,"expect(3).toBe(3) passed (0s)
 expect(3).toBe(3) passed (0s)
  expect([""header-nav-register""]).toEqual([""header-nav-register""]) passed (0s)","canonical header.js — active nav follows the route","canonical header.js — active nav follows the route",,"reference-app-copy","canonical header.js — active nav follows the route",
"frontend-javascript-vue:src/test/header-active-nav.test.js#canonical header.js — active nav follows the route keeps aria-current on exactly one item after navigation","keeps aria-current on exactly one item after navigation","passed","29ms",,,"expect(3).toBe(3) passed (0s)
 expect(3).toBe(3) passed (0s)
  expect([""header-nav-register""]).toEqual([""header-nav-register""]) passed (0s)","canonical header.js — active nav follows the route","canonical header.js — active nav follows the route",,"reference-app-copy","canonical header.js — active nav follows the route",
"frontend-typescript-vue:src/test/header-active-nav.test.ts#canonical header.js — active nav follows the route keeps aria-current on exactly one item after navigation","keeps aria-current on exactly one item after navigation","passed","25ms",,,"expect(3).toBe(3) passed (0s)
 expect(3).toBe(3) passed (0s)
  expect([""header-nav-register""]).toEqual([""header-nav-register""]) passed (1ms)","canonical header.js — active nav follows the route","canonical header.js — active nav follows the route",,"reference-app-copy","canonical header.js — active nav follows the route",
"frontend-javascript-react:src/test/header-active-nav.test.js#canonical header.js — active nav follows the route keeps aria-current on exactly one item after navigation","keeps aria-current on exactly one item after navigation","passed","28ms",,,"expect(3).toBe(3) passed (0s)
 expect(3).toBe(3) passed (0s)
  expect([""header-nav-register""]).toEqual([""header-nav-register""]) passed (0s)","canonical header.js — active nav follows the route","canonical header.js — active nav follows the route",,"reference-app-copy,reference-app-copy","canonical header.js — active nav follows the route",
"frontend-typescript-vanilla:src/test/pages/home.test.ts#home page keeps the session panel hidden without a session token","keeps the session panel hidden without a session token","passed","170ms",,,"expect({}).toBeInTheDocument() passed (0s)
 expect({}).not.toBeVisible() passed (135ms)
  expect([]).toHaveLength(0) passed (2ms)","home page","home page",,"reference-app-copy","home page",
"frontend-typescript-jquery:src/test/home.test.ts#home keeps the session panel hidden without a session token","keeps the session panel hidden without a session token","passed","62ms",,,"expect(null).not.toBeNull() failed (1ms)
 expect({}).not.toBeNull() passed (0s)
  expect({""0"":{},""length"":1,""prevObject"":{""0"":""[Object]"",""length"":1}}).toHaveLength(1) passed (0s)
   expect(true).toBe(true) passed (0s)
    expect([]).toHaveLength(0) passed (0s)","home",,,"reference-app-copy",,
"frontend-javascript-vue:src/test/pages/HomePage.test.js#HomePage keeps the welcome panel hidden without a session token","keeps the welcome panel hidden without a session token","passed","181ms",,,"expect({}).toBeInTheDocument() passed (0s)
 expect({}).not.toBeVisible() passed (144ms)","HomePage","HomePage",,"reference-app-copy","HomePage",
"frontend-javascript-angular:src/test/pages/home.component.test.js#HomeComponent keeps the welcome panel hidden without a session token","keeps the welcome panel hidden without a session token","passed","140ms",,,"expect({""__ngContext__"":93}).toBeInTheDocument() passed (0s)
 expect({""__ngContext__"":80}).not.toBeVisible() passed (118ms)","HomeComponent","HomeComponent",,"reference-app-copy","HomeComponent",
"frontend-typescript-vue:src/test/pages/HomePage.test.ts#HomePage keeps the welcome panel hidden without a session token","keeps the welcome panel hidden without a session token","passed","159ms",,,"expect({}).toBeInTheDocument() passed (0s)
 expect({}).not.toBeVisible() passed (132ms)","HomePage","HomePage",,"reference-app-copy","HomePage",
"frontend-typescript-react:src/test/pages/HomePage.test.tsx#HomePage keeps the welcome panel hidden without a session token","keeps the welcome panel hidden without a session token","passed","226ms",,,"expect({""__reactFiber$x75ctkw1a67"":{""tag"":5,""key"":null,""elementType"":""div"",""type"":""div"",""stateNode"":""[Circular]"",""return"":""[Object]"",""child"":""[Object]"",""sibling"":null,... <truncated>).toBeInTheDocument() passed (0s)
 expect({""__reactFiber$x75ctkw1a67"":{""tag"":5,""key"":null,""elementType"":""div"",""type"":""div"",""stateNode"":""[Circular]"",""return"":""[Object]"",""child"":""[Object]"",""sibling"":null,... <truncated>).not.toBeVisible() passed (175ms)
  expect({""__reactFiber$x75ctkw1a67"":{""tag"":5,""key"":null,""elementType"":""div"",""type"":""div"",""stateNode"":""[Circular]"",""return"":""[Object]"",""child"":""[Object]"",""sibling"":null,... <truncated>).toBeInTheDocument() passed (0s)","HomePage","HomePage",,"reference-app-copy,reference-app-copy","HomePage",
"frontend-javascript-react:src/test/pages/HomePage.test.jsx#HomePage keeps the welcome panel hidden without a session token","keeps the welcome panel hidden without a session token","passed","188ms",,,"expect({""__reactFiber$gkjkeq4kkd5"":{""tag"":5,""key"":null,""elementType"":""div"",""type"":""div"",""stateNode"":""[Circular]"",""return"":""[Object]"",""child"":""[Object]"",""sibling"":null,... <truncated>).toBeInTheDocument() passed (0s)
 expect({""__reactFiber$gkjkeq4kkd5"":{""tag"":5,""key"":null,""elementType"":""div"",""type"":""div"",""stateNode"":""[Circular]"",""return"":""[Object]"",""child"":""[Object]"",""sibling"":null,... <truncated>).not.toBeVisible() passed (148ms)
  expect({""__reactFiber$gkjkeq4kkd5"":{""tag"":5,""key"":null,""elementType"":""div"",""type"":""div"",""stateNode"":""[Circular]"",""return"":""[Object]"",""child"":""[Object]"",""sibling"":null,... <truncated>).toBeInTheDocument() passed (1ms)","HomePage","HomePage",,"reference-app-copy,reference-app-copy","HomePage",
"frontend-javascript-jquery:src/test/home.test.js#home page keeps the welcome panel hidden without a session token","keeps the welcome panel hidden without a session token","passed","158ms",,,"expect({}).toBeInTheDocument() passed (0s)
 expect({}).not.toBeVisible() passed (132ms)
  expect([""/api/health"",""/api/items""]).not.toContain(""/api/auth/me"") passed (1ms)","home page",,,"reference-app-copy",,
"frontend-typescript-angular:src/test/pages/home.component.test.ts#HomePage keeps the welcome panel hidden without a session token","keeps the welcome panel hidden without a session token","passed","164ms",,,"expect({""__ngContext__"":31}).toBeInTheDocument() passed (0s)
 expect({""__ngContext__"":20}).not.toBeVisible() passed (123ms)","HomePage","HomePage",,"reference-app-copy","HomePage",
"frontend-javascript-jquery:src/test/auth.test.js#window.ReferenceAuth keys the token by backend only when a backend prefix is mounted","keys the token by backend only when a backend prefix is mounted","passed","1ms",,,"expect(""authToken"").toBe(""authToken"") passed (0s)
 expect(""/api"").toBe(""/api"") passed (0s)
  expect(""frontend-javascript-jquery"").toBe(""frontend-javascript-jquery"") passed (0s)","window.ReferenceAuth",,,"reference-app-copy",,
"dev.reference.app.service.ItemServiceTest.listItemsMapsRows","listItems maps repository rows to DTOs ordered by id","passed","98ms",,,,,"ItemService",,"Home","ItemService",
"dev.reference.app.service.ItemServiceTest.listItemsReturnsEmptyWhenNoRows","listItems returns empty list when repository is empty","passed","2ms",,,,,"ItemService",,"Home","ItemService",
"tests.e2e.LoginFormTests.loginFormIsMounted","Login form fields and submit are visible","passed","3s 853ms",,,"Open login page passed (362ms)
 Verify login form is mounted passed (1s 306ms)
  Verify form title message: Login Form passed (435ms)",,"Login form mount",,"Authentication","Login form",
"frontend-typescript-vanilla:src/test/lib/auth.test.ts#network failures login maps a failed fetch to the network error copy","login maps a failed fetch to the network error copy","passed","4ms",,,"expect({""name"":""Error"",""message"":""""}).toMatchObject({""network"":true}) passed (1ms)
 expect(""Network error. Check your connection and try again."").toBe(""Network error. Check your connection and try again."") passed (0s)","network failures","network failures",,"reference-app-copy","network failures",
"frontend-typescript-jquery:src/test/auth.test.ts#network failures login maps a failed fetch to the network error copy","login maps a failed fetch to the network error copy","passed","4ms",,,"expect({""name"":""Error"",""message"":""""}).toMatchObject({""network"":true}) passed (2ms)
 expect(""Network error. Check your connection and try again."").toBe(""Network error. Check your connection and try again."") passed (0s)","network failures",,,"reference-app-copy",,
"frontend-javascript-react:src/test/lib/auth.test.js#network failures login maps a failed fetch to the network error copy","login maps a failed fetch to the network error copy","passed","3ms",,,"expect({""name"":""Error"",""message"":""""}).toMatchObject({""network"":true}) passed (1ms)
 expect(""Network error. Check your connection and try again."").toBe(""Network error. Check your connection and try again."") passed (0s)","network failures","network failures",,"reference-app-copy,reference-app-copy","network failures",
"frontend-javascript-jquery:src/test/auth.test.js#network failures login maps a failed fetch to the network error copy","login maps a failed fetch to the network error copy","passed","3ms",,,"expect({""name"":""Error"",""message"":""""}).toMatchObject({""network"":true}) passed (1ms)
 expect(""Network error. Check your connection and try again."").toBe(""Network error. Check your connection and try again."") passed (0s)","network failures",,,"reference-app-copy",,
"frontend-typescript-react:src/test/lib/auth.test.ts#network failures login maps a failed fetch to the network error copy","login maps a failed fetch to the network error copy","passed","5ms",,,"expect({""name"":""Error"",""message"":""""}).toMatchObject({""network"":true}) passed (2ms)
 expect(""Network error. Check your connection and try again."").toBe(""Network error. Check your connection and try again."") passed (0s)","network failures","network failures",,"reference-app-copy,reference-app-copy","network failures",
"dev.reference.app.service.AuthServiceTest.loginUnknownUser","login rejects unknown username","passed","2ms",,,,,"AuthService",,"Authentication","AuthService",
"dev.reference.app.service.AuthServiceTest.loginWrongPassword","login rejects wrong password","passed","4ms",,,,,"AuthService",,"Authentication","AuthService",
"dev.reference.app.service.AuthServiceTest.loginWithValidCredentials","login returns token for valid credentials","passed","3ms",,,,,"AuthService",,"Authentication","AuthService",
"frontend-javascript-vue:src/test/lib/auth.test.js#session teardown logout clears the stored token even when the API call fails","logout clears the stored token even when the API call fails","passed","3ms",,,"expect(null).toBeNull() passed (1ms)
 expect(null).toBeNull() passed (0s)","session teardown","session teardown",,"reference-app-copy","session teardown",
"frontend-typescript-react:src/test/lib/auth.test.ts#network failures logout clears the stored token even when the API call fails","logout clears the stored token even when the API call fails","passed","2ms",,,"expect(null).toBeNull() passed (0s)
 expect(null).toBeNull() passed (0s)","network failures","network failures",,"reference-app-copy,reference-app-copy","network failures",
"frontend-javascript-angular:src/test/lib/auth.test.js#session teardown logout clears the stored token even when the API call fails","logout clears the stored token even when the API call fails","passed","2ms",,,"expect(null).toBeNull() passed (0s)
 expect(null).toBeNull() passed (0s)","session teardown","session teardown",,"reference-app-copy","session teardown",
"frontend-typescript-vanilla:src/test/lib/auth.test.ts#network failures logout clears the stored token even when the API call fails","logout clears the stored token even when the API call fails","passed","2ms",,,"expect(null).toBeNull() passed (0s)
 expect(null).toBeNull() passed (0s)","network failures","network failures",,"reference-app-copy","network failures",
"frontend-typescript-angular:src/test/lib/auth.test.ts#session teardown logout clears the stored token even when the API call fails","logout clears the stored token even when the API call fails","passed","3ms",,,"expect(null).toBeNull() passed (0s)
 expect(null).toBeNull() passed (0s)","session teardown","session teardown",,"reference-app-copy","session teardown",
"frontend-typescript-vue:src/test/lib/auth.test.ts#session teardown logout clears the stored token even when the API call fails","logout clears the stored token even when the API call fails","passed","3ms",,,"expect(null).toBeNull() passed (1ms)
 expect(null).toBeNull() passed (0s)","session teardown","session teardown",,"reference-app-copy","session teardown",
"frontend-typescript-jquery:src/test/auth.test.ts#network failures logout clears the stored token even when the API call fails","logout clears the stored token even when the API call fails","passed","3ms",,,"expect(null).toBeNull() passed (0s)
 expect(null).toBeNull() passed (0s)","network failures",,,"reference-app-copy",,
"frontend-javascript-jquery:src/test/auth.test.js#network failures logout clears the stored token even when the API call fails","logout clears the stored token even when the API call fails","passed","1ms",,,"expect(null).toBeNull() passed (0s)
 expect(null).toBeNull() passed (0s)","network failures",,,"reference-app-copy",,
"frontend-javascript-react:src/test/lib/auth.test.js#network failures logout clears the stored token even when the API call fails","logout clears the stored token even when the API call fails","passed","3ms",,,"expect(null).toBeNull() passed (0s)
 expect(null).toBeNull() passed (1ms)","network failures","network failures",,"reference-app-copy,reference-app-copy","network failures",
"frontend-javascript-jquery:src/test/auth.test.js#network failures logout posts the bearer token and clears the session","logout posts the bearer token and clears the session","passed","2ms",,,"expect([Function Mock]).toHaveBeenCalledWith(""/api/auth/logout"", {""method"":""POST"",""headers"":{""Authorization"":""Bearer token-123""}}) passed (1ms)
 expect(null).toBeNull() passed (0s)","network failures",,,"reference-app-copy",,
"frontend-typescript-vanilla:src/test/lib/auth.test.ts#network failures logout posts to the logout endpoint with the bearer token","logout posts to the logout endpoint with the bearer token","passed","2ms",,,"expect([Function Mock]).toHaveBeenCalledWith(""/api/auth/logout"", {""method"":""POST"",""headers"":{""Authorization"":""Bearer token-123""}}) passed (1ms)
 expect(null).toBeNull() passed (0s)","network failures","network failures",,"reference-app-copy","network failures",
"frontend-typescript-react:src/test/lib/auth.test.ts#network failures logout sends POST /auth/logout with the bearer token","logout sends POST /auth/logout with the bearer token","passed","3ms",,,"expect([Function Mock]).toHaveBeenCalledTimes(1) passed (0s)
 expect([Function Mock]).toHaveBeenCalledWith(""/api/auth/logout"", {""method"":""POST"",""headers"":{""Authorization"":""Bearer token-123""}}) passed (2ms)
  expect(null).toBeNull() passed (0s)","network failures","network failures",,"reference-app-copy,reference-app-copy","network failures",
"frontend-typescript-jquery:src/test/auth.test.ts#network failures logout sends POST /auth/logout with the bearer token","logout sends POST /auth/logout with the bearer token","passed","3ms",,,"expect([Function Mock]).toHaveBeenCalledTimes(1) passed (0s)
 expect([Function Mock]).toHaveBeenCalledWith(""/api/auth/logout"", {""method"":""POST"",""headers"":{""Authorization"":""Bearer token-123""}}) passed (1ms)
  expect(null).toBeNull() passed (1ms)","network failures",,,"reference-app-copy",,
"frontend-javascript-angular:src/test/lib/auth.test.js#session teardown logout sends POST /auth/logout with the bearer token","logout sends POST /auth/logout with the bearer token","passed","3ms",,,"expect([Function Mock]).toHaveBeenCalledTimes(1) passed (0s)
 expect([Function Mock]).toHaveBeenCalledWith(""/api/auth/logout"", {""method"":""POST"",""headers"":{""Authorization"":""Bearer token-123""}}) passed (2ms)
  expect(null).toBeNull() passed (0s)","session teardown","session teardown",,"reference-app-copy","session teardown",
"frontend-javascript-vue:src/test/lib/auth.test.js#session teardown logout sends POST /auth/logout with the bearer token","logout sends POST /auth/logout with the bearer token","passed","3ms",,,"expect([Function Mock]).toHaveBeenCalledTimes(1) passed (0s)
 expect([Function Mock]).toHaveBeenCalledWith(""/api/auth/logout"", {""method"":""POST"",""headers"":{""Authorization"":""Bearer token-123""}}) passed (2ms)
  expect(null).toBeNull() passed (0s)","session teardown","session teardown",,"reference-app-copy","session teardown",
"frontend-typescript-vue:src/test/lib/auth.test.ts#session teardown logout sends POST /auth/logout with the bearer token","logout sends POST /auth/logout with the bearer token","passed","5ms",,,"expect([Function Mock]).toHaveBeenCalledTimes(1) passed (1ms)
 expect([Function Mock]).toHaveBeenCalledWith(""/api/auth/logout"", {""method"":""POST"",""headers"":{""Authorization"":""Bearer token-123""}}) passed (3ms)
  expect(null).toBeNull() passed (0s)","session teardown","session teardown",,"reference-app-copy","session teardown",
"frontend-javascript-react:src/test/lib/auth.test.js#network failures logout sends POST /auth/logout with the bearer token","logout sends POST /auth/logout with the bearer token","passed","3ms",,,"expect([Function Mock]).toHaveBeenCalledTimes(1) passed (0s)
 expect([Function Mock]).toHaveBeenCalledWith(""/api/auth/logout"", {""method"":""POST"",""headers"":{""Authorization"":""Bearer token-123""}}) passed (2ms)
  expect(null).toBeNull() passed (0s)","network failures","network failures",,"reference-app-copy,reference-app-copy","network failures",
"frontend-typescript-angular:src/test/lib/auth.test.ts#session teardown logout sends POST /auth/logout with the bearer token","logout sends POST /auth/logout with the bearer token","passed","3ms",,,"expect([Function Mock]).toHaveBeenCalledTimes(1) passed (0s)
 expect([Function Mock]).toHaveBeenCalledWith(""/api/auth/logout"", {""method"":""POST"",""headers"":{""Authorization"":""Bearer token-123""}}) passed (2ms)
  expect(null).toBeNull() passed (0s)","session teardown","session teardown",,"reference-app-copy","session teardown",
"frontend-javascript-vue:src/test/pages/HomePage.test.js#HomePage logs out and navigates to login","logs out and navigates to login","passed","75ms",,,"expect(""/login"").toBe(""/login"") passed (0s)
 expect(null).toBeNull() passed (1ms)","HomePage","HomePage",,"reference-app-copy","HomePage",
"frontend-javascript-jquery:src/test/home.test.js#home page logs out and navigates to login","logs out and navigates to login","passed","35ms",,,"expect(""/login"").toBe(""/login"") passed (1ms)
 expect(null).toBeNull() passed (0s)","home page",,,"reference-app-copy",,
"frontend-typescript-vue:src/test/pages/HomePage.test.ts#HomePage logs out and navigates to login","logs out and navigates to login","passed","41ms",,,"expect(""/login"").toBe(""/login"") passed (0s)
 expect(null).toBeNull() passed (0s)","HomePage","HomePage",,"reference-app-copy","HomePage",
"frontend-typescript-react:src/test/pages/HomePage.test.tsx#HomePage logs out and navigates to login","logs out and navigates to login","passed","101ms",,,"expect({""__reactFiber$x75ctkw1a67"":{""tag"":5,""key"":null,""elementType"":""div"",""type"":""div"",""stateNode"":""[Circular]"",""return"":""[Object]"",""child"":""[Object]"",""sibling"":null,... <truncated>).toBeInTheDocument() passed (0s)
 expect({""__reactFiber$x75ctkw1a67"":{""tag"":5,""key"":null,""elementType"":""div"",""type"":""div"",""stateNode"":""[Circular]"",""return"":""[Object]"",""child"":null,""sibling"":null,""index... <truncated>).toBeInTheDocument() passed (0s)
  expect(null).toBeNull() passed (0s)","HomePage","HomePage",,"reference-app-copy,reference-app-copy","HomePage",
"frontend-javascript-react:src/test/pages/HomePage.test.jsx#HomePage logs out and navigates to login","logs out and navigates to login","passed","63ms",,,"expect({""__reactFiber$gkjkeq4kkd5"":{""tag"":5,""key"":null,""elementType"":""div"",""type"":""div"",""stateNode"":""[Circular]"",""return"":""[Object]"",""child"":""[Object]"",""sibling"":null,... <truncated>).toBeInTheDocument() passed (1ms)
 expect({""__reactFiber$gkjkeq4kkd5"":{""tag"":5,""key"":null,""elementType"":""div"",""type"":""div"",""stateNode"":""[Circular]"",""return"":""[Object]"",""child"":null,""sibling"":null,""index... <truncated>).toBeInTheDocument() passed (0s)
  expect(null).toBeNull() passed (0s)","HomePage","HomePage",,"reference-app-copy,reference-app-copy","HomePage",
"frontend-typescript-angular:src/test/pages/home.component.test.ts#HomePage logs out and navigates to login","logs out and navigates to login","passed","59ms",,,"expect(""/login"").toBe(""/login"") passed (0s)
 expect(null).toBeNull() passed (0s)","HomePage","HomePage",,"reference-app-copy","HomePage",
"frontend-javascript-angular:src/test/pages/home.component.test.js#HomeComponent logs out and navigates to login","logs out and navigates to login","passed","60ms",,,"expect(""/login"").toBe(""/login"") passed (0s)
 expect(null).toBeNull() passed (1ms)","HomeComponent","HomeComponent",,"reference-app-copy","HomeComponent",
"frontend-typescript-vanilla:src/test/pages/home.test.ts#home page logs out and navigates to login","logs out and navigates to login","passed","38ms",,,"expect({}).toBeVisible() passed (4ms)
 expect("""").toBe(""/login"") failed (2ms)
  expect(""/login"").toBe(""/login"") passed (0s)
   expect([[""/api/auth/logout"",""[Object]""]]).toHaveLength(1) passed (1ms)
    expect(null).toBeNull() passed (0s)","home page","home page",,"reference-app-copy","home page",
"frontend-typescript-jquery:src/test/home.test.ts#home logs out, clears the session and lands on /login","logs out, clears the session and lands on /login","passed","117ms",,,"expect(null).not.toBeNull() failed (0s)
 expect({}).not.toBeNull() passed (0s)
  expect(""Welcome, user1!"").toBe(""Welcome, user1!"") passed (0s)
   expect(""http://localhost/"").toBe(""/login"") failed (1ms)
    expect(""/login"").toBe(""/login"") passed (0s)
     expect([[""/api/auth/logout"",""[Object]""]]).toHaveLength(1) passed (0s)
      expect(null).toBeNull() passed (0s)","home",,,"reference-app-copy",,
"frontend-typescript-vanilla:src/test/lib/header.test.ts#headerConfigFor marks exactly one nav item active per page","marks exactly one nav item active per page","passed","1ms",,,"expect([""Home""]).toEqual([""Home""]) passed (1ms)
 expect([""Login""]).toEqual([""Login""]) passed (0s)
  expect([""Register""]).toEqual([""Register""]) passed (0s)","headerConfigFor","headerConfigFor",,"reference-app-copy","headerConfigFor",
"dev.reference.app.repository.FlywayMigrationTest.migrationsSeedItems","migrations apply and seed the items catalogue (V1)","passed","190ms",,,,,"Flyway schema on real PostgreSQL,slice",,"Persistence","Flyway schema",
"frontend-typescript-angular:src/test/lib/app-base.test.ts#appBase — mount precedence mounts at the document root when the path carries no mount at all","mounts at the document root when the path carries no mount at all","passed","2ms",,,"expect("""").toBe("""") passed (1ms)
 expect(null).toBeNull() passed (0s)
  expect(""authToken"").toBe(""authToken"") passed (0s)
   expect(""/"").toBe(""/"") passed (0s)
    expect(""/js/header.js"").toBe(""/js/header.js"") passed (0s)
     expect(""/api/health"").toBe(""/api/health"") passed (0s)","appBase — mount precedence","appBase — mount precedence",,"reference-app-copy","appBase — mount precedence",
"frontend-javascript-angular:src/test/lib/app-base.test.js#app-base — mount precedence mounts at the document root when the path carries no mount at all","mounts at the document root when the path carries no mount at all","passed","3ms",,,"expect("""").toBe("""") passed (0s)
 expect(null).toBeNull() passed (0s)
  expect(""authToken"").toBe(""authToken"") passed (1ms)
   expect(""/"").toBe(""/"") passed (0s)
    expect(""/js/header.js"").toBe(""/js/header.js"") passed (0s)
     expect(""/api/health"").toBe(""/api/health"") passed (0s)","app-base — mount precedence","app-base — mount precedence",,"reference-app-copy","app-base — mount precedence",
"frontend-typescript-jquery:src/test/appBase.test.ts#appBase — mount precedence mounts at the document root when the path carries no mount at all","mounts at the document root when the path carries no mount at all","passed","1ms",,,"expect("""").toBe("""") passed (0s)
 expect(null).toBeNull() passed (0s)
  expect(""frontend-typescript-jquery"").toBe(""frontend-typescript-jquery"") passed (0s)
   expect(""authToken"").toBe(""authToken"") passed (0s)
    expect(""/"").toBe(""/"") passed (1ms)
     expect(""/js/header.js"").toBe(""/js/header.js"") passed (0s)
      expect(""/api/health"").toBe(""/api/health"") passed (0s)","appBase — mount precedence",,,"reference-app-copy",,
"frontend-typescript-react:src/test/lib/appBase.test.ts#appBase — mount precedence mounts at the document root when the path carries no mount at all","mounts at the document root when the path carries no mount at all","passed","1ms",,,"expect("""").toBe("""") passed (0s)
 expect(null).toBeNull() passed (0s)
  expect(""authToken"").toBe(""authToken"") passed (0s)
   expect(""/"").toBe(""/"") passed (0s)
    expect(""/js/header.js"").toBe(""/js/header.js"") passed (0s)
     expect(""/api/health"").toBe(""/api/health"") passed (0s)","appBase — mount precedence","appBase — mount precedence",,"reference-app-copy,reference-app-copy","appBase — mount precedence",
"frontend-javascript-react:src/test/lib/appBase.test.js#appBase — mount precedence mounts at the document root when the path carries no mount at all","mounts at the document root when the path carries no mount at all","passed","3ms",,,"expect("""").toBe("""") passed (1ms)
 expect(null).toBeNull() passed (0s)
  expect(""authToken"").toBe(""authToken"") passed (0s)
   expect(""/"").toBe(""/"") passed (0s)
    expect(""/js/header.js"").toBe(""/js/header.js"") passed (0s)
     expect(""/api/health"").toBe(""/api/health"") passed (0s)","appBase — mount precedence","appBase — mount precedence",,"reference-app-copy,reference-app-copy","appBase — mount precedence",
"frontend-javascript-react:src/test/App.test.jsx#App mounts the header slot and routes / to the home page","mounts the header slot and routes / to the home page","passed","69ms",,,"expect({""__reactFiber$mv7fm8klr0l"":{""tag"":5,""key"":null,""elementType"":""div"",""type"":""div"",""stateNode"":""[Circular]"",""return"":""[Object]"",""child"":null,""sibling"":null,""index... <truncated>).toBeInTheDocument() passed (1ms)
 expect({""__reactFiber$mv7fm8klr0l"":{""tag"":5,""key"":null,""elementType"":""main"",""type"":""main"",""stateNode"":""[Circular]"",""return"":""[Object]"",""child"":""[Object]"",""sibling"":nul... <truncated>).toBeInTheDocument() passed (0s)
  expect({""__reactFiber$mv7fm8klr0l"":{""tag"":5,""key"":null,""elementType"":""div"",""type"":""div"",""stateNode"":""[Circular]"",""return"":""[Object]"",""child"":""[Object]"",""sibling"":null,... <truncated>).toHaveTextContent(""No items found."") failed (4ms)
   expect({""__reactFiber$mv7fm8klr0l"":{""tag"":5,""key"":null,""elementType"":""div"",""type"":""div"",""stateNode"":""[Circular]"",""return"":""[Object]"",""child"":""[Object]"",""sibling"":null,... <truncated>).toHaveTextContent(""No items found."") passed (0s)","App","App",,"reference-app-copy,reference-app-copy","App",
"frontend-typescript-angular:src/test/app.component.test.ts#AppComponent mounts the header slot and routes / to the home page","mounts the header slot and routes / to the home page","passed","163ms",,,"expect({""__ngContext__"":2}).toBeInTheDocument() passed (1ms)
 expect({""__ngContext__"":4}).toBeInTheDocument() passed (0s)
  expect({}).toHaveTextContent(""No items found."") failed (3ms)
   expect({}).toHaveTextContent(""No items found."") passed (0s)","AppComponent","AppComponent",,"reference-app-copy","AppComponent",
"frontend-typescript-react:src/test/App.test.tsx#App mounts the header slot and routes / to the home page","mounts the header slot and routes / to the home page","passed","134ms",,,"expect({""__reactFiber$0i1wacr4ajzu"":{""tag"":5,""key"":null,""elementType"":""div"",""type"":""div"",""stateNode"":""[Circular]"",""return"":""[Object]"",""child"":null,""sibling"":null,""inde... <truncated>).toBeInTheDocument() passed (1ms)
 expect({""__reactFiber$0i1wacr4ajzu"":{""tag"":5,""key"":null,""elementType"":""main"",""type"":""main"",""stateNode"":""[Circular]"",""return"":""[Object]"",""child"":""[Object]"",""sibling"":nu... <truncated>).toBeInTheDocument() passed (0s)
  expect({""__reactFiber$0i1wacr4ajzu"":{""tag"":5,""key"":null,""elementType"":""div"",""type"":""div"",""stateNode"":""[Circular]"",""return"":""[Object]"",""child"":""[Object]"",""sibling"":null... <truncated>).toHaveTextContent(""No items found."") failed (6ms)
   expect({""__reactFiber$0i1wacr4ajzu"":{""tag"":5,""key"":null,""elementType"":""div"",""type"":""div"",""stateNode"":""[Circular]"",""return"":""[Object]"",""child"":""[Object]"",""sibling"":null... <truncated>).toHaveTextContent(""No items found."") passed (0s)","App","App",,"reference-app-copy,reference-app-copy","App",
"frontend-javascript-angular:src/test/app.component.test.js#AppComponent mounts the header slot and routes / to the home page","mounts the header slot and routes / to the home page","passed","131ms",,,"expect({""__ngContext__"":1}).toBeInTheDocument() passed (1ms)
 expect({""__ngContext__"":1}).toHaveAttribute(""id"", ""app-header"") passed (0s)
  expect({""__ngContext__"":4}).toBeInTheDocument() passed (0s)
   expect({}).toHaveTextContent(""No items found."") failed (4ms)
    expect({}).toHaveTextContent(""No items found."") passed (1ms)","AppComponent","AppComponent",,"reference-app-copy","AppComponent",
"frontend-javascript-angular:src/test/pages/login.component.test.js#LoginComponent mounts the login form with canonical title and controls","mounts the login form with canonical title and controls","passed","159ms",,,"expect({""__ngContext__"":1}).toBeInTheDocument() passed (1ms)
 expect({""__ngContext__"":6}).toHaveTextContent(""Login Form"") passed (0s)
  expect({""__ngContext__"":3}).toBeInTheDocument() passed (0s)
   expect({""__ngContext__"":3}).toHaveAttribute(""name"", ""username"") passed (0s)
    expect({""__ngContext__"":4}).toBeInTheDocument() passed (0s)
     expect({""__ngContext__"":4}).toHaveAttribute(""name"", ""password"") passed (0s)
      expect({""__ngContext__"":4}).toHaveAttribute(""type"", ""password"") passed (0s)
       expect({""__ngContext__"":1}).toHaveTextContent(""Login"") passed (0s)
        expect({""__ngContext__"":1}).toBeInTheDocument() passed (1ms)","LoginComponent","LoginComponent",,"reference-app-copy","LoginComponent",
"frontend-typescript-vue:src/test/pages/LoginPage.test.ts#LoginPage mounts the login form with canonical title and controls","mounts the login form with canonical title and controls","passed","60ms",,,"expect({}).toBeInTheDocument() passed (1ms)
 expect({}).toHaveTextContent(""Login Form"") passed (0s)
  expect({""_value"":""""}).toBeInTheDocument() passed (0s)
   expect({""_value"":""""}).toHaveAttribute(""name"", ""username"") passed (0s)
    expect({""_value"":""""}).toBeInTheDocument() passed (0s)
     expect({""_value"":""""}).toHaveAttribute(""name"", ""password"") passed (0s)
      expect({}).toHaveTextContent(""Login"") passed (1ms)
       expect({}).toBeInTheDocument() passed (0s)","LoginPage","LoginPage",,"reference-app-copy","LoginPage",
"frontend-javascript-react:src/test/pages/LoginPage.test.jsx#LoginPage mounts the login form with canonical title and controls","mounts the login form with canonical title and controls","passed","89ms",,,"expect({""__reactFiber$rxqnqcrr8"":{""tag"":5,""key"":null,""elementType"":""div"",""type"":""div"",""stateNode"":""[Circular]"",""return"":""[Object]"",""child"":""[Object]"",""sibling"":null,""i... <truncated>).toBeInTheDocument() passed (1ms)
 expect({""__reactFiber$rxqnqcrr8"":{""tag"":5,""key"":null,""elementType"":""span"",""type"":""span"",""stateNode"":""[Circular]"",""return"":""[Object]"",""child"":null,""sibling"":null,""index... <truncated>).toHaveTextContent(""Login Form"") passed (0s)
  expect({""__reactFiber$rxqnqcrr8"":{""tag"":5,""key"":null,""elementType"":""input"",""type"":""input"",""stateNode"":""[Circular]"",""return"":""[Object]"",""child"":null,""sibling"":null,""ind... <truncated>).toBeInTheDocument() passed (0s)
   expect({""__reactFiber$rxqnqcrr8"":{""tag"":5,""key"":null,""elementType"":""input"",""type"":""input"",""stateNode"":""[Circular]"",""return"":""[Object]"",""child"":null,""sibling"":null,""ind... <truncated>).toHaveAttribute(""name"", ""username"") passed (1ms)
    expect({""__reactFiber$rxqnqcrr8"":{""tag"":5,""key"":null,""elementType"":""input"",""type"":""input"",""stateNode"":""[Circular]"",""return"":""[Object]"",""child"":null,""sibling"":null,""ind... <truncated>).toBeInTheDocument() passed (0s)
     expect({""__reactFiber$rxqnqcrr8"":{""tag"":5,""key"":null,""elementType"":""input"",""type"":""input"",""stateNode"":""[Circular]"",""return"":""[Object]"",""child"":null,""sibling"":null,""ind... <truncated>).toHaveAttribute(""name"", ""password"") passed (0s)
      expect({""__reactFiber$rxqnqcrr8"":{""tag"":5,""key"":null,""elementType"":""button"",""type"":""button"",""stateNode"":""[Circular]"",""return"":""[Object]"",""child"":null,""sibling"":null,""i... <truncated>).toHaveTextContent(""Login"") passed (0s)
       expect({""__reactFiber$rxqnqcrr8"":{""tag"":5,""key"":null,""elementType"":""a"",""type"":""a"",""stateNode"":""[Circular]"",""return"":""[Object]"",""child"":null,""sibling"":null,""index"":0,""r... <truncated>).toBeInTheDocument() passed (0s)","LoginPage","LoginPage",,"reference-app-copy,reference-app-copy","LoginPage",
"frontend-javascript-vue:src/test/pages/LoginPage.test.js#LoginPage mounts the login form with canonical title and controls","mounts the login form with canonical title and controls","passed","96ms",,,"expect({}).toBeInTheDocument() passed (1ms)
 expect({}).toHaveTextContent(""Login Form"") passed (1ms)
  expect({""_value"":""""}).toBeInTheDocument() passed (1ms)
   expect({""_value"":""""}).toHaveAttribute(""name"", ""username"") passed (1ms)
    expect({""_value"":""""}).toBeInTheDocument() passed (0s)
     expect({""_value"":""""}).toHaveAttribute(""name"", ""password"") passed (0s)
      expect({}).toHaveTextContent(""Login"") passed (0s)
       expect({}).toBeInTheDocument() passed (0s)","LoginPage","LoginPage",,"reference-app-copy","LoginPage",
"frontend-typescript-jquery:src/test/login.test.ts#login mounts the login form with canonical title and controls","mounts the login form with canonical title and controls","passed","167ms",,,"expect(null).not.toBeNull() failed (1ms)
 expect({}).not.toBeNull() passed (0s)
  expect({""0"":{},""length"":1,""prevObject"":{""0"":""[Object]"",""length"":1}}).toHaveLength(1) passed (1ms)
   expect(""Login Form"").toBe(""Login Form"") passed (0s)
    expect(""username"").toBe(""username"") passed (0s)
     expect(""password"").toBe(""password"") passed (0s)
      expect(""Login"").toBe(""Login"") passed (0s)
       expect(""register"").toBe(""register"") passed (0s)
        expect(true).toBe(true) passed (0s)","login",,,"reference-app-copy",,
"frontend-typescript-angular:src/test/pages/login.component.test.ts#LoginPage mounts the login form with canonical title and controls","mounts the login form with canonical title and controls","passed","174ms",,,"expect({""__ngContext__"":3}).toBeInTheDocument() passed (1ms)
 expect({""__ngContext__"":5}).toHaveTextContent(""Login Form"") passed (1ms)
  expect({}).toBeInTheDocument() passed (0s)
   expect({}).toHaveAttribute(""name"", ""username"") passed (1ms)
    expect({}).toBeInTheDocument() passed (0s)
     expect({}).toHaveAttribute(""name"", ""password"") passed (0s)
      expect({}).toHaveTextContent(""Login"") passed (0s)
       expect({""__ngContext__"":3}).toBeInTheDocument() passed (0s)","LoginPage","LoginPage",,"reference-app-copy","LoginPage",
"frontend-typescript-react:src/test/pages/LoginPage.test.tsx#LoginPage mounts the login form with canonical title and controls","mounts the login form with canonical title and controls","passed","105ms",,,"expect({""__reactFiber$vv29791euj8"":{""tag"":5,""key"":null,""elementType"":""div"",""type"":""div"",""stateNode"":""[Circular]"",""return"":""[Object]"",""child"":""[Object]"",""sibling"":null,... <truncated>).toBeInTheDocument() passed (1ms)
 expect({""__reactFiber$vv29791euj8"":{""tag"":5,""key"":null,""elementType"":""span"",""type"":""span"",""stateNode"":""[Circular]"",""return"":""[Object]"",""child"":null,""sibling"":null,""ind... <truncated>).toHaveTextContent(""Login Form"") passed (1ms)
  expect({""__reactFiber$vv29791euj8"":{""tag"":5,""key"":null,""elementType"":""input"",""type"":""input"",""stateNode"":""[Circular]"",""return"":""[Object]"",""child"":null,""sibling"":null,""i... <truncated>).toBeInTheDocument() passed (0s)
   expect({""__reactFiber$vv29791euj8"":{""tag"":5,""key"":null,""elementType"":""input"",""type"":""input"",""stateNode"":""[Circular]"",""return"":""[Object]"",""child"":null,""sibling"":null,""i... <truncated>).toHaveAttribute(""name"", ""username"") passed (2ms)
    expect({""__reactFiber$vv29791euj8"":{""tag"":5,""key"":null,""elementType"":""input"",""type"":""input"",""stateNode"":""[Circular]"",""return"":""[Object]"",""child"":null,""sibling"":null,""i... <truncated>).toBeInTheDocument() passed (0s)
     expect({""__reactFiber$vv29791euj8"":{""tag"":5,""key"":null,""elementType"":""input"",""type"":""input"",""stateNode"":""[Circular]"",""return"":""[Object]"",""child"":null,""sibling"":null,""i... <truncated>).toHaveAttribute(""name"", ""password"") passed (0s)
      expect({""__reactFiber$vv29791euj8"":{""tag"":5,""key"":null,""elementType"":""button"",""type"":""button"",""stateNode"":""[Circular]"",""return"":""[Object]"",""child"":null,""sibling"":null,... <truncated>).toHaveTextContent(""Login"") passed (0s)
       expect({""__reactFiber$vv29791euj8"":{""tag"":5,""key"":null,""elementType"":""a"",""type"":""a"",""stateNode"":""[Circular]"",""return"":""[Object]"",""child"":null,""sibling"":null,""index"":0,... <truncated>).toBeInTheDocument() passed (0s)","LoginPage","LoginPage",,"reference-app-copy,reference-app-copy","LoginPage",
"frontend-typescript-vue:src/test/pages/RegisterPage.test.ts#RegisterPage mounts the register form with canonical title and controls","mounts the register form with canonical title and controls","passed","91ms",,,"expect({}).toBeInTheDocument() passed (0s)
 expect({}).toHaveTextContent(""Register"") passed (0s)
  expect({""_value"":""""}).toBeInTheDocument() passed (0s)
   expect({""_value"":""""}).toBeInTheDocument() passed (0s)
    expect({""_value"":""""}).toBeInTheDocument() passed (0s)
     expect({}).toHaveTextContent(""Register"") passed (0s)
      expect({}).toBeInTheDocument() passed (0s)","RegisterPage","RegisterPage",,"reference-app-copy","RegisterPage",
"frontend-typescript-react:src/test/pages/RegisterPage.test.tsx#RegisterPage mounts the register form with canonical title and controls","mounts the register form with canonical title and controls","passed","99ms",,,"expect({""__reactFiber$fqalq2dcal4"":{""tag"":5,""key"":null,""elementType"":""div"",""type"":""div"",""stateNode"":""[Circular]"",""return"":""[Object]"",""child"":""[Object]"",""sibling"":null,... <truncated>).toBeInTheDocument() passed (1ms)
 expect({""__reactFiber$fqalq2dcal4"":{""tag"":5,""key"":null,""elementType"":""span"",""type"":""span"",""stateNode"":""[Circular]"",""return"":""[Object]"",""child"":null,""sibling"":null,""ind... <truncated>).toHaveTextContent(""Register"") passed (0s)
  expect({""__reactFiber$fqalq2dcal4"":{""tag"":5,""key"":null,""elementType"":""input"",""type"":""input"",""stateNode"":""[Circular]"",""return"":""[Object]"",""child"":null,""sibling"":null,""i... <truncated>).toBeInTheDocument() passed (0s)
   expect({""__reactFiber$fqalq2dcal4"":{""tag"":5,""key"":null,""elementType"":""input"",""type"":""input"",""stateNode"":""[Circular]"",""return"":""[Object]"",""child"":null,""sibling"":null,""i... <truncated>).toBeInTheDocument() passed (0s)
    expect({""__reactFiber$fqalq2dcal4"":{""tag"":5,""key"":null,""elementType"":""input"",""type"":""input"",""stateNode"":""[Circular]"",""return"":""[Object]"",""child"":null,""sibling"":null,""i... <truncated>).toBeInTheDocument() passed (0s)
     expect({""__reactFiber$fqalq2dcal4"":{""tag"":5,""key"":null,""elementType"":""button"",""type"":""button"",""stateNode"":""[Circular]"",""return"":""[Object]"",""child"":null,""sibling"":null,... <truncated>).toHaveTextContent(""Register"") passed (0s)
      expect({""__reactFiber$fqalq2dcal4"":{""tag"":5,""key"":null,""elementType"":""a"",""type"":""a"",""stateNode"":""[Circular]"",""return"":""[Object]"",""child"":null,""sibling"":null,""index"":0,... <truncated>).toBeInTheDocument() passed (0s)","RegisterPage","RegisterPage",,"reference-app-copy,reference-app-copy","RegisterPage",
"frontend-javascript-react:src/test/pages/RegisterPage.test.jsx#RegisterPage mounts the register form with canonical title and controls","mounts the register form with canonical title and controls","passed","70ms",,,"expect({""__reactFiber$icyoxhg62n"":{""tag"":5,""key"":null,""elementType"":""div"",""type"":""div"",""stateNode"":""[Circular]"",""return"":""[Object]"",""child"":""[Object]"",""sibling"":null,""... <truncated>).toBeInTheDocument() passed (1ms)
 expect({""__reactFiber$icyoxhg62n"":{""tag"":5,""key"":null,""elementType"":""span"",""type"":""span"",""stateNode"":""[Circular]"",""return"":""[Object]"",""child"":null,""sibling"":null,""inde... <truncated>).toHaveTextContent(""Register"") passed (1ms)
  expect({""__reactFiber$icyoxhg62n"":{""tag"":5,""key"":null,""elementType"":""input"",""type"":""input"",""stateNode"":""[Circular]"",""return"":""[Object]"",""child"":null,""sibling"":null,""in... <truncated>).toBeInTheDocument() passed (0s)
   expect({""__reactFiber$icyoxhg62n"":{""tag"":5,""key"":null,""elementType"":""input"",""type"":""input"",""stateNode"":""[Circular]"",""return"":""[Object]"",""child"":null,""sibling"":null,""in... <truncated>).toBeInTheDocument() passed (0s)
    expect({""__reactFiber$icyoxhg62n"":{""tag"":5,""key"":null,""elementType"":""input"",""type"":""input"",""stateNode"":""[Circular]"",""return"":""[Object]"",""child"":null,""sibling"":null,""in... <truncated>).toBeInTheDocument() passed (0s)
     expect({""__reactFiber$icyoxhg62n"":{""tag"":5,""key"":null,""elementType"":""button"",""type"":""button"",""stateNode"":""[Circular]"",""return"":""[Object]"",""child"":null,""sibling"":null,""... <truncated>).toHaveTextContent(""Register"") passed (1ms)
      expect({""__reactFiber$icyoxhg62n"":{""tag"":5,""key"":null,""elementType"":""a"",""type"":""a"",""stateNode"":""[Circular]"",""return"":""[Object]"",""child"":null,""sibling"":null,""index"":0,""... <truncated>).toBeInTheDocument() passed (0s)","RegisterPage","RegisterPage",,"reference-app-copy,reference-app-copy","RegisterPage",
"frontend-javascript-angular:src/test/pages/register.component.test.js#RegisterComponent mounts the register form with canonical title and controls","mounts the register form with canonical title and controls","passed","183ms",,,"expect({""__ngContext__"":1}).toBeInTheDocument() passed (1ms)
 expect({""__ngContext__"":7}).toHaveTextContent(""Register"") passed (1ms)
  expect({""__ngContext__"":3}).toBeInTheDocument() passed (1ms)
   expect({""__ngContext__"":4}).toBeInTheDocument() passed (0s)
    expect({""__ngContext__"":5}).toBeInTheDocument() passed (0s)
     expect({""__ngContext__"":5}).toHaveAttribute(""name"", ""confirm-password"") passed (1ms)
      expect({""__ngContext__"":1}).toHaveTextContent(""Register"") passed (0s)
       expect({""__ngContext__"":1}).toBeInTheDocument() passed (0s)","RegisterComponent","RegisterComponent",,"reference-app-copy","RegisterComponent",
"frontend-javascript-vue:src/test/pages/RegisterPage.test.js#RegisterPage mounts the register form with canonical title and controls","mounts the register form with canonical title and controls","passed","75ms",,,"expect({}).toBeInTheDocument() passed (1ms)
 expect({}).toHaveTextContent(""Register"") passed (1ms)
  expect({""_value"":""""}).toBeInTheDocument() passed (0s)
   expect({""_value"":""""}).toBeInTheDocument() passed (0s)
    expect({""_value"":""""}).toBeInTheDocument() passed (0s)
     expect({}).toHaveTextContent(""Register"") passed (0s)
      expect({}).toBeInTheDocument() passed (0s)","RegisterPage","RegisterPage",,"reference-app-copy","RegisterPage",
"frontend-typescript-angular:src/test/pages/register.component.test.ts#RegisterPage mounts the register form with canonical title and controls","mounts the register form with canonical title and controls","passed","151ms",,,"expect({""__ngContext__"":3}).toBeInTheDocument() passed (1ms)
 expect({""__ngContext__"":5}).toHaveTextContent(""Register"") passed (0s)
  expect({}).toBeInTheDocument() passed (0s)
   expect({}).toBeInTheDocument() passed (0s)
    expect({}).toBeInTheDocument() passed (1ms)
     expect({}).toHaveTextContent(""Register"") passed (0s)
      expect({""__ngContext__"":3}).toBeInTheDocument() passed (0s)","RegisterPage","RegisterPage",,"reference-app-copy","RegisterPage",
"frontend-typescript-jquery:src/test/register.test.ts#register mounts the register form with the confirm field and login link","mounts the register form with the confirm field and login link","passed","119ms",,,"expect(null).not.toBeNull() failed (2ms)
 expect({}).not.toBeNull() passed (1ms)
  expect({""0"":{},""length"":1,""prevObject"":{""0"":""[Object]"",""length"":1}}).toHaveLength(1) passed (1ms)
   expect(""Register"").toBe(""Register"") passed (0s)
    expect(""confirm-password"").toBe(""confirm-password"") passed (0s)
     expect(""Register"").toBe(""Register"") passed (0s)
      expect(""login"").toBe(""login"") passed (0s)
       expect(true).toBe(true) passed (0s)","register",,,"reference-app-copy",,
"frontend-typescript-jquery:src/test/auth.test.ts#deleteAccount never calls the logout endpoint","never calls the logout endpoint","passed","1ms",,,"expect([""/api/auth/me""]).toEqual([""/api/auth/me""]) passed (0s)","deleteAccount",,,"reference-app-copy",,
"frontend-typescript-react:src/test/lib/auth.test.ts#deleteAccount never calls the logout endpoint","never calls the logout endpoint","passed","1ms",,,"expect([""/api/auth/me""]).toEqual([""/api/auth/me""]) passed (0s)","deleteAccount","deleteAccount",,"reference-app-copy,reference-app-copy","deleteAccount",
"frontend-javascript-jquery:src/test/auth.test.js#deleteAccount never calls the logout endpoint","never calls the logout endpoint","passed","0s",,,"expect([""/api/auth/me""]).toEqual([""/api/auth/me""]) passed (0s)","deleteAccount",,,"reference-app-copy",,
"frontend-javascript-react:src/test/lib/auth.test.js#deleteAccount never calls the logout endpoint","never calls the logout endpoint","passed","1ms",,,"expect([""/api/auth/me""]).toEqual([""/api/auth/me""]) passed (0s)","deleteAccount","deleteAccount",,"reference-app-copy,reference-app-copy","deleteAccount",
"frontend-typescript-vanilla:src/test/lib/auth.test.ts#deleteAccount never calls the logout endpoint — this is account deletion","never calls the logout endpoint — this is account deletion","passed","1ms",,,"expect([""/api/auth/me""]).toEqual([""/api/auth/me""]) passed (0s)","deleteAccount","deleteAccount",,"reference-app-copy","deleteAccount",
"tests.e2e.RegisterTests.shouldRegisterNewUser","New user can register and land on home","passed","8s 114ms",,,"Open register page passed (362ms)
 Fill and submit register form passed (4s 369ms)
   Type username: user_ef69b0ce passed (1s 262ms)
   Type password passed (1s 78ms)
   Type confirm password passed (1s 216ms)
   Submit register form passed (813ms)
  Verify welcome message: Welcome, user_ef69b0ce! passed (754ms)",,"Register",,"Authentication","Register",
"dev.reference.app.config.SecurityChainTest.nonApiDenied","non-API paths are denied","passed","7ms",,,,,"Security chain with real JWT filter,slice",,"Security","Security chain",
"frontend-typescript-vanilla:src/test/lib/appBase.test.ts#appBase at the document root normalises paths and collapses a leading /api","normalises paths and collapses a leading /api","passed","1ms",,,"expect(""/"").toBe(""/"") passed (0s)
 expect(""/login"").toBe(""/login"") passed (0s)
  expect(""/api/health"").toBe(""/api/health"") passed (0s)
   expect(""/api/items"").toBe(""/api/items"") passed (0s)
    expect(""/api/items"").toBe(""/api/items"") passed (0s)
     expect(""/api"").toBe(""/api"") passed (0s)","appBase at the document root","appBase at the document root",,"reference-app-copy","appBase at the document root",
"frontend-javascript-angular:src/test/lib/app-base.test.js#app-base — mount precedence normalises paths handed to appPath and apiUrl","normalises paths handed to appPath and apiUrl","passed","2ms",,,"expect(""/backend-java-spring/frontend-javascript-angular/login"").toBe(""/backend-java-spring/frontend-javascript-angular/login"") passed (0s)
 expect(""/backend-java-spring/frontend-javascript-angular/"").toBe(""/backend-java-spring/frontend-javascript-angular/"") passed (0s)
  expect(""/backend-java-spring/frontend-javascript-angular/"").toBe(""/backend-java-spring/frontend-javascript-angular/"") passed (0s)
   expect(""/backend-java-spring/api/health"").toBe(""/backend-java-spring/api/health"") passed (0s)
    expect(""/backend-java-spring/api/health"").toBe(""/backend-java-spring/api/health"") passed (0s)
     expect(""/backend-java-spring/api"").toBe(""/backend-java-spring/api"") passed (0s)
      expect(""/backend-java-spring/api/"").toBe(""/backend-java-spring/api/"") passed (0s)","app-base — mount precedence","app-base — mount precedence",,"reference-app-copy","app-base — mount precedence",
"tests.e2e.HomeTests.pageLoadFetchesItems","Page load fetches health and items from API","passed","3s 836ms",,,"Open home page passed (375ms)
 Verify home layout is mounted passed (751ms)
  Verify health status contains: service: backend-java-spring passed (438ms)
   Verify items list contains: Alpha passed (422ms)",,"Home",,"Home","Home load",
"tests.testinfra.TokensCssTest.parseRootTokensRejectsMissingRootBlock","parseRootTokens rejects css without :root block","passed","21ms",,,,,"TokensCss",,"Test harness","Tokens CSS",
"frontend-javascript-react:src/test/lib/auth.test.js#validateCredentials passes for valid credentials","passes for valid credentials","passed","0s",,,"expect(null).toBeNull() passed (0s)","validateCredentials","validateCredentials",,"reference-app-copy,reference-app-copy","validateCredentials",
"frontend-typescript-vue:src/test/lib/auth.test.ts#validateCredentials passes for valid credentials","passes for valid credentials","passed","0s",,,"expect(null).toBeNull() passed (0s)","validateCredentials","validateCredentials",,"reference-app-copy","validateCredentials",
"frontend-javascript-angular:src/test/lib/auth.test.js#validateCredentials passes for valid credentials","passes for valid credentials","passed","0s",,,"expect(null).toBeNull() passed (0s)","validateCredentials","validateCredentials",,"reference-app-copy","validateCredentials",
"frontend-javascript-jquery:src/test/auth.test.js#validateCredentials passes for valid credentials","passes for valid credentials","passed","0s",,,"expect(null).toBeNull() passed (0s)","validateCredentials",,,"reference-app-copy",,
"frontend-typescript-vanilla:src/test/lib/auth.test.ts#validateCredentials passes for valid credentials","passes for valid credentials","passed","1ms",,,"expect(null).toBeNull() passed (0s)","validateCredentials","validateCredentials",,"reference-app-copy","validateCredentials",
"frontend-typescript-jquery:src/test/auth.test.ts#validateCredentials passes for valid credentials","passes for valid credentials","passed","0s",,,"expect(null).toBeNull() passed (0s)","validateCredentials",,,"reference-app-copy",,
"frontend-typescript-angular:src/test/lib/auth.test.ts#validateCredentials passes for valid credentials","passes for valid credentials","passed","0s",,,"expect(null).toBeNull() passed (1ms)","validateCredentials","validateCredentials",,"reference-app-copy","validateCredentials",
"frontend-javascript-vue:src/test/lib/auth.test.js#validateCredentials passes for valid credentials","passes for valid credentials","passed","0s",,,"expect(null).toBeNull() passed (0s)","validateCredentials","validateCredentials",,"reference-app-copy","validateCredentials",
"frontend-typescript-react:src/test/lib/auth.test.ts#validateCredentials passes for valid credentials","passes for valid credentials","passed","0s",,,"expect(null).toBeNull() passed (0s)","validateCredentials","validateCredentials",,"reference-app-copy,reference-app-copy","validateCredentials",
"frontend-typescript-vue:src/test/lib/auth.test.ts#resolveAuthErrorMessage passes the API message through","passes the API message through","passed","1ms",,,"expect(""Wrong login or password"").toBe(""Wrong login or password"") passed (0s)","resolveAuthErrorMessage","resolveAuthErrorMessage",,"reference-app-copy","resolveAuthErrorMessage",
"frontend-javascript-vue:src/test/lib/auth.test.js#resolveAuthErrorMessage passes the API message through","passes the API message through","passed","1ms",,,"expect(""Wrong login or password"").toBe(""Wrong login or password"") passed (0s)","resolveAuthErrorMessage","resolveAuthErrorMessage",,"reference-app-copy","resolveAuthErrorMessage",
"frontend-javascript-angular:src/test/lib/auth.test.js#resolveAuthErrorMessage passes the API message through","passes the API message through","passed","1ms",,,"expect(""Wrong login or password"").toBe(""Wrong login or password"") passed (0s)","resolveAuthErrorMessage","resolveAuthErrorMessage",,"reference-app-copy","resolveAuthErrorMessage",
"frontend-typescript-angular:src/test/lib/auth.test.ts#resolveAuthErrorMessage passes the API message through","passes the API message through","passed","1ms",,,"expect(""Wrong login or password"").toBe(""Wrong login or password"") passed (0s)","resolveAuthErrorMessage","resolveAuthErrorMessage",,"reference-app-copy","resolveAuthErrorMessage",
"dev.reference.app.config.JwtAuthFilterTest.passesThroughWithoutAuthorizationHeader","passes through when Authorization header is missing","passed","4ms",,,,,"JwtAuthFilter",,"Authentication","JWT filter",
"tests.e2e.RegisterTests.shouldShowErrorWhenPasswordsDoNotMatch","Password mismatch shows validation error","passed","7s 421ms",,,"Open register page passed (369ms)
 Type username: newuser passed (1s 295ms)
  Type password passed (1s 48ms)
   Type confirm password passed (1s 36ms)
    Submit register form expecting validation or API error passed (991ms)
     Verify error message: Passwords do not match passed (743ms)",,"Register",,"Authentication","Register",
"tests.testinfra.LocalChromePinTest.pinnedVersionIsFullBuildNumber","pinnedVersion is a full Chrome for Testing build number","passed","2ms",,,,,"LocalChromePin",,"Test harness","LocalChromePin",
"tests.api.AuthApiTests.loginWithUnknownUsername","POST /api/auth/login answers an unknown user with the same 401 (no enumeration)","passed","458ms",,,,,"Auth API",,"Authentication","Authentication",
"tests.api.AuthApiTests.loginRejectsEmptyCredentials","POST /api/auth/login joins both field errors into one 400 message","passed","432ms",,,,,"Auth API",,"Authentication","Authentication",
"dev.reference.app.controller.AuthControllerTest.loginInvalidCredentials","POST /api/auth/login maps invalid credentials to 401","passed","9ms",,,,,"AuthController,slice",,"Authentication","AuthController",
"tests.api.AuthApiTests.loginWithInvalidPassword","POST /api/auth/login rejects a wrong password with 401","passed","536ms",,,,,"Auth API",,"Authentication","Authentication",
"dev.reference.app.controller.AuthControllerTest.loginRejectsBlankCredentials","POST /api/auth/login rejects blank credentials with 400 joining both field errors","passed","21ms",,,,,"AuthController,slice",,"Authentication","AuthController",
"dev.reference.app.controller.AuthControllerTest.loginReturnsOk","POST /api/auth/login returns 200","passed","8ms",,,,,"AuthController,slice",,"Authentication","AuthController",
"tests.api.AuthApiTests.loginWithValidCredentials","POST /api/auth/login returns the auth contract for a seeded user","passed","551ms",,,,,"Auth API",,"Authentication","Authentication",
"dev.reference.app.controller.AuthControllerTest.logoutReturnsNoContent","POST /api/auth/logout returns 204","passed","7ms",,,,,"AuthController,slice",,"Authentication","AuthController",
"tests.api.AuthApiTests.logoutReturnsNoContent","POST /api/auth/logout returns 204","passed","427ms",,,,,"Auth API",,"Authentication","Authentication",
"tests.api.AuthApiTests.registerRejectsMalformedJson","POST /api/auth/register answers a malformed JSON body with 400, not 401","passed","425ms",,,,,"Auth API",,"Authentication","Authentication",
"tests.api.AuthApiTests.registerNewUser","POST /api/auth/register creates a user, returns the auth contract, and cleans up","passed","968ms",,,"API: delete current account passed (454ms)",,"Auth API",,"Authentication","Authentication",
"dev.reference.app.controller.AuthControllerTest.registerDuplicateUsername","POST /api/auth/register maps duplicate username to 409","passed","13ms",,,,,"AuthController,slice",,"Authentication","AuthController",
"tests.api.AuthApiTests.registerDuplicateUsername","POST /api/auth/register rejects a duplicate username with 409","passed","448ms",,,,,"Auth API",,"Authentication","Authentication",
"tests.api.AuthApiTests.registerRejectsShortPassword","POST /api/auth/register rejects a short password with 400 and a field message","passed","3s 217ms",,,,,"Auth API",,"Authentication","Authentication",
"dev.reference.app.controller.AuthControllerTest.registerRejectsUnreadableBody","POST /api/auth/register rejects an unreadable body with 400","passed","8ms",,,,,"AuthController,slice",,"Authentication","AuthController",
"dev.reference.app.controller.AuthControllerTest.registerRejectsShortPassword","POST /api/auth/register rejects short password with 400 and a field message","passed","234ms",,,,,"AuthController,slice",,"Authentication","AuthController",
"dev.reference.app.controller.AuthControllerTest.registerReturnsCreated","POST /api/auth/register returns 201","passed","13ms",,,,,"AuthController,slice",,"Authentication","AuthController",
"frontend-typescript-angular:src/test/lib/auth.test.ts#resolveAuthErrorMessage prefers the network message for a transport failure","prefers the network message for a transport failure","passed","1ms",,,"expect(""Network error. Check your connection and try again."").toBe(""Network error. Check your connection and try again."") passed (0s)","resolveAuthErrorMessage","resolveAuthErrorMessage",,"reference-app-copy","resolveAuthErrorMessage",
"frontend-javascript-angular:src/test/lib/auth.test.js#resolveAuthErrorMessage prefers the network message for a transport failure","prefers the network message for a transport failure","passed","0s",,,"expect(""Network error. Check your connection and try again."").toBe(""Network error. Check your connection and try again."") passed (0s)","resolveAuthErrorMessage","resolveAuthErrorMessage",,"reference-app-copy","resolveAuthErrorMessage",
"frontend-javascript-vue:src/test/lib/auth.test.js#resolveAuthErrorMessage prefers the network message for a transport failure","prefers the network message for a transport failure","passed","1ms",,,"expect(""Network error. Check your connection and try again."").toBe(""Network error. Check your connection and try again."") passed (0s)","resolveAuthErrorMessage","resolveAuthErrorMessage",,"reference-app-copy","resolveAuthErrorMessage",
"frontend-typescript-vue:src/test/lib/auth.test.ts#resolveAuthErrorMessage prefers the network message for a transport failure","prefers the network message for a transport failure","passed","1ms",,,"expect(""Network error. Check your connection and try again."").toBe(""Network error. Check your connection and try again."") passed (0s)","resolveAuthErrorMessage","resolveAuthErrorMessage",,"reference-app-copy","resolveAuthErrorMessage",
"frontend-typescript-vanilla:src/test/lib/header.test.ts#headerConfigFor prefixes nav hrefs with the product mount","prefixes nav hrefs with the product mount","passed","1ms",,,"expect([""/backend-java-spring/frontend-typescript-vanilla/"",""/backend-java-spring/frontend-typescript-vanilla/login"",""/backend-java-spring/frontend-typescript-vanilla/... <truncated>).toEqual([""/backend-java-spring/frontend-typescript-vanilla/"",""/backend-java-spring/frontend-typescript-vanilla/login"",""/backend-java-spring/frontend-typescript-vanilla/... <truncated>) passed (1ms)","headerConfigFor","headerConfigFor",,"reference-app-copy","headerConfigFor",
"tests.testinfra.ConfigReaderTest.privateConstructorIsReachable","private constructor keeps utility class closed","passed","2ms",,,,,"ConfigReader",,"Test harness","ConfigReader",
"dev.reference.app.service.AuthServiceTest.profileUnknownUser","profile rejects unknown username","passed","2ms",,,,,"AuthService",,"Authentication","AuthService",
"dev.reference.app.service.AuthServiceTest.profileForExistingUser","profile returns username for existing user","passed","2ms",,,,,"AuthService",,"Authentication","AuthService",
"frontend-typescript-angular:src/test/app.component.test.ts#AppComponent publishes headerConfig and embeds the design-system header script exactly once","publishes headerConfig and embeds the design-system header script exactly once","passed","25ms",,,"expect([""header-nav-home"",""header-nav-login"",""header-nav-register""]).toEqual([""header-nav-home"",""header-nav-login"",""header-nav-register""]) passed (1ms)
 expect([""/"",""/login"",""/register""]).toEqual([""/"",""/login"",""/register""]) passed (0s)
  expect({""0"":{}}).toHaveLength(1) passed (2ms)","AppComponent","AppComponent",,"reference-app-copy","AppComponent",
"frontend-typescript-vanilla:src/test/lib/header.test.ts#mountHeader publishes headerConfig and embeds the overlay header runtime once","publishes headerConfig and embeds the overlay header runtime once","passed","18ms",,,"expect({""href"":""/"",""label"":""Reference""}).toEqual({""href"":""/"",""label"":""Reference""}) passed (0s)
 expect({""0"":{}}).toHaveLength(1) passed (1ms)
  expect(""module"").toBe(""module"") passed (0s)
   expect(""/js/header.js"").toBe(""/js/header.js"") passed (0s)","mountHeader","mountHeader",,"reference-app-copy","mountHeader",
"frontend-javascript-angular:src/test/app.component.test.js#AppComponent publishes the canonical header config for the design-system runtime","publishes the canonical header config for the design-system runtime","passed","12ms",,,"expect({""brand"":{""href"":""/"",""label"":""Reference""},""nav"":[""[Object]"",""[Object]"",""[Object]""],""lang"":{""default"":""en""},""theme"":{""default"":""dark""}}).toEqual({""brand"":{""href"":""/"",""label"":""Reference""},""nav"":[""[Object]"",""[Object]"",""[Object]""],""lang"":{""default"":""en""},""theme"":{""default"":""dark""}}) passed (1ms)","AppComponent","AppComponent",,"reference-app-copy","AppComponent",
"frontend-typescript-jquery:src/test/home.test.ts#home publishes the header config for the home nav item","publishes the header config for the home nav item","passed","66ms",,,"expect(null).not.toBeNull() failed (1ms)
 expect({}).not.toBeNull() passed (0s)
  expect([[""header-nav-home"",true],[""header-nav-login"",false],[""header-nav-register"",false]]).toEqual([[""header-nav-home"",true],[""header-nav-login"",false],[""header-nav-register"",false]]) passed (2ms)
   expect({}).toHaveProperty(""type"", ""module"") passed (1ms)","home",,,"reference-app-copy",,
"frontend-javascript-vue:src/test/header-active-nav.test.js#canonical header.js — active nav follows the route re-syncs on popstate (browser back/forward)","re-syncs on popstate (browser back/forward)","passed","36ms",,,"expect(3).toBe(3) passed (0s)
 expect(3).toBe(3) passed (0s)
  expect([""header-nav-register""]).toEqual([""header-nav-register""]) passed (0s)
   expect([""header-nav-register""]).toEqual([""header-nav-register""]) passed (0s)","canonical header.js — active nav follows the route","canonical header.js — active nav follows the route",,"reference-app-copy","canonical header.js — active nav follows the route",
"frontend-typescript-vue:src/test/header-active-nav.test.ts#canonical header.js — active nav follows the route re-syncs on popstate (browser back/forward)","re-syncs on popstate (browser back/forward)","passed","41ms",,,"expect(3).toBe(3) passed (0s)
 expect(3).toBe(3) passed (0s)
  expect([""header-nav-register""]).toEqual([""header-nav-register""]) passed (0s)
   expect([""header-nav-register""]).toEqual([""header-nav-register""]) passed (0s)","canonical header.js — active nav follows the route","canonical header.js — active nav follows the route",,"reference-app-copy","canonical header.js — active nav follows the route",
"frontend-javascript-angular:src/test/header-active-nav.test.js#canonical header.js — active nav follows the route re-syncs on popstate (browser back/forward)","re-syncs on popstate (browser back/forward)","passed","56ms",,,"expect(3).toBe(3) passed (0s)
 expect(3).toBe(3) passed (0s)
  expect([""header-nav-register""]).toEqual([""header-nav-register""]) passed (0s)
   expect([""header-nav-register""]).toEqual([""header-nav-register""]) passed (0s)","canonical header.js — active nav follows the route","canonical header.js — active nav follows the route",,"reference-app-copy","canonical header.js — active nav follows the route",
"frontend-javascript-react:src/test/header-active-nav.test.js#canonical header.js — active nav follows the route re-syncs on popstate (browser back/forward)","re-syncs on popstate (browser back/forward)","passed","32ms",,,"expect(3).toBe(3) passed (0s)
 expect(3).toBe(3) passed (0s)
  expect([""header-nav-register""]).toEqual([""header-nav-register""]) passed (0s)
   expect([""header-nav-register""]).toEqual([""header-nav-register""]) passed (0s)","canonical header.js — active nav follows the route","canonical header.js — active nav follows the route",,"reference-app-copy,reference-app-copy","canonical header.js — active nav follows the route",
"frontend-typescript-angular:src/test/header-active-nav.test.ts#canonical header.js — active nav follows the route re-syncs on popstate (browser back/forward)","re-syncs on popstate (browser back/forward)","passed","33ms",,,"expect(3).toBe(3) passed (0s)
 expect(3).toBe(3) passed (0s)
  expect([""header-nav-register""]).toEqual([""header-nav-register""]) passed (0s)
   expect([""header-nav-register""]).toEqual([""header-nav-register""]) passed (0s)","canonical header.js — active nav follows the route","canonical header.js — active nav follows the route",,"reference-app-copy","canonical header.js — active nav follows the route",
"frontend-typescript-react:src/test/header-active-nav.test.ts#canonical header.js — active nav follows the route re-syncs on popstate (browser back/forward)","re-syncs on popstate (browser back/forward)","passed","60ms",,,"expect(3).toBe(3) passed (0s)
 expect(3).toBe(3) passed (0s)
  expect([""header-nav-register""]).toEqual([""header-nav-register""]) passed (0s)
   expect([""header-nav-register""]).toEqual([""header-nav-register""]) passed (0s)","canonical header.js — active nav follows the route","canonical header.js — active nav follows the route",,"reference-app-copy,reference-app-copy","canonical header.js — active nav follows the route",
"frontend-javascript-angular:src/test/header-active-nav.test.js#canonical header.js — active nav follows the route re-syncs on SPA pushState (in-form Register → Login link)","re-syncs on SPA pushState (in-form Register → Login link)","passed","51ms",,,"expect(3).toBe(3) passed (0s)
 expect(3).toBe(3) passed (0s)
  expect([""header-nav-register""]).toEqual([""header-nav-register""]) passed (0s)
   expect([""header-nav-login""]).toEqual([""header-nav-login""]) passed (0s)
    expect([""header-nav-login""]).toEqual([""header-nav-login""]) passed (1ms)","canonical header.js — active nav follows the route","canonical header.js — active nav follows the route",,"reference-app-copy","canonical header.js — active nav follows the route",
"frontend-javascript-vue:src/test/header-active-nav.test.js#canonical header.js — active nav follows the route re-syncs on SPA pushState (in-form Register → Login link)","re-syncs on SPA pushState (in-form Register → Login link)","passed","29ms",,,"expect(3).toBe(3) passed (0s)
 expect(3).toBe(3) passed (0s)
  expect([""header-nav-register""]).toEqual([""header-nav-register""]) passed (1ms)
   expect([""header-nav-login""]).toEqual([""header-nav-login""]) passed (0s)
    expect([""header-nav-login""]).toEqual([""header-nav-login""]) passed (0s)","canonical header.js — active nav follows the route","canonical header.js — active nav follows the route",,"reference-app-copy","canonical header.js — active nav follows the route",
"frontend-javascript-react:src/test/header-active-nav.test.js#canonical header.js — active nav follows the route re-syncs on SPA pushState (in-form Register → Login link)","re-syncs on SPA pushState (in-form Register → Login link)","passed","33ms",,,"expect(3).toBe(3) passed (0s)
 expect(3).toBe(3) passed (0s)
  expect([""header-nav-register""]).toEqual([""header-nav-register""]) passed (0s)
   expect([""header-nav-login""]).toEqual([""header-nav-login""]) passed (0s)
    expect([""header-nav-login""]).toEqual([""header-nav-login""]) passed (0s)","canonical header.js — active nav follows the route","canonical header.js — active nav follows the route",,"reference-app-copy,reference-app-copy","canonical header.js — active nav follows the route",
"frontend-typescript-vue:src/test/header-active-nav.test.ts#canonical header.js — active nav follows the route re-syncs on SPA pushState (in-form Register → Login link)","re-syncs on SPA pushState (in-form Register → Login link)","passed","39ms",,,"expect(3).toBe(3) passed (1ms)
 expect(3).toBe(3) passed (1ms)
  expect([""header-nav-register""]).toEqual([""header-nav-register""]) passed (0s)
   expect([""header-nav-login""]).toEqual([""header-nav-login""]) passed (0s)
    expect([""header-nav-login""]).toEqual([""header-nav-login""]) passed (0s)","canonical header.js — active nav follows the route","canonical header.js — active nav follows the route",,"reference-app-copy","canonical header.js — active nav follows the route",
"frontend-typescript-angular:src/test/header-active-nav.test.ts#canonical header.js — active nav follows the route re-syncs on SPA pushState (in-form Register → Login link)","re-syncs on SPA pushState (in-form Register → Login link)","passed","35ms",,,"expect(3).toBe(3) passed (0s)
 expect(3).toBe(3) passed (0s)
  expect([""header-nav-register""]).toEqual([""header-nav-register""]) passed (0s)
   expect([""header-nav-login""]).toEqual([""header-nav-login""]) passed (0s)
    expect([""header-nav-login""]).toEqual([""header-nav-login""]) passed (0s)","canonical header.js — active nav follows the route","canonical header.js — active nav follows the route",,"reference-app-copy","canonical header.js — active nav follows the route",
"frontend-typescript-react:src/test/header-active-nav.test.ts#canonical header.js — active nav follows the route re-syncs on SPA pushState (in-form Register → Login link)","re-syncs on SPA pushState (in-form Register → Login link)","passed","77ms",,,"expect(3).toBe(3) passed (0s)
 expect(3).toBe(3) passed (0s)
  expect([""header-nav-register""]).toEqual([""header-nav-register""]) passed (0s)
   expect([""header-nav-login""]).toEqual([""header-nav-login""]) passed (0s)
    expect([""header-nav-login""]).toEqual([""header-nav-login""]) passed (1ms)","canonical header.js — active nav follows the route","canonical header.js — active nav follows the route",,"reference-app-copy,reference-app-copy","canonical header.js — active nav follows the route",
"frontend-javascript-angular:src/test/pages/register.component.test.js#RegisterComponent redirects an already signed-in visitor to home","redirects an already signed-in visitor to home","passed","11ms",,,"expect(""/"").toBe(""/"") passed (0s)","RegisterComponent","RegisterComponent",,"reference-app-copy","RegisterComponent",
"frontend-typescript-angular:src/test/pages/login.component.test.ts#LoginPage redirects an already signed-in visitor to home","redirects an already signed-in visitor to home","passed","23ms",,,"expect(""/login"").toBe(""/"") failed (2ms)
 expect(""/"").toBe(""/"") passed (0s)","LoginPage","LoginPage",,"reference-app-copy","LoginPage",
"frontend-javascript-angular:src/test/pages/login.component.test.js#LoginComponent redirects an already signed-in visitor to home","redirects an already signed-in visitor to home","passed","13ms",,,"expect(""/"").toBe(""/"") passed (0s)","LoginComponent","LoginComponent",,"reference-app-copy","LoginComponent",
"frontend-typescript-vue:src/test/pages/RegisterPage.test.ts#RegisterPage redirects an already signed-in visitor to home","redirects an already signed-in visitor to home","passed","58ms",,,"expect(""/register"").toBe(""/"") failed (1ms)
 expect(""/"").toBe(""/"") passed (0s)","RegisterPage","RegisterPage",,"reference-app-copy","RegisterPage",
"frontend-typescript-vue:src/test/pages/LoginPage.test.ts#LoginPage redirects an already signed-in visitor to home","redirects an already signed-in visitor to home","passed","61ms",,,"expect(""/login"").toBe(""/"") failed (2ms)
 expect(""/"").toBe(""/"") passed (0s)","LoginPage","LoginPage",,"reference-app-copy","LoginPage",
"frontend-javascript-vue:src/test/pages/LoginPage.test.js#LoginPage redirects an already signed-in visitor to home","redirects an already signed-in visitor to home","passed","62ms",,,"expect(""/login"").toBe(""/"") failed (1ms)
 expect(""/"").toBe(""/"") passed (0s)","LoginPage","LoginPage",,"reference-app-copy","LoginPage",
"frontend-typescript-angular:src/test/pages/register.component.test.ts#RegisterPage redirects an already signed-in visitor to home","redirects an already signed-in visitor to home","passed","18ms",,,"expect(""/register"").toBe(""/"") failed (2ms)
 expect(""/"").toBe(""/"") passed (0s)","RegisterPage","RegisterPage",,"reference-app-copy","RegisterPage",
"frontend-javascript-vue:src/test/pages/RegisterPage.test.js#RegisterPage redirects an already signed-in visitor to home","redirects an already signed-in visitor to home","passed","59ms",,,"expect(""/register"").toBe(""/"") failed (1ms)
 expect(""/"").toBe(""/"") passed (0s)","RegisterPage","RegisterPage",,"reference-app-copy","RegisterPage",
"frontend-javascript-react:src/test/pages/LoginPage.test.jsx#LoginPage redirects home when a session token is already present","redirects home when a session token is already present","passed","22ms",,,"expect({""__reactFiber$rxqnqcrr8"":{""tag"":5,""key"":null,""elementType"":""div"",""type"":""div"",""stateNode"":""[Circular]"",""return"":""[Object]"",""child"":null,""sibling"":null,""index"":... <truncated>).toBeInTheDocument() passed (1ms)","LoginPage","LoginPage",,"reference-app-copy,reference-app-copy","LoginPage",
"frontend-javascript-react:src/test/pages/RegisterPage.test.jsx#RegisterPage redirects home when a session token is already present","redirects home when a session token is already present","passed","16ms",,,"expect({""__reactFiber$icyoxhg62n"":{""tag"":5,""key"":null,""elementType"":""div"",""type"":""div"",""stateNode"":""[Circular]"",""return"":""[Object]"",""child"":null,""sibling"":null,""index""... <truncated>).toBeInTheDocument() passed (0s)","RegisterPage","RegisterPage",,"reference-app-copy,reference-app-copy","RegisterPage",
"frontend-typescript-react:src/test/pages/RegisterPage.test.tsx#RegisterPage redirects home when a session token is already present","redirects home when a session token is already present","passed","23ms",,,"expect({""__reactFiber$fqalq2dcal4"":{""tag"":5,""key"":null,""elementType"":""div"",""type"":""div"",""stateNode"":""[Circular]"",""return"":""[Object]"",""child"":null,""sibling"":null,""index... <truncated>).toBeInTheDocument() passed (0s)","RegisterPage","RegisterPage",,"reference-app-copy,reference-app-copy","RegisterPage",
"frontend-typescript-react:src/test/pages/LoginPage.test.tsx#LoginPage redirects home when a session token is already present","redirects home when a session token is already present","passed","24ms",,,"expect({""__reactFiber$vv29791euj8"":{""tag"":5,""key"":null,""elementType"":""div"",""type"":""div"",""stateNode"":""[Circular]"",""return"":""[Object]"",""child"":null,""sibling"":null,""index... <truncated>).toBeInTheDocument() passed (1ms)","LoginPage","LoginPage",,"reference-app-copy,reference-app-copy","LoginPage",
"frontend-typescript-vanilla:src/test/pages/register.test.ts#register page redirects home when a session token is already stored","redirects home when a session token is already stored","passed","11ms",,,"expect([Function Mock]).toHaveBeenCalledWith(""/"") passed (0s)","register page","register page",,"reference-app-copy","register page",
"frontend-javascript-jquery:src/test/register.test.js#register page redirects home when a session token is already stored","redirects home when a session token is already stored","passed","10ms",,,"expect(""/"").toBe(""/"") passed (0s)","register page",,,"reference-app-copy",,
"frontend-typescript-jquery:src/test/login.test.ts#login redirects home when a session token is already stored","redirects home when a session token is already stored","passed","60ms",,,"expect(null).not.toBeNull() failed (0s)
 expect({}).not.toBeNull() passed (0s)
  expect([Function Mock]).toHaveBeenCalledWith(""/"") passed (0s)","login",,,"reference-app-copy",,
"frontend-javascript-jquery:src/test/login.test.js#login page redirects home when a session token is already stored","redirects home when a session token is already stored","passed","15ms",,,"expect(""/"").toBe(""/"") passed (0s)","login page",,,"reference-app-copy",,
"frontend-typescript-jquery:src/test/register.test.ts#register redirects home when a session token is already stored","redirects home when a session token is already stored","passed","58ms",,,"expect(null).not.toBeNull() failed (0s)
 expect({}).not.toBeNull() passed (0s)
  expect([Function Mock]).toHaveBeenCalledWith(""/"") passed (1ms)","register",,,"reference-app-copy",,
"frontend-typescript-vanilla:src/test/pages/login.test.ts#login page redirects home when a session token is already stored","redirects home when a session token is already stored","passed","23ms",,,"expect([Function Mock]).toHaveBeenCalledWith(""/"") passed (2ms)","login page","login page",,"reference-app-copy","login page",
"frontend-javascript-angular:src/test/lib/auth.test.js#fetchProfile refuses to call the API without a token","refuses to call the API without a token","passed","2ms",,,"expect([Function]).toThrow(""Missing auth token"") passed (1ms)","fetchProfile","fetchProfile",,"reference-app-copy","fetchProfile",
"frontend-typescript-react:src/test/lib/auth.test.ts#fetchProfile refuses to call the API without a token","refuses to call the API without a token","passed","2ms",,,"expect([Function]).toThrow(""Missing auth token"") passed (1ms)","fetchProfile","fetchProfile",,"reference-app-copy,reference-app-copy","fetchProfile",
"frontend-javascript-vue:src/test/lib/auth.test.js#fetchProfile refuses to call the API without a token","refuses to call the API without a token","passed","3ms",,,"expect([Function]).toThrow(""Missing auth token"") passed (2ms)","fetchProfile","fetchProfile",,"reference-app-copy","fetchProfile",
"frontend-typescript-vanilla:src/test/lib/auth.test.ts#fetchProfile refuses to call the API without a token","refuses to call the API without a token","passed","1ms",,,"expect([Function]).toThrow(""Missing auth token"") passed (1ms)","fetchProfile","fetchProfile",,"reference-app-copy","fetchProfile",
"frontend-javascript-react:src/test/lib/auth.test.js#fetchProfile refuses to call the API without a token","refuses to call the API without a token","passed","1ms",,,"expect([Function]).toThrow(""Missing auth token"") passed (1ms)","fetchProfile","fetchProfile",,"reference-app-copy,reference-app-copy","fetchProfile",
"frontend-typescript-angular:src/test/lib/auth.test.ts#fetchProfile refuses to call the API without a token","refuses to call the API without a token","passed","2ms",,,"expect([Function]).toThrow(""Missing auth token"") passed (1ms)","fetchProfile","fetchProfile",,"reference-app-copy","fetchProfile",
"frontend-typescript-vue:src/test/lib/auth.test.ts#fetchProfile refuses to call the API without a token","refuses to call the API without a token","passed","2ms",,,"expect([Function]).toThrow(""Missing auth token"") passed (2ms)","fetchProfile","fetchProfile",,"reference-app-copy","fetchProfile",
"frontend-typescript-jquery:src/test/auth.test.ts#fetchProfile refuses to call the API without a token","refuses to call the API without a token","passed","3ms",,,"expect([Function]).toThrow(""Missing auth token"") passed (2ms)","fetchProfile",,,"reference-app-copy",,
"frontend-javascript-jquery:src/test/auth.test.js#fetchProfile refuses to call the API without a token","refuses to call the API without a token","passed","2ms",,,"expect({""name"":""Error"",""message"":""Missing auth token""}).rejects.toThrow(""Missing auth token"") passed (1ms)","fetchProfile",,,"reference-app-copy",,
"tests.integration.AuthRoundTripIntegrationTests.accountLifecycleRoundTrip","register → login → me → logout (stateless: token survives) → delete → me is 401","passed","6s 911ms",,,,,"Auth account lifecycle",,"Authentication","Account lifecycle",
"tests.e2e.RegisterFormTests.registerFormIsMounted","Register form fields and submit are visible","passed","4s 540ms",,,"Open register page passed (363ms)
 Verify register form is mounted passed (1s 562ms)
  Verify form title message: Register passed (432ms)",,"Register form mount",,"Authentication","Register form",
"dev.reference.app.service.AuthServiceTest.registerLosesUniqueConstraintRace","register maps a lost unique-constraint race to 409","passed","3ms",,,,,"AuthService",,"Authentication","AuthService",
"dev.reference.app.service.AuthServiceTest.registerDuplicateUsername","register rejects duplicate username","passed","2ms",,,,,"AuthService",,"Authentication","AuthService",
"dev.reference.app.service.AuthServiceTest.registerCreatesUser","register saves user and returns auth response","passed","3ms",,,,,"AuthService",,"Authentication","AuthService",
"frontend-javascript-react:src/test/pwa/registerServiceWorker.test.js#registerServiceWorker registers /sw.js immediately via DS primitive in production","registers /sw.js immediately via DS primitive in production","passed","6ms",,,"expect([Function Mock]).toHaveBeenCalledWith(""/sw.js"") passed (1ms)
 expect([Function Mock]).toHaveBeenCalledWith(""controllerchange"", expect.any(Function)) passed (1ms)
  expect([Function Mock]).toHaveBeenCalled() passed (0s)","registerServiceWorker","registerServiceWorker",,"reference-app-copy,reference-app-copy","registerServiceWorker",
"frontend-typescript-vue:src/test/pwa/registerServiceWorker.test.ts#registerServiceWorker registers /sw.js immediately via DS primitive in production","registers /sw.js immediately via DS primitive in production","passed","6ms",,,"expect([Function Mock]).toHaveBeenCalledWith(""/sw.js"") passed (2ms)
 expect([Function Mock]).toHaveBeenCalledWith(""controllerchange"", expect.any(Function)) passed (1ms)
  expect([Function Mock]).toHaveBeenCalled() passed (0s)","registerServiceWorker","registerServiceWorker",,"reference-app-copy","registerServiceWorker",
"frontend-javascript-vue:src/test/pwa/registerServiceWorker.test.js#registerServiceWorker registers /sw.js immediately via DS primitive in production","registers /sw.js immediately via DS primitive in production","passed","6ms",,,"expect([Function Mock]).toHaveBeenCalledWith(""/sw.js"") passed (1ms)
 expect([Function Mock]).toHaveBeenCalledWith(""controllerchange"", expect.any(Function)) passed (1ms)
  expect([Function Mock]).toHaveBeenCalled() passed (0s)","registerServiceWorker","registerServiceWorker",,"reference-app-copy","registerServiceWorker",
"frontend-typescript-react:src/test/pwa/registerServiceWorker.test.ts#registerServiceWorker registers /sw.js immediately via DS primitive in production","registers /sw.js immediately via DS primitive in production","passed","7ms",,,"expect([Function Mock]).toHaveBeenCalledWith(""/sw.js"") passed (2ms)
 expect([Function Mock]).toHaveBeenCalledWith(""controllerchange"", expect.any(Function)) passed (1ms)
  expect([Function Mock]).toHaveBeenCalled() passed (0s)","registerServiceWorker","registerServiceWorker",,"reference-app-copy,reference-app-copy","registerServiceWorker",
"frontend-javascript-jquery:src/test/register.test.js#register page registers, stores the token and follows the redirect the API returns","registers, stores the token and follows the redirect the API returns","passed","79ms",,,"expect(""token-456"").toBe(""token-456"") passed (0s)
 expect([Function Mock]).toHaveBeenCalledWith(""/api/auth/register"", {""method"":""POST"",""headers"":{""Content-Type"":""application/json""},""body"":""{\""username\"":\""user1\"",\""password\"":\""password1\""}""}) passed (1ms)
  expect(""/"").toBe(""/"") passed (1ms)","register page",,,"reference-app-copy",,
"frontend-typescript-vanilla:src/test/pages/login.test.ts#login page rejects a short password without calling the API","rejects a short password without calling the API","passed","13ms",,,"expect({}).toHaveTextContent(""Password must be at least 6 characters"") passed (0s)
 expect([]).toHaveLength(0) passed (0s)","login page","login page",,"reference-app-copy","login page",
"frontend-typescript-vanilla:src/test/pages/login.test.ts#login page rejects empty credentials without calling the API","rejects empty credentials without calling the API","passed","18ms",,,"expect({}).toHaveTextContent(""Login and password are required (minimum 3 and 6 characters)"") passed (0s)
 expect([]).toHaveLength(0) passed (1ms)","login page","login page",,"reference-app-copy","login page",
"frontend-typescript-jquery:src/test/register.test.ts#register rejects mismatched passwords without calling the API","rejects mismatched passwords without calling the API","passed","67ms",,,"expect(null).not.toBeNull() failed (0s)
 expect({}).not.toBeNull() passed (0s)
  expect(""Passwords do not match"").toBe(""Passwords do not match"") passed (1ms)
   expect([]).toHaveLength(0) passed (0s)","register",,,"reference-app-copy",,
"frontend-typescript-vanilla:src/test/pages/register.test.ts#register page rejects mismatched passwords without calling the API","rejects mismatched passwords without calling the API","passed","9ms",,,"expect({}).toHaveTextContent(""Passwords do not match"") passed (0s)
 expect([]).toHaveLength(0) passed (0s)","register page","register page",,"reference-app-copy","register page",
"frontend-javascript-jquery:src/test/register.test.js#register page rejects mismatched passwords without calling the API","rejects mismatched passwords without calling the API","passed","175ms",,,"expect({}).toHaveTextContent(""Passwords do not match"") passed (0s)
 expect([Function Mock]).not.toHaveBeenCalled() passed (1ms)","register page",,,"reference-app-copy",,
"frontend-javascript-vue:src/test/pwa/pwa-register.test.js#pwa-register controllerchange reload reloads at most once per registration","reloads at most once per registration","passed","1ms",,,"expect([Function Mock]).toHaveBeenCalledTimes(1) passed (0s)","pwa-register controllerchange reload","pwa-register controllerchange reload",,"reference-app-copy","pwa-register controllerchange reload",
"frontend-typescript-vue:src/test/pwa/pwa-register.test.ts#pwa-register controllerchange reload reloads at most once per registration","reloads at most once per registration","passed","1ms",,,"expect([Function Mock]).toHaveBeenCalledTimes(1) passed (0s)","pwa-register controllerchange reload","pwa-register controllerchange reload",,"reference-app-copy","pwa-register controllerchange reload",
"frontend-typescript-react:src/test/pwa/pwa-register.test.ts#pwa-register controllerchange reload reloads at most once per registration","reloads at most once per registration","passed","1ms",,,"expect([Function Mock]).toHaveBeenCalledTimes(1) passed (0s)","pwa-register controllerchange reload","pwa-register controllerchange reload",,"reference-app-copy,reference-app-copy","pwa-register controllerchange reload",
"frontend-javascript-react:src/test/pwa/pwa-register.test.js#pwa-register controllerchange reload reloads at most once per registration","reloads at most once per registration","passed","1ms",,,"expect([Function Mock]).toHaveBeenCalledTimes(1) passed (0s)","pwa-register controllerchange reload","pwa-register controllerchange reload",,"reference-app-copy,reference-app-copy","pwa-register controllerchange reload",
"frontend-javascript-vue:src/test/pwa/pwa-register.test.js#pwa-register controllerchange reload reloads when an existing controller is replaced","reloads when an existing controller is replaced","passed","1ms",,,"expect([Function Mock]).toHaveBeenCalledTimes(1) passed (0s)","pwa-register controllerchange reload","pwa-register controllerchange reload",,"reference-app-copy","pwa-register controllerchange reload",
"frontend-typescript-react:src/test/pwa/pwa-register.test.ts#pwa-register controllerchange reload reloads when an existing controller is replaced","reloads when an existing controller is replaced","passed","1ms",,,"expect([Function Mock]).toHaveBeenCalledTimes(1) passed (1ms)","pwa-register controllerchange reload","pwa-register controllerchange reload",,"reference-app-copy,reference-app-copy","pwa-register controllerchange reload",
"frontend-typescript-vue:src/test/pwa/pwa-register.test.ts#pwa-register controllerchange reload reloads when an existing controller is replaced","reloads when an existing controller is replaced","passed","1ms",,,"expect([Function Mock]).toHaveBeenCalledTimes(1) passed (1ms)","pwa-register controllerchange reload","pwa-register controllerchange reload",,"reference-app-copy","pwa-register controllerchange reload",
"frontend-javascript-react:src/test/pwa/pwa-register.test.js#pwa-register controllerchange reload reloads when an existing controller is replaced","reloads when an existing controller is replaced","passed","1ms",,,"expect([Function Mock]).toHaveBeenCalledTimes(1) passed (0s)","pwa-register controllerchange reload","pwa-register controllerchange reload",,"reference-app-copy,reference-app-copy","pwa-register controllerchange reload",
"tests.testinfra.HarViewerHtmlTest.renderBuildsSelenoidLikeTableWithDetailsWithoutEmbeddedHarDataUri","renderBuildsSelenoidLikeTableWithDetailsWithoutEmbeddedHarDataUri()","passed","17ms",,,,,"tests.testinfra.HarViewerHtmlTest",,"Test harness","HAR viewer",
"frontend-typescript-jquery:src/test/home.test.ts#home renders the empty state when the API returns no items","renders the empty state when the API returns no items","passed","64ms",,,"expect(null).not.toBeNull() failed (1ms)
 expect({}).not.toBeNull() passed (0s)
  expect(""\n  \n    \n      \n      \n      \n    \n    \n      Items\n    \n  \n  No items found."").toContain(""No items found."") passed (0s)
   expect({""length"":0,""prevObject"":{""0"":""[Object]"",""length"":1}}).toHaveLength(0) passed (0s)","home",,,"reference-app-copy",,
"frontend-typescript-jquery:src/test/home.test.ts#home renders the health error copy when the health check fails","renders the health error copy when the health check fails","passed","60ms",,,"expect(null).not.toBeNull() failed (0s)
 expect({}).not.toBeNull() passed (0s)
  expect(""✗ health: HTTP 503"").toBe(""✗ health: HTTP 503"") passed (0s)
   expect(true).toBe(true) passed (0s)","home",,,"reference-app-copy",,
"frontend-typescript-jquery:src/test/home.test.ts#home renders the items error copy when the request fails","renders the items error copy when the request fails","passed","60ms",,,"expect(null).not.toBeNull() failed (0s)
 expect({}).not.toBeNull() passed (0s)
  expect(""✗ items: HTTP 500"").toBe(""✗ items: HTTP 500"") passed (0s)","home",,,"reference-app-copy",,
"frontend-javascript-jquery:src/test/login.test.js#login page renders the login panel and the register link","renders the login panel and the register link","passed","40ms",,,"expect({}).toBeInTheDocument() passed (1ms)
 expect({""0"":{},""1"":{},""2"":{},""jQuery400025215639904289711"":{""events"":""[Object]"",""handle"":""[Function]""}}).toBeInTheDocument() passed (0s)
  expect({}).toHaveAttribute(""href"", ""register"") passed (0s)","login page",,,"reference-app-copy",,
"frontend-typescript-vanilla:src/test/pages/login.test.ts#login page renders the login panel with a link to register","renders the login panel with a link to register","passed","78ms",,,"expect({}).toBeInTheDocument() passed (1ms)
 expect({}).toHaveTextContent(""Login Form"") passed (0s)
  expect({}).toHaveAttribute(""href"", ""register"") passed (0s)","login page","login page",,"reference-app-copy","login page",
"frontend-javascript-angular:src/test/pages/home.component.test.js#HomeComponent renders the module copy in the Reference App panel","renders the module copy in the Reference App panel","passed","22ms",,,"expect({""__ngContext__"":18}).toHaveTextContent(""JavaScript Angular SPA — items loaded from /api/items."") passed (0s)","HomeComponent","HomeComponent",,"reference-app-copy","HomeComponent",
"frontend-typescript-vanilla:src/test/pages/home.test.ts#home page renders the reference layout with health and items from the API","renders the reference layout with health and items from the API","passed","89ms",,,"expect({}).toBeInTheDocument() passed (1ms)
 expect({}).toHaveTextContent(""→ UP | service: reference-app | frontend: frontend-typescript-vanilla"") passed (0s)
  expect({}).toHaveTextContent(""Alpha"") passed (1ms)
   expect({}).toHaveTextContent(""First item"") passed (0s)","home page","home page",,"reference-app-copy","home page",
"frontend-typescript-jquery:src/test/home.test.ts#home renders the reference layout with health and items from the API","renders the reference layout with health and items from the API","passed","254ms",,,"expect(null).not.toBeNull() failed (1ms)
 expect({}).not.toBeNull() passed (1ms)
  expect({""0"":{},""length"":1,""prevObject"":{""0"":""[Object]"",""length"":1}}).toHaveLength(1) passed (1ms)
   expect({""0"":{},""length"":1,""prevObject"":{""0"":""[Object]"",""length"":1}}).toHaveLength(1) passed (0s)
    expect(""→ UP | service: reference-app | frontend: frontend-typescript-jquery"").toBe(""→ UP | service: reference-app | frontend: frontend-typescript-jquery"") passed (0s)
     expect({""0"":{},""length"":1,""prevObject"":{""0"":""[Object]"",""length"":1}}).toHaveLength(1) passed (0s)
      expect(""Alpha"").toBe(""Alpha"") passed (0s)
       expect(""First item"").toBe(""First item"") passed (0s)","home",,,"reference-app-copy",,
"frontend-typescript-angular:src/test/pages/home.component.test.ts#HomePage renders the reference layout with health and items from the API","renders the reference layout with health and items from the API","passed","212ms",,,"expect({""__ngContext__"":3}).toBeInTheDocument() passed (1ms)
 expect({""__ngContext__"":3}).toHaveTextContent(""→ UP | service: reference-app | frontend: frontend-typescript-angular"") failed (7ms)
  expect({""__ngContext__"":3}).toHaveTextContent(""→ UP | service: reference-app | frontend: frontend-typescript-angular"") passed (0s)
   expect({""__ngContext__"":14}).toHaveTextContent(""Alpha"") passed (0s)","HomePage","HomePage",,"reference-app-copy","HomePage",
"frontend-javascript-jquery:src/test/home.test.js#home page renders the reference layout with health and items from the API","renders the reference layout with health and items from the API","passed","79ms",,,"expect({}).toBeInTheDocument() passed (1ms)
 expect({}).toBeInTheDocument() passed (0s)
  expect({}).toHaveTextContent(""→ UP | service: reference-app | frontend: frontend-javascript-jquery"") passed (1ms)
   expect({}).toHaveTextContent(""Alpha"") passed (0s)
    expect({}).toHaveTextContent(""First item"") passed (0s)","home page",,,"reference-app-copy",,
"frontend-typescript-vue:src/test/pages/HomePage.test.ts#HomePage renders the reference layout with health and items from the API","renders the reference layout with health and items from the API","passed","85ms",,,"expect({}).toBeInTheDocument() passed (1ms)
 expect({}).toHaveTextContent(""→ UP | service: reference-app | frontend: frontend-typescript-vue"") failed (4ms)
  expect({}).toHaveTextContent(""→ UP | service: reference-app | frontend: frontend-typescript-vue"") passed (0s)
   expect({}).toHaveTextContent(""Alpha"") passed (0s)","HomePage","HomePage",,"reference-app-copy","HomePage",
"frontend-javascript-angular:src/test/pages/home.component.test.js#HomeComponent renders the reference layout with health and items from the API","renders the reference layout with health and items from the API","passed","183ms",,,"expect({""__ngContext__"":1}).toBeInTheDocument() passed (1ms)
 expect({""__ngContext__"":1}).toHaveTextContent(""→ UP | service: reference-app | frontend: frontend-javascript-angular"") failed (6ms)
  expect({""__ngContext__"":1}).toHaveTextContent(""→ UP | service: reference-app | frontend: frontend-javascript-angular"") passed (0s)
   expect({""__ngContext__"":14}).toHaveTextContent(""Alpha"") passed (0s)","HomeComponent","HomeComponent",,"reference-app-copy","HomeComponent",
"frontend-typescript-react:src/test/pages/HomePage.test.tsx#HomePage renders the reference layout with health and items from the API","renders the reference layout with health and items from the API","passed","120ms",,,"expect({""__reactFiber$x75ctkw1a67"":{""tag"":5,""key"":null,""elementType"":""main"",""type"":""main"",""stateNode"":""[Circular]"",""return"":""[Object]"",""child"":""[Object]"",""sibling"":nul... <truncated>).toBeInTheDocument() passed (1ms)
 expect({""__reactFiber$x75ctkw1a67"":{""tag"":5,""key"":null,""elementType"":""p"",""type"":""p"",""stateNode"":""[Circular]"",""return"":""[Object]"",""child"":null,""sibling"":null,""index"":0,... <truncated>).toHaveTextContent(""→ UP | service: reference-app | frontend: frontend-typescript-react"") failed (8ms)
  expect({""__reactFiber$x75ctkw1a67"":{""tag"":5,""key"":null,""elementType"":""p"",""type"":""p"",""stateNode"":""[Circular]"",""return"":""[Object]"",""child"":null,""sibling"":null,""index"":0,... <truncated>).toHaveTextContent(""→ UP | service: reference-app | frontend: frontend-typescript-react"") passed (0s)
   expect({""__reactFiber$x75ctkw1a67"":{""tag"":5,""key"":null,""elementType"":""div"",""type"":""div"",""stateNode"":""[Circular]"",""return"":""[Object]"",""child"":""[Object]"",""sibling"":null,... <truncated>).toHaveTextContent(""Alpha"") passed (0s)","HomePage","HomePage",,"reference-app-copy,reference-app-copy","HomePage",
"frontend-javascript-react:src/test/pages/HomePage.test.jsx#HomePage renders the reference layout with health and items from the API","renders the reference layout with health and items from the API","passed","103ms",,,"expect({""__reactFiber$gkjkeq4kkd5"":{""tag"":5,""key"":null,""elementType"":""main"",""type"":""main"",""stateNode"":""[Circular]"",""return"":""[Object]"",""child"":""[Object]"",""sibling"":nul... <truncated>).toBeInTheDocument() passed (1ms)
 expect({""__reactFiber$gkjkeq4kkd5"":{""tag"":5,""key"":null,""elementType"":""p"",""type"":""p"",""stateNode"":""[Circular]"",""return"":""[Object]"",""child"":null,""sibling"":null,""index"":0,... <truncated>).toHaveTextContent(""→ UP | service: reference-app | frontend: frontend-javascript-react"") failed (5ms)
  expect({""__reactFiber$gkjkeq4kkd5"":{""tag"":5,""key"":null,""elementType"":""p"",""type"":""p"",""stateNode"":""[Circular]"",""return"":""[Object]"",""child"":null,""sibling"":null,""index"":0,... <truncated>).toHaveTextContent(""→ UP | service: reference-app | frontend: frontend-javascript-react"") passed (0s)
   expect({""__reactFiber$gkjkeq4kkd5"":{""tag"":5,""key"":null,""elementType"":""div"",""type"":""div"",""stateNode"":""[Circular]"",""return"":""[Object]"",""child"":""[Object]"",""sibling"":null,... <truncated>).toHaveTextContent(""Alpha"") passed (0s)","HomePage","HomePage",,"reference-app-copy,reference-app-copy","HomePage",
"frontend-javascript-vue:src/test/pages/HomePage.test.js#HomePage renders the reference layout with health and items from the API","renders the reference layout with health and items from the API","passed","136ms",,,"expect({}).toBeInTheDocument() passed (1ms)
 expect({}).toHaveTextContent(""→ UP | service: reference-app | frontend: frontend-javascript-vue"") failed (15ms)
  expect({}).toHaveTextContent(""→ UP | service: reference-app | frontend: frontend-javascript-vue"") passed (1ms)
   expect({}).toHaveTextContent(""Alpha"") passed (0s)","HomePage","HomePage",,"reference-app-copy","HomePage",
"frontend-typescript-vanilla:src/test/pages/register.test.ts#register page renders the register panel with a confirm field and a link to login","renders the register panel with a confirm field and a link to login","passed","50ms",,,"expect({}).toBeInTheDocument() passed (1ms)
 expect({}).toHaveTextContent(""Register"") passed (0s)
  expect({}).toHaveAttribute(""type"", ""password"") passed (0s)
   expect({}).toHaveAttribute(""href"", ""login"") passed (0s)","register page","register page",,"reference-app-copy","register page",
"frontend-javascript-jquery:src/test/register.test.js#register page renders the register panel, the confirm field and the login link","renders the register panel, the confirm field and the login link","passed","34ms",,,"expect({}).toBeInTheDocument() passed (1ms)
 expect({}).toBeInTheDocument() passed (0s)
  expect({}).toHaveAttribute(""href"", ""login"") passed (1ms)","register page",,,"reference-app-copy",,
"frontend-typescript-angular:src/test/pages/home.component.test.ts#HomePage renders the session panel with the canonical design-system markup","renders the session panel with the canonical design-system markup","passed","20ms",,,"expect({""__ngContext__"":54}).toBeInTheDocument() passed (0s)
 expect({""__ngContext__"":54}).toHaveClass(""panel"", ""panel--content"") passed (0s)
  expect({""__ngContext__"":56}).toHaveClass(""panel__body"", ""reference-app__welcome-body"") passed (0s)
   expect({""__ngContext__"":54}).toHaveClass(""btn"", ""btn--primary"") passed (1ms)
    expect({""__ngContext__"":54}).toHaveClass(""btn"", ""btn--danger"") passed (0s)","HomePage","HomePage",,"reference-app-copy","HomePage",
"frontend-typescript-angular:src/test/pages/home.component.test.ts#HomePage reports health and items failures with the canonical prefixes","reports health and items failures with the canonical prefixes","passed","15ms",,,"expect({""__ngContext__"":174}).toHaveTextContent(""✗ health: HTTP 503"") failed (0s)
 expect({""__ngContext__"":174}).toHaveTextContent(""✗ health: HTTP 503"") passed (0s)
  expect({}).toHaveTextContent(""✗ items: HTTP 500"") passed (0s)","HomePage","HomePage",,"reference-app-copy","HomePage",
"frontend-typescript-vanilla:src/test/lib/appBase.test.ts#appBase at the document root reports the module id as the mount","reports the module id as the mount","passed","3ms",,,"expect(""frontend-typescript-vanilla"").toBe(""frontend-typescript-vanilla"") passed (1ms)","appBase at the document root","appBase at the document root",,"reference-app-copy","appBase at the document root",
"frontend-typescript-jquery:src/test/auth.test.ts#validateCredentials requires both when empty","requires both when empty","passed","4ms",,,"expect(""Login and password are required (minimum 3 and 6 characters)"").toBe(""Login and password are required (minimum 3 and 6 characters)"") passed (1ms)","validateCredentials",,,"reference-app-copy",,
"frontend-javascript-react:src/test/lib/auth.test.js#validateCredentials requires both when empty","requires both when empty","passed","4ms",,,"expect(""Login and password are required (minimum 3 and 6 characters)"").toBe(""Login and password are required (minimum 3 and 6 characters)"") passed (0s)","validateCredentials","validateCredentials",,"reference-app-copy,reference-app-copy","validateCredentials",
"frontend-javascript-vue:src/test/lib/auth.test.js#validateCredentials requires both when empty","requires both when empty","passed","4ms",,,"expect(""Login and password are required (minimum 3 and 6 characters)"").toBe(""Login and password are required (minimum 3 and 6 characters)"") passed (0s)","validateCredentials","validateCredentials",,"reference-app-copy","validateCredentials",
"frontend-typescript-vanilla:src/test/lib/auth.test.ts#validateCredentials requires both when empty","requires both when empty","passed","5ms",,,"expect(""Login and password are required (minimum 3 and 6 characters)"").toBe(""Login and password are required (minimum 3 and 6 characters)"") passed (0s)","validateCredentials","validateCredentials",,"reference-app-copy","validateCredentials",
"frontend-typescript-angular:src/test/lib/auth.test.ts#validateCredentials requires both when empty","requires both when empty","passed","6ms",,,"expect(""Login and password are required (minimum 3 and 6 characters)"").toBe(""Login and password are required (minimum 3 and 6 characters)"") passed (1ms)","validateCredentials","validateCredentials",,"reference-app-copy","validateCredentials",
"frontend-typescript-react:src/test/lib/auth.test.ts#validateCredentials requires both when empty","requires both when empty","passed","5ms",,,"expect(""Login and password are required (minimum 3 and 6 characters)"").toBe(""Login and password are required (minimum 3 and 6 characters)"") passed (1ms)","validateCredentials","validateCredentials",,"reference-app-copy,reference-app-copy","validateCredentials",
"frontend-javascript-angular:src/test/lib/auth.test.js#validateCredentials requires both when empty","requires both when empty","passed","5ms",,,"expect(""Login and password are required (minimum 3 and 6 characters)"").toBe(""Login and password are required (minimum 3 and 6 characters)"") passed (1ms)","validateCredentials","validateCredentials",,"reference-app-copy","validateCredentials",
"frontend-javascript-jquery:src/test/auth.test.js#validateCredentials requires both when empty","requires both when empty","passed","1ms",,,"expect(""Login and password are required (minimum 3 and 6 characters)"").toBe(""Login and password are required (minimum 3 and 6 characters)"") passed (0s)","validateCredentials",,,"reference-app-copy",,
"frontend-typescript-vue:src/test/lib/auth.test.ts#validateCredentials requires both when empty","requires both when empty","passed","4ms",,,"expect(""Login and password are required (minimum 3 and 6 characters)"").toBe(""Login and password are required (minimum 3 and 6 characters)"") passed (1ms)","validateCredentials","validateCredentials",,"reference-app-copy","validateCredentials",
"frontend-typescript-react:src/test/lib/auth.test.ts#validateCredentials requires login","requires login","passed","1ms",,,"expect(""Login is required (minimum 3 characters)"").toBe(""Login is required (minimum 3 characters)"") passed (0s)","validateCredentials","validateCredentials",,"reference-app-copy,reference-app-copy","validateCredentials",
"frontend-typescript-vanilla:src/test/lib/auth.test.ts#validateCredentials requires login","requires login","passed","1ms",,,"expect(""Login is required (minimum 3 characters)"").toBe(""Login is required (minimum 3 characters)"") passed (0s)","validateCredentials","validateCredentials",,"reference-app-copy","validateCredentials",
"frontend-typescript-angular:src/test/lib/auth.test.ts#validateCredentials requires login","requires login","passed","1ms",,,"expect(""Login is required (minimum 3 characters)"").toBe(""Login is required (minimum 3 characters)"") passed (0s)","validateCredentials","validateCredentials",,"reference-app-copy","validateCredentials",
"frontend-javascript-angular:src/test/lib/auth.test.js#validateCredentials requires login","requires login","passed","1ms",,,"expect(""Login is required (minimum 3 characters)"").toBe(""Login is required (minimum 3 characters)"") passed (0s)","validateCredentials","validateCredentials",,"reference-app-copy","validateCredentials",
"frontend-typescript-vue:src/test/lib/auth.test.ts#validateCredentials requires login","requires login","passed","1ms",,,"expect(""Login is required (minimum 3 characters)"").toBe(""Login is required (minimum 3 characters)"") passed (0s)","validateCredentials","validateCredentials",,"reference-app-copy","validateCredentials",
"frontend-typescript-jquery:src/test/auth.test.ts#validateCredentials requires login","requires login","passed","1ms",,,"expect(""Login is required (minimum 3 characters)"").toBe(""Login is required (minimum 3 characters)"") passed (0s)","validateCredentials",,,"reference-app-copy",,
"frontend-javascript-vue:src/test/lib/auth.test.js#validateCredentials requires login","requires login","passed","1ms",,,"expect(""Login is required (minimum 3 characters)"").toBe(""Login is required (minimum 3 characters)"") passed (0s)","validateCredentials","validateCredentials",,"reference-app-copy","validateCredentials",
"frontend-javascript-react:src/test/lib/auth.test.js#validateCredentials requires login","requires login","passed","1ms",,,"expect(""Login is required (minimum 3 characters)"").toBe(""Login is required (minimum 3 characters)"") passed (0s)","validateCredentials","validateCredentials",,"reference-app-copy,reference-app-copy","validateCredentials",
"frontend-javascript-jquery:src/test/auth.test.js#validateCredentials requires login","requires login","passed","1ms",,,"expect(""Login is required (minimum 3 characters)"").toBe(""Login is required (minimum 3 characters)"") passed (0s)","validateCredentials",,,"reference-app-copy",,
"frontend-javascript-react:src/test/lib/auth.test.js#validateCredentials requires password","requires password","passed","1ms",,,"expect(""Password is required (minimum 6 characters)"").toBe(""Password is required (minimum 6 characters)"") passed (0s)","validateCredentials","validateCredentials",,"reference-app-copy,reference-app-copy","validateCredentials",
"frontend-typescript-vanilla:src/test/lib/auth.test.ts#validateCredentials requires password","requires password","passed","1ms",,,"expect(""Password is required (minimum 6 characters)"").toBe(""Password is required (minimum 6 characters)"") passed (0s)","validateCredentials","validateCredentials",,"reference-app-copy","validateCredentials",
"frontend-typescript-angular:src/test/lib/auth.test.ts#validateCredentials requires password","requires password","passed","1ms",,,"expect(""Password is required (minimum 6 characters)"").toBe(""Password is required (minimum 6 characters)"") passed (0s)","validateCredentials","validateCredentials",,"reference-app-copy","validateCredentials",
"frontend-typescript-react:src/test/lib/auth.test.ts#validateCredentials requires password","requires password","passed","0s",,,"expect(""Password is required (minimum 6 characters)"").toBe(""Password is required (minimum 6 characters)"") passed (1ms)","validateCredentials","validateCredentials",,"reference-app-copy,reference-app-copy","validateCredentials",
"frontend-javascript-jquery:src/test/auth.test.js#validateCredentials requires password","requires password","passed","0s",,,"expect(""Password is required (minimum 6 characters)"").toBe(""Password is required (minimum 6 characters)"") passed (0s)","validateCredentials",,,"reference-app-copy",,
"frontend-javascript-vue:src/test/lib/auth.test.js#validateCredentials requires password","requires password","passed","1ms",,,"expect(""Password is required (minimum 6 characters)"").toBe(""Password is required (minimum 6 characters)"") passed (0s)","validateCredentials","validateCredentials",,"reference-app-copy","validateCredentials",
"frontend-typescript-jquery:src/test/auth.test.ts#validateCredentials requires password","requires password","passed","0s",,,"expect(""Password is required (minimum 6 characters)"").toBe(""Password is required (minimum 6 characters)"") passed (0s)","validateCredentials",,,"reference-app-copy",,
"frontend-javascript-angular:src/test/lib/auth.test.js#validateCredentials requires password","requires password","passed","1ms",,,"expect(""Password is required (minimum 6 characters)"").toBe(""Password is required (minimum 6 characters)"") passed (0s)","validateCredentials","validateCredentials",,"reference-app-copy","validateCredentials",
"frontend-typescript-vue:src/test/lib/auth.test.ts#validateCredentials requires password","requires password","passed","1ms",,,"expect(""Password is required (minimum 6 characters)"").toBe(""Password is required (minimum 6 characters)"") passed (0s)","validateCredentials","validateCredentials",,"reference-app-copy","validateCredentials",
"tests.testinfra.ConfigReaderTest.resolveApiBaseUrlFailsWhenBothEmpty","resolveApiBaseUrl fails fast when apiBaseUrl and hubUrl are empty","passed","3ms",,,,,"ConfigReader",,"Test harness","ConfigReader",
"tests.testinfra.ConfigReaderTest.resolveApiBaseUrlFallsBackToHubUrl","resolveApiBaseUrl falls back to hubUrl when apiBaseUrl is empty","passed","3ms",,,,,"ConfigReader",,"Test harness","ConfigReader",
"tests.testinfra.ConfigReaderTest.resolveApiBaseUrlPrefersExplicitKey","resolveApiBaseUrl prefers apiBaseUrl over hubUrl","passed","136ms",,,,,"ConfigReader",,"Test harness","ConfigReader",
"tests.testinfra.ConfigReaderTest.resolveApiBaseUrlUsesLoadedConfig","resolveApiBaseUrl uses loaded config","passed","2ms",,,,,"ConfigReader",,"Test harness","ConfigReader",
"frontend-javascript-react:src/test/lib/auth.test.js#network failures resolveAuthErrorMessage prefers the API message and falls back last","resolveAuthErrorMessage prefers the API message and falls back last","passed","1ms",,,"expect(""Wrong login or password"").toBe(""Wrong login or password"") passed (0s)
 expect(""fb"").toBe(""fb"") passed (0s)
  expect(""fb"").toBe(""fb"") passed (0s)","network failures","network failures",,"reference-app-copy,reference-app-copy","network failures",
"frontend-typescript-react:src/test/lib/auth.test.ts#network failures resolveAuthErrorMessage prefers the API message and falls back last","resolveAuthErrorMessage prefers the API message and falls back last","passed","1ms",,,"expect(""Wrong login or password"").toBe(""Wrong login or password"") passed (0s)
 expect(""fb"").toBe(""fb"") passed (0s)
  expect(""fb"").toBe(""fb"") passed (0s)","network failures","network failures",,"reference-app-copy,reference-app-copy","network failures",
"frontend-javascript-jquery:src/test/auth.test.js#network failures resolveAuthErrorMessage prefers the API message and falls back last","resolveAuthErrorMessage prefers the API message and falls back last","passed","1ms",,,"expect(""Wrong login or password"").toBe(""Wrong login or password"") passed (0s)
 expect(""fb"").toBe(""fb"") passed (0s)
  expect(""fb"").toBe(""fb"") passed (0s)","network failures",,,"reference-app-copy",,
"frontend-typescript-vanilla:src/test/lib/auth.test.ts#network failures resolveAuthErrorMessage prefers the API message and falls back last","resolveAuthErrorMessage prefers the API message and falls back last","passed","1ms",,,"expect(""Wrong login or password"").toBe(""Wrong login or password"") passed (0s)
 expect(""fb"").toBe(""fb"") passed (0s)
  expect(""fb"").toBe(""fb"") passed (0s)","network failures","network failures",,"reference-app-copy","network failures",
"frontend-typescript-jquery:src/test/auth.test.ts#network failures resolveAuthErrorMessage prefers the API message and falls back last","resolveAuthErrorMessage prefers the API message and falls back last","passed","1ms",,,"expect(""Wrong login or password"").toBe(""Wrong login or password"") passed (0s)
 expect(""fb"").toBe(""fb"") passed (0s)
  expect(""fb"").toBe(""fb"") passed (0s)","network failures",,,"reference-app-copy",,
"tests.testinfra.ConfigReaderTest.resolveBaseUrlAddsTrailingSlash","resolveBaseUrl adds trailing slash to HTTP baseUrl","passed","3ms",,,,,"ConfigReader",,"Test harness","ConfigReader",
"tests.testinfra.ConfigReaderTest.resolveBaseUrlFailsWhenBothEmpty","resolveBaseUrl fails fast when baseUrl and basePath are empty","passed","7ms",,,,,"ConfigReader",,"Test harness","ConfigReader",
"tests.testinfra.ConfigReaderTest.resolveBaseUrlFailsWhenBasePathMissing","resolveBaseUrl fails when basePath directory is missing","passed","3ms",,,,,"ConfigReader",,"Test harness","ConfigReader",
"tests.testinfra.ConfigReaderTest.resolveBaseUrlKeepsTrailingSlash","resolveBaseUrl keeps trailing slash on baseUrl","passed","3ms",,,,,"ConfigReader",,"Test harness","ConfigReader",
"tests.testinfra.ConfigReaderTest.resolveBaseUrlFromBasePath","resolveBaseUrl maps basePath to file URL with trailing slash","passed","17ms",,,,,"ConfigReader",,"Test harness","ConfigReader",
"tests.testinfra.ConfigReaderTest.resolveBaseUrlResolvesRelativeBasePath","resolveBaseUrl resolves relative basePath against user dir","passed","3ms",,,,,"ConfigReader",,"Test harness","ConfigReader",
"tests.testinfra.ConfigReaderTest.resolveBaseUrlUsesLoadedConfig","resolveBaseUrl uses loaded config","passed","2ms",,,,,"ConfigReader",,"Test harness","ConfigReader",
"frontend-typescript-vanilla:src/test/lib/appBase.test.ts#appBase path matrix resolves /{backend}/{frontend} to a backend-scoped API and token key","resolves /{backend}/{frontend} to a backend-scoped API and token key","passed","2ms",,,"expect(""backend-java-spring"").toBe(""backend-java-spring"") passed (0s)
 expect(""/backend-java-spring/frontend-typescript-vanilla"").toBe(""/backend-java-spring/frontend-typescript-vanilla"") passed (0s)
  expect(""/backend-java-spring/api"").toBe(""/backend-java-spring/api"") passed (0s)
   expect(""/backend-java-spring/frontend-typescript-vanilla/login"").toBe(""/backend-java-spring/frontend-typescript-vanilla/login"") passed (0s)
    expect(""/backend-java-spring/api/auth/me"").toBe(""/backend-java-spring/api/auth/me"") passed (0s)
     expect(""authToken:backend-java-spring"").toBe(""authToken:backend-java-spring"") passed (0s)","appBase path matrix","appBase path matrix",,"reference-app-copy","appBase path matrix",
"frontend-typescript-vanilla:src/test/lib/appBase.test.ts#appBase path matrix resolves a bare /{frontend} mount against the shared /api","resolves a bare /{frontend} mount against the shared /api","passed","1ms",,,"expect(null).toBeNull() passed (0s)
 expect(""/frontend-typescript-vanilla"").toBe(""/frontend-typescript-vanilla"") passed (0s)
  expect(""/api"").toBe(""/api"") passed (0s)
   expect(""authToken"").toBe(""authToken"") passed (0s)","appBase path matrix","appBase path matrix",,"reference-app-copy","appBase path matrix",
"tests.testinfra.TokensCssTest.resolveTokensCssPathFallsBackToBackendCandidate","resolveTokensCssPath falls back to backend candidate","passed","2ms",,,,,"TokensCss",,"Test harness","Tokens CSS",
"tests.testinfra.TokensCssTest.resolveTokensCssPathPrefersFrontendCandidate","resolveTokensCssPath prefers frontend candidate","passed","6ms",,,,,"TokensCss",,"Test harness","Tokens CSS",
"tests.testinfra.ConfigReaderTest.resolveWebBaseUrlStripsTrailingSlashFromLoadedConfig","resolveWebBaseUrl strips trailing slash from loaded config","passed","1ms",,,,,"ConfigReader",,"Test harness","ConfigReader",
"frontend-javascript-react:src/test/App.test.jsx#App routes /login to the login form","routes /login to the login form","passed","12ms",,,"expect({""__reactFiber$mv7fm8klr0l"":{""tag"":5,""key"":null,""elementType"":""span"",""type"":""span"",""stateNode"":""[Circular]"",""return"":""[Object]"",""child"":null,""sibling"":null,""ind... <truncated>).toHaveTextContent(""Login Form"") passed (0s)","App","App",,"reference-app-copy,reference-app-copy","App",
"frontend-typescript-react:src/test/App.test.tsx#App routes /login to the login form","routes /login to the login form","passed","21ms",,,"expect({""__reactFiber$0i1wacr4ajzu"":{""tag"":5,""key"":null,""elementType"":""span"",""type"":""span"",""stateNode"":""[Circular]"",""return"":""[Object]"",""child"":null,""sibling"":null,""in... <truncated>).toHaveTextContent(""Login Form"") passed (1ms)","App","App",,"reference-app-copy,reference-app-copy","App",
"frontend-javascript-angular:src/test/app.component.test.js#AppComponent routes /login to the login form","routes /login to the login form","passed","36ms",,,"expect({""__ngContext__"":28}).toHaveTextContent(""Login Form"") passed (0s)","AppComponent","AppComponent",,"reference-app-copy","AppComponent",
"frontend-typescript-angular:src/test/app.component.test.ts#AppComponent routes /login to the login form","routes /login to the login form","passed","39ms",,,"expect({""__ngContext__"":23}).toHaveTextContent(""Login Form"") passed (0s)","AppComponent","AppComponent",,"reference-app-copy","AppComponent",
"frontend-typescript-react:src/test/App.test.tsx#App routes /register to the register form","routes /register to the register form","passed","14ms",,,"expect({""__reactFiber$0i1wacr4ajzu"":{""tag"":5,""key"":null,""elementType"":""span"",""type"":""span"",""stateNode"":""[Circular]"",""return"":""[Object]"",""child"":null,""sibling"":null,""in... <truncated>).toHaveTextContent(""Register"") passed (0s)","App","App",,"reference-app-copy,reference-app-copy","App",
"frontend-javascript-react:src/test/App.test.jsx#App routes /register to the register form","routes /register to the register form","passed","9ms",,,"expect({""__reactFiber$mv7fm8klr0l"":{""tag"":5,""key"":null,""elementType"":""span"",""type"":""span"",""stateNode"":""[Circular]"",""return"":""[Object]"",""child"":null,""sibling"":null,""ind... <truncated>).toHaveTextContent(""Register"") passed (0s)","App","App",,"reference-app-copy,reference-app-copy","App",
"frontend-typescript-angular:src/test/app.component.test.ts#AppComponent routes /register to the register form","routes /register to the register form","passed","36ms",,,"expect({""__ngContext__"":30}).toHaveTextContent(""Register"") passed (0s)","AppComponent","AppComponent",,"reference-app-copy","AppComponent",
"frontend-javascript-angular:src/test/app.component.test.js#AppComponent routes /register to the register form","routes /register to the register form","passed","22ms",,,"expect({""__ngContext__"":41}).toHaveTextContent(""Register"") passed (0s)","AppComponent","AppComponent",,"reference-app-copy","AppComponent",
"dev.reference.app.config.CorsConfigTest.sameHostUsesServerName","sameHost falls back to server name when Host header is absent","passed","2ms",,,,,"CorsConfig",,"Security","CORS",
"dev.reference.app.config.CorsConfigTest.sameHostFallsBackWhenHostHeaderBlank","sameHost falls back to server name when Host header is blank","passed","1s 608ms",,,,,"CorsConfig",,"Security","CORS",
"dev.reference.app.config.CorsConfigTest.sameHostUsesHostHeader","sameHost matches Origin host to the Host header","passed","2ms",,,,,"CorsConfig",,"Security","CORS",
"dev.reference.app.config.CorsConfigTest.sameHostRejectsInvalidOrigin","sameHost rejects malformed and host-less origins","passed","3ms",,,,,"CorsConfig",,"Security","CORS",
"frontend-typescript-vue:src/test/pages/LoginPage.test.ts#LoginPage saves the session and follows redirectUrl on a successful login","saves the session and follows redirectUrl on a successful login","passed","104ms",,,"expect(""fresh-token"").toBe(""fresh-token"") passed (0s)
 expect(""/"").toBe(""/"") passed (0s)","LoginPage","LoginPage",,"reference-app-copy","LoginPage",
"frontend-typescript-angular:src/test/pages/login.component.test.ts#LoginPage saves the session and follows redirectUrl on a successful login","saves the session and follows redirectUrl on a successful login","passed","93ms",,,"expect(""fresh-token"").toBe(""fresh-token"") passed (1ms)
 expect(""/"").toBe(""/"") passed (0s)","LoginPage","LoginPage",,"reference-app-copy","LoginPage",
"frontend-javascript-angular:src/test/pages/login.component.test.js#LoginComponent saves the session and follows redirectUrl on a successful login","saves the session and follows redirectUrl on a successful login","passed","102ms",,,"expect(""fresh-token"").toBe(""fresh-token"") passed (0s)
 expect(""/"").toBe(""/"") passed (1ms)","LoginComponent","LoginComponent",,"reference-app-copy","LoginComponent",
"frontend-javascript-vue:src/test/pages/LoginPage.test.js#LoginPage saves the session and follows redirectUrl on a successful login","saves the session and follows redirectUrl on a successful login","passed","105ms",,,"expect(""fresh-token"").toBe(""fresh-token"") passed (0s)
 expect(""/"").toBe(""/"") passed (0s)","LoginPage","LoginPage",,"reference-app-copy","LoginPage",
"frontend-javascript-angular:src/test/pages/register.component.test.js#RegisterComponent saves the session and follows redirectUrl on a successful registration","saves the session and follows redirectUrl on a successful registration","passed","128ms",,,"expect(""new-token"").toBe(""new-token"") passed (0s)
 expect(""/"").toBe(""/"") passed (0s)","RegisterComponent","RegisterComponent",,"reference-app-copy","RegisterComponent",
"frontend-typescript-vue:src/test/pages/RegisterPage.test.ts#RegisterPage saves the session and follows redirectUrl on a successful registration","saves the session and follows redirectUrl on a successful registration","passed","124ms",,,"expect(""new-token"").toBe(""new-token"") passed (0s)
 expect(""/"").toBe(""/"") passed (0s)","RegisterPage","RegisterPage",,"reference-app-copy","RegisterPage",
"frontend-typescript-angular:src/test/pages/register.component.test.ts#RegisterPage saves the session and follows redirectUrl on a successful registration","saves the session and follows redirectUrl on a successful registration","passed","131ms",,,"expect(""new-token"").toBe(""new-token"") passed (0s)
 expect(""/"").toBe(""/"") passed (0s)","RegisterPage","RegisterPage",,"reference-app-copy","RegisterPage",
"frontend-javascript-vue:src/test/pages/RegisterPage.test.js#RegisterPage saves the session and follows redirectUrl on a successful registration","saves the session and follows redirectUrl on a successful registration","passed","132ms",,,"expect(""new-token"").toBe(""new-token"") passed (0s)
 expect(""/"").toBe(""/"") passed (0s)","RegisterPage","RegisterPage",,"reference-app-copy","RegisterPage",
"frontend-typescript-jquery:src/test/appBase.test.ts#appBase — mount precedence scopes auth token keys per backend and shares them across frontends","scopes auth token keys per backend and shares them across frontends","passed","1ms",,,"expect(""authToken:backend-java-spring"").toBe(""authToken:backend-java-spring"") passed (0s)
 expect(""authToken:backend-python-fastapi"").toBe(""authToken:backend-python-fastapi"") passed (0s)
  expect(""authToken:backend-python-fastapi"").toBe(""authToken:backend-python-fastapi"") passed (0s)","appBase — mount precedence",,,"reference-app-copy",,
"frontend-javascript-angular:src/test/lib/app-base.test.js#app-base — mount precedence scopes auth token keys per backend and shares them across frontends","scopes auth token keys per backend and shares them across frontends","passed","4ms",,,"expect(""authToken:backend-java-spring"").toBe(""authToken:backend-java-spring"") passed (0s)
 expect(""authToken:backend-python-fastapi"").toBe(""authToken:backend-python-fastapi"") passed (0s)
  expect(""authToken:backend-python-fastapi"").toBe(""authToken:backend-python-fastapi"") passed (0s)","app-base — mount precedence","app-base — mount precedence",,"reference-app-copy","app-base — mount precedence",
"frontend-javascript-react:src/test/lib/appBase.test.js#appBase — mount precedence scopes auth token keys per backend and shares them across frontends","scopes auth token keys per backend and shares them across frontends","passed","3ms",,,"expect(""authToken:backend-java-spring"").toBe(""authToken:backend-java-spring"") passed (0s)
 expect(""authToken:backend-python-fastapi"").toBe(""authToken:backend-python-fastapi"") passed (0s)
  expect(""authToken:backend-python-fastapi"").toBe(""authToken:backend-python-fastapi"") passed (0s)","appBase — mount precedence","appBase — mount precedence",,"reference-app-copy,reference-app-copy","appBase — mount precedence",
"frontend-typescript-angular:src/test/lib/app-base.test.ts#appBase — mount precedence scopes auth token keys per backend and shares them across frontends","scopes auth token keys per backend and shares them across frontends","passed","2ms",,,"expect(""authToken:backend-java-spring"").toBe(""authToken:backend-java-spring"") passed (0s)
 expect(""authToken:backend-python-fastapi"").toBe(""authToken:backend-python-fastapi"") passed (0s)
  expect(""authToken:backend-python-fastapi"").toBe(""authToken:backend-python-fastapi"") passed (0s)","appBase — mount precedence","appBase — mount precedence",,"reference-app-copy","appBase — mount precedence",
"frontend-typescript-react:src/test/lib/appBase.test.ts#appBase — mount precedence scopes auth token keys per backend and shares them across frontends","scopes auth token keys per backend and shares them across frontends","passed","2ms",,,"expect(""authToken:backend-java-spring"").toBe(""authToken:backend-java-spring"") passed (0s)
 expect(""authToken:backend-python-fastapi"").toBe(""authToken:backend-python-fastapi"") passed (0s)
  expect(""authToken:backend-python-fastapi"").toBe(""authToken:backend-python-fastapi"") passed (0s)","appBase — mount precedence","appBase — mount precedence",,"reference-app-copy,reference-app-copy","appBase — mount precedence",
"frontend-typescript-vanilla:src/test/lib/appBase.test.ts#authTokenStorageKey scopes the key by backend so sessions do not leak across backends","scopes the key by backend so sessions do not leak across backends","passed","0s",,,"expect(""authToken:backend-python-fastapi"").toBe(""authToken:backend-python-fastapi"") passed (0s)
 expect(""authToken"").toBe(""authToken"") passed (0s)","authTokenStorageKey","authTokenStorageKey",,"reference-app-copy","authTokenStorageKey",
"tests.integration.SeedDataIntegrationTests.seededUserIsReadyAfterDeploy","Seed user user1 is present and can authenticate","passed","621ms",,,,,"Seed data",,"Deploy readiness","Seed data",
"frontend-javascript-jquery:src/test/auth.test.js#deleteAccount sends DELETE /auth/me with the bearer token and clears the session","sends DELETE /auth/me with the bearer token and clears the session","passed","1ms",,,"expect([Function Mock]).toHaveBeenCalledTimes(1) passed (0s)
 expect([Function Mock]).toHaveBeenCalledWith(""/api/auth/me"", {""method"":""DELETE"",""headers"":{""Authorization"":""Bearer token-123""}}) passed (0s)
  expect(null).toBeNull() passed (0s)","deleteAccount",,,"reference-app-copy",,
"frontend-typescript-jquery:src/test/auth.test.ts#deleteAccount sends DELETE /auth/me with the bearer token and clears the session","sends DELETE /auth/me with the bearer token and clears the session","passed","2ms",,,"expect([Function Mock]).toHaveBeenCalledTimes(1) passed (0s)
 expect([Function Mock]).toHaveBeenCalledWith(""/api/auth/me"", {""method"":""DELETE"",""headers"":{""Authorization"":""Bearer token-123""}}) passed (1ms)
  expect(null).toBeNull() passed (0s)","deleteAccount",,,"reference-app-copy",,
"frontend-typescript-react:src/test/lib/auth.test.ts#deleteAccount sends DELETE /auth/me with the bearer token and clears the session","sends DELETE /auth/me with the bearer token and clears the session","passed","1ms",,,"expect([Function Mock]).toHaveBeenCalledTimes(1) passed (0s)
 expect([Function Mock]).toHaveBeenCalledWith(""/api/auth/me"", {""method"":""DELETE"",""headers"":{""Authorization"":""Bearer token-123""}}) passed (0s)
  expect(null).toBeNull() passed (0s)","deleteAccount","deleteAccount",,"reference-app-copy,reference-app-copy","deleteAccount",
"frontend-javascript-react:src/test/lib/auth.test.js#deleteAccount sends DELETE /auth/me with the bearer token and clears the session","sends DELETE /auth/me with the bearer token and clears the session","passed","1ms",,,"expect([Function Mock]).toHaveBeenCalledTimes(1) passed (0s)
 expect([Function Mock]).toHaveBeenCalledWith(""/api/auth/me"", {""method"":""DELETE"",""headers"":{""Authorization"":""Bearer token-123""}}) passed (1ms)
  expect(null).toBeNull() passed (0s)","deleteAccount","deleteAccount",,"reference-app-copy,reference-app-copy","deleteAccount",
"frontend-typescript-vanilla:src/test/lib/auth.test.ts#deleteAccount sends DELETE /auth/me with the bearer token and clears the session","sends DELETE /auth/me with the bearer token and clears the session","passed","1ms",,,"expect([Function Mock]).toHaveBeenCalledTimes(1) passed (0s)
 expect([Function Mock]).toHaveBeenCalledWith(""/api/auth/me"", {""method"":""DELETE"",""headers"":{""Authorization"":""Bearer token-123""}}) passed (0s)
  expect(null).toBeNull() passed (0s)","deleteAccount","deleteAccount",,"reference-app-copy","deleteAccount",
"frontend-typescript-vanilla:src/test/lib/header.test.ts#headerConfigFor serves bare paths at the document root","serves bare paths at the document root","passed","1ms",,,"expect([""/"",""/login"",""/register""]).toEqual([""/"",""/login"",""/register""]) passed (1ms)","headerConfigFor","headerConfigFor",,"reference-app-copy","headerConfigFor",
"frontend-typescript-vanilla:src/test/lib/appBase.test.ts#appBase at the document root serves from the document root without a mount prefix","serves from the document root without a mount prefix","passed","1ms",,,"expect("""").toBe("""") passed (0s)
 expect(""/api"").toBe(""/api"") passed (0s)
  expect(""/login"").toBe(""/login"") passed (0s)
   expect(""authToken"").toBe(""authToken"") passed (0s)","appBase at the document root","appBase at the document root",,"reference-app-copy","appBase at the document root",
"tests.e2e.SessionTests.sessionSurvivesReload","Session survives a page reload (token in localStorage)","passed","5s 82ms",,,"Open home page with local storage authentication passed (1s 396ms)
  API: login as user1 passed (421ms)
 Verify welcome message: Welcome, user1! passed (910ms)
  Reload current page passed (169ms)
   Verify welcome message: Welcome, user1! passed (704ms)",,"Session",,"Authentication","Session",
"dev.reference.app.config.JwtAuthFilterTest.setsAuthenticationForValidBearerToken","sets authentication for valid bearer token","passed","248ms",,,,,"JwtAuthFilter",,"Authentication","JWT filter",
"tests.e2e.RegisterTests.shouldShowErrorWhenPasswordIsTooShort","Short password shows validation error","passed","7s 190ms",,,"Open register page passed (360ms)
 Type username: newuser passed (1s 325ms)
  Type password passed (950ms)
   Type confirm password passed (990ms)
    Submit register form expecting validation or API error passed (1s 59ms)
     Verify error message: Password must be at least 6 characters passed (726ms)",,"Register",,"Authentication","Register",
"frontend-javascript-react:src/test/pages/LoginPage.test.jsx#LoginPage shows API error message for wrong credentials","shows API error message for wrong credentials","passed","129ms",,,"expect({""__reactFiber$rxqnqcrr8"":{""tag"":5,""key"":null,""elementType"":""p"",""type"":""p"",""stateNode"":""[Circular]"",""return"":""[Object]"",""child"":null,""sibling"":""[Object]"",""index... <truncated>).toHaveTextContent(""Wrong login or password"") passed (0s)
 expect(null).toBeNull() passed (0s)","LoginPage","LoginPage",,"reference-app-copy,reference-app-copy","LoginPage",
"frontend-typescript-react:src/test/pages/LoginPage.test.tsx#LoginPage shows API error message for wrong credentials","shows API error message for wrong credentials","passed","206ms",,,"expect({""__reactFiber$vv29791euj8"":{""tag"":5,""key"":null,""elementType"":""p"",""type"":""p"",""stateNode"":""[Circular]"",""return"":""[Object]"",""child"":null,""sibling"":""[Object]"",""ind... <truncated>).toHaveTextContent(""Wrong login or password"") passed (1ms)
 expect(null).toBeNull() passed (0s)","LoginPage","LoginPage",,"reference-app-copy,reference-app-copy","LoginPage",
"frontend-typescript-react:src/test/pages/RegisterPage.test.tsx#RegisterPage shows API error when username is already taken","shows API error when username is already taken","passed","254ms",,,"expect({""__reactFiber$fqalq2dcal4"":{""tag"":5,""key"":null,""elementType"":""p"",""type"":""p"",""stateNode"":""[Circular]"",""return"":""[Object]"",""child"":null,""sibling"":""[Object]"",""ind... <truncated>).toHaveTextContent(""Username already taken"") passed (0s)
 expect(null).toBeNull() passed (0s)","RegisterPage","RegisterPage",,"reference-app-copy,reference-app-copy","RegisterPage",
"frontend-javascript-react:src/test/pages/RegisterPage.test.jsx#RegisterPage shows API error when username is already taken","shows API error when username is already taken","passed","209ms",,,"expect({""__reactFiber$icyoxhg62n"":{""tag"":5,""key"":null,""elementType"":""p"",""type"":""p"",""stateNode"":""[Circular]"",""return"":""[Object]"",""child"":null,""sibling"":""[Object]"",""inde... <truncated>).toHaveTextContent(""Username already taken"") passed (0s)
 expect(null).toBeNull() passed (0s)","RegisterPage","RegisterPage",,"reference-app-copy,reference-app-copy","RegisterPage",
"frontend-javascript-jquery:src/test/home.test.js#home page shows empty items state when API returns no rows","shows empty items state when API returns no rows","passed","8ms",,,"expect({}).toHaveTextContent(""No items found."") passed (0s)
 expect(null).not.toBeInTheDocument() passed (0s)","home page",,,"reference-app-copy",,
"frontend-javascript-react:src/test/pages/HomePage.test.jsx#HomePage shows empty items state when API returns no rows","shows empty items state when API returns no rows","passed","15ms",,,"expect({""__reactFiber$gkjkeq4kkd5"":{""tag"":5,""key"":null,""elementType"":""div"",""type"":""div"",""stateNode"":""[Circular]"",""return"":""[Object]"",""child"":""[Object]"",""sibling"":null,... <truncated>).toBeInTheDocument() passed (1ms)
 expect({""__reactFiber$gkjkeq4kkd5"":{""tag"":5,""key"":null,""elementType"":""div"",""type"":""div"",""stateNode"":""[Circular]"",""return"":""[Object]"",""child"":""[Object]"",""sibling"":null,... <truncated>).toHaveTextContent(""No items found."") failed (1ms)
  expect({""__reactFiber$gkjkeq4kkd5"":{""tag"":5,""key"":null,""elementType"":""div"",""type"":""div"",""stateNode"":""[Circular]"",""return"":""[Object]"",""child"":""[Object]"",""sibling"":null,... <truncated>).toHaveTextContent(""No items found."") passed (0s)","HomePage","HomePage",,"reference-app-copy,reference-app-copy","HomePage",
"frontend-typescript-react:src/test/pages/HomePage.test.tsx#HomePage shows empty items state when API returns no rows","shows empty items state when API returns no rows","passed","14ms",,,"expect({""__reactFiber$x75ctkw1a67"":{""tag"":5,""key"":null,""elementType"":""div"",""type"":""div"",""stateNode"":""[Circular]"",""return"":""[Object]"",""child"":""[Object]"",""sibling"":null,... <truncated>).toBeInTheDocument() passed (0s)
 expect({""__reactFiber$x75ctkw1a67"":{""tag"":5,""key"":null,""elementType"":""div"",""type"":""div"",""stateNode"":""[Circular]"",""return"":""[Object]"",""child"":""[Object]"",""sibling"":null,... <truncated>).toHaveTextContent(""No items found."") failed (1ms)
  expect({""__reactFiber$x75ctkw1a67"":{""tag"":5,""key"":null,""elementType"":""div"",""type"":""div"",""stateNode"":""[Circular]"",""return"":""[Object]"",""child"":""[Object]"",""sibling"":null,... <truncated>).toHaveTextContent(""No items found."") passed (0s)","HomePage","HomePage",,"reference-app-copy,reference-app-copy","HomePage",
"frontend-javascript-react:src/test/pages/HomePage.test.jsx#HomePage shows health error state when health API fails","shows health error state when health API fails","passed","14ms",,,"expect({""__reactFiber$gkjkeq4kkd5"":{""tag"":5,""key"":null,""elementType"":""div"",""type"":""div"",""stateNode"":""[Circular]"",""return"":""[Object]"",""child"":""[Object]"",""sibling"":null,... <truncated>).toBeInTheDocument() passed (1ms)
 expect({""__reactFiber$gkjkeq4kkd5"":{""tag"":5,""key"":null,""elementType"":""p"",""type"":""p"",""stateNode"":""[Circular]"",""return"":""[Object]"",""child"":null,""sibling"":null,""index"":0,... <truncated>).toHaveTextContent(""✗ health: HTTP 500"") failed (1ms)
  expect({""__reactFiber$gkjkeq4kkd5"":{""tag"":5,""key"":null,""elementType"":""p"",""type"":""p"",""stateNode"":""[Circular]"",""return"":""[Object]"",""child"":null,""sibling"":null,""index"":0,... <truncated>).toHaveTextContent(""✗ health: HTTP 500"") passed (0s)","HomePage","HomePage",,"reference-app-copy,reference-app-copy","HomePage",
"frontend-typescript-react:src/test/pages/HomePage.test.tsx#HomePage shows health error state when health API fails","shows health error state when health API fails","passed","18ms",,,"expect({""__reactFiber$x75ctkw1a67"":{""tag"":5,""key"":null,""elementType"":""div"",""type"":""div"",""stateNode"":""[Circular]"",""return"":""[Object]"",""child"":""[Object]"",""sibling"":null,... <truncated>).toBeInTheDocument() passed (0s)
 expect({""__reactFiber$x75ctkw1a67"":{""tag"":5,""key"":null,""elementType"":""p"",""type"":""p"",""stateNode"":""[Circular]"",""return"":""[Object]"",""child"":null,""sibling"":null,""index"":0,... <truncated>).toHaveTextContent(""✗ health: HTTP 500"") failed (0s)
  expect({""__reactFiber$x75ctkw1a67"":{""tag"":5,""key"":null,""elementType"":""p"",""type"":""p"",""stateNode"":""[Circular]"",""return"":""[Object]"",""child"":null,""sibling"":null,""index"":0,... <truncated>).toHaveTextContent(""✗ health: HTTP 500"") passed (0s)","HomePage","HomePage",,"reference-app-copy,reference-app-copy","HomePage",
"frontend-javascript-jquery:src/test/home.test.js#home page shows health error state when health API fails","shows health error state when health API fails","passed","8ms",,,"expect({}).toHaveTextContent(""✗ health: HTTP 500"") passed (0s)
 expect({}).toHaveClass(""reference-app__error"") passed (1ms)","home page",,,"reference-app-copy",,
"frontend-javascript-react:src/test/pages/HomePage.test.jsx#HomePage shows items error state when items API fails","shows items error state when items API fails","passed","12ms",,,"expect({""__reactFiber$gkjkeq4kkd5"":{""tag"":5,""key"":null,""elementType"":""div"",""type"":""div"",""stateNode"":""[Circular]"",""return"":""[Object]"",""child"":""[Object]"",""sibling"":null,... <truncated>).toBeInTheDocument() passed (1ms)
 expect({""__reactFiber$gkjkeq4kkd5"":{""tag"":5,""key"":null,""elementType"":""div"",""type"":""div"",""stateNode"":""[Circular]"",""return"":""[Object]"",""child"":""[Object]"",""sibling"":null,... <truncated>).toHaveTextContent(""✗ items: HTTP 500"") failed (0s)
  expect({""__reactFiber$gkjkeq4kkd5"":{""tag"":5,""key"":null,""elementType"":""div"",""type"":""div"",""stateNode"":""[Circular]"",""return"":""[Object]"",""child"":""[Object]"",""sibling"":null,... <truncated>).toHaveTextContent(""✗ items: HTTP 500"") passed (0s)","HomePage","HomePage",,"reference-app-copy,reference-app-copy","HomePage",
"frontend-javascript-jquery:src/test/home.test.js#home page shows items error state when items API fails","shows items error state when items API fails","passed","7ms",,,"expect({}).toHaveTextContent(""✗ items: HTTP 500"") passed (0s)","home page",,,"reference-app-copy",,
"frontend-typescript-react:src/test/pages/HomePage.test.tsx#HomePage shows items error state when items API fails","shows items error state when items API fails","passed","16ms",,,"expect({""__reactFiber$x75ctkw1a67"":{""tag"":5,""key"":null,""elementType"":""div"",""type"":""div"",""stateNode"":""[Circular]"",""return"":""[Object]"",""child"":""[Object]"",""sibling"":null,... <truncated>).toBeInTheDocument() passed (0s)
 expect({""__reactFiber$x75ctkw1a67"":{""tag"":5,""key"":null,""elementType"":""div"",""type"":""div"",""stateNode"":""[Circular]"",""return"":""[Object]"",""child"":""[Object]"",""sibling"":null,... <truncated>).toHaveTextContent(""✗ items: HTTP 500"") failed (0s)
  expect({""__reactFiber$x75ctkw1a67"":{""tag"":5,""key"":null,""elementType"":""div"",""type"":""div"",""stateNode"":""[Circular]"",""return"":""[Object]"",""child"":""[Object]"",""sibling"":null,... <truncated>).toHaveTextContent(""✗ items: HTTP 500"") passed (0s)","HomePage","HomePage",,"reference-app-copy,reference-app-copy","HomePage",
"frontend-javascript-jquery:src/test/login.test.js#login page shows the API message for wrong credentials and keeps the session empty","shows the API message for wrong credentials and keeps the session empty","passed","50ms",,,"expect({}).toHaveTextContent(""Wrong login or password"") passed (0s)
 expect(null).toBeNull() passed (0s)
  expect({}).not.toBeDisabled() passed (1ms)","login page",,,"reference-app-copy",,
"frontend-typescript-jquery:src/test/login.test.ts#login shows the API message for wrong credentials and re-enables the button","shows the API message for wrong credentials and re-enables the button","passed","112ms",,,"expect(null).not.toBeNull() failed (0s)
 expect({}).not.toBeNull() passed (0s)
  expect("""").toBe(""Wrong login or password"") failed (0s)
   expect(""Wrong login or password"").toBe(""Wrong login or password"") passed (0s)
    expect(false).toBe(false) passed (0s)
     expect(null).toBeNull() passed (0s)","login",,,"reference-app-copy",,
"frontend-typescript-vanilla:src/test/pages/login.test.ts#login page shows the API message on wrong credentials and re-enables submit","shows the API message on wrong credentials and re-enables submit","passed","23ms",,,"expect({}).toHaveTextContent(""Wrong login or password"") failed (2ms)
 expect({}).toHaveTextContent(""Wrong login or password"") passed (0s)
  expect(false).toBe(false) passed (1ms)
   expect(null).toBeNull() passed (0s)","login page","login page",,"reference-app-copy","login page",
"frontend-javascript-jquery:src/test/register.test.js#register page shows the API message when registration is refused","shows the API message when registration is refused","passed","79ms",,,"expect({}).toHaveTextContent(""Username already taken"") passed (0s)
 expect(null).toBeNull() passed (0s)
  expect({}).not.toBeDisabled() passed (0s)","register page",,,"reference-app-copy",,
"frontend-javascript-vue:src/test/pages/LoginPage.test.js#LoginPage shows the API message when the credentials are wrong","shows the API message when the credentials are wrong","passed","139ms",,,"expect({}).toHaveTextContent(""Wrong login or password"") passed (0s)
 expect(null).toBeNull() passed (0s)","LoginPage","LoginPage",,"reference-app-copy","LoginPage",
"frontend-typescript-angular:src/test/pages/login.component.test.ts#LoginPage shows the API message when the credentials are wrong","shows the API message when the credentials are wrong","passed","95ms",,,"expect({}).toHaveTextContent(""Wrong login or password"") passed (3ms)
 expect(null).toBeNull() passed (0s)","LoginPage","LoginPage",,"reference-app-copy","LoginPage",
"frontend-typescript-vue:src/test/pages/LoginPage.test.ts#LoginPage shows the API message when the credentials are wrong","shows the API message when the credentials are wrong","passed","104ms",,,"expect({}).toHaveTextContent(""Wrong login or password"") passed (1ms)
 expect(null).toBeNull() passed (0s)","LoginPage","LoginPage",,"reference-app-copy","LoginPage",
"frontend-javascript-angular:src/test/pages/login.component.test.js#LoginComponent shows the API message when the credentials are wrong","shows the API message when the credentials are wrong","passed","100ms",,,"expect({}).toHaveTextContent(""Wrong login or password"") passed (0s)
 expect(null).toBeNull() passed (0s)","LoginComponent","LoginComponent",,"reference-app-copy","LoginComponent",
"frontend-typescript-vue:src/test/pages/RegisterPage.test.ts#RegisterPage shows the API message when the login is already taken","shows the API message when the login is already taken","passed","115ms",,,"expect({}).toHaveTextContent(""Login already exists"") passed (0s)
 expect(null).toBeNull() passed (0s)","RegisterPage","RegisterPage",,"reference-app-copy","RegisterPage",
"frontend-typescript-angular:src/test/pages/register.component.test.ts#RegisterPage shows the API message when the login is already taken","shows the API message when the login is already taken","passed","128ms",,,"expect({}).toHaveTextContent(""Login already exists"") passed (0s)
 expect(null).toBeNull() passed (0s)","RegisterPage","RegisterPage",,"reference-app-copy","RegisterPage",
"frontend-javascript-angular:src/test/pages/register.component.test.js#RegisterComponent shows the API message when the login is already taken","shows the API message when the login is already taken","passed","98ms",,,"expect({}).toHaveTextContent(""Login already exists"") passed (0s)
 expect(null).toBeNull() passed (0s)","RegisterComponent","RegisterComponent",,"reference-app-copy","RegisterComponent",
"frontend-javascript-vue:src/test/pages/RegisterPage.test.js#RegisterPage shows the API message when the login is already taken","shows the API message when the login is already taken","passed","117ms",,,"expect({}).toHaveTextContent(""Login already exists"") passed (0s)
 expect(null).toBeNull() passed (0s)","RegisterPage","RegisterPage",,"reference-app-copy","RegisterPage",
"frontend-typescript-jquery:src/test/register.test.ts#register shows the API message when the username is taken","shows the API message when the username is taken","passed","111ms",,,"expect(null).not.toBeNull() failed (0s)
 expect({}).not.toBeNull() passed (0s)
  expect("""").toBe(""Username already taken"") failed (1ms)
   expect(""Username already taken"").toBe(""Username already taken"") passed (0s)
    expect(false).toBe(false) passed (0s)
     expect(null).toBeNull() passed (0s)","register",,,"reference-app-copy",,
"frontend-typescript-vanilla:src/test/pages/register.test.ts#register page shows the API message when the username is taken","shows the API message when the username is taken","passed","18ms",,,"expect({}).toHaveTextContent(""Username already exists"") failed (2ms)
 expect({}).toHaveTextContent(""Username already exists"") passed (0s)
  expect(false).toBe(false) passed (0s)
   expect(null).toBeNull() passed (1ms)","register page","register page",,"reference-app-copy","register page",
"frontend-typescript-vanilla:src/test/pages/home.test.ts#home page shows the empty items state when the API returns no rows","shows the empty items state when the API returns no rows","passed","9ms",,,"expect({}).toHaveTextContent(""No items found."") passed (0s)
 expect(null).toBeNull() passed (0s)","home page","home page",,"reference-app-copy","home page",
"frontend-javascript-angular:src/test/pages/home.component.test.js#HomeComponent shows the empty state when the API returns no items","shows the empty state when the API returns no items","passed","22ms",,,"expect({}).toHaveTextContent(""No items found."") failed (1ms)
 expect({}).toHaveTextContent(""No items found."") passed (0s)","HomeComponent","HomeComponent",,"reference-app-copy","HomeComponent",
"frontend-typescript-angular:src/test/pages/home.component.test.ts#HomePage shows the empty state when the API returns no items","shows the empty state when the API returns no items","passed","21ms",,,"expect({}).toHaveTextContent(""No items found."") failed (1ms)
 expect({}).toHaveTextContent(""No items found."") passed (0s)","HomePage","HomePage",,"reference-app-copy","HomePage",
"frontend-typescript-vue:src/test/pages/LoginPage.test.ts#LoginPage shows the exact login-required error when username is empty","shows the exact login-required error when username is empty","passed","225ms",,,"expect({}).toHaveTextContent(""Login is required (minimum 3 characters)"") passed (0s)","LoginPage","LoginPage",,"reference-app-copy","LoginPage",
"frontend-javascript-angular:src/test/pages/login.component.test.js#LoginComponent shows the exact login-required error when username is empty","shows the exact login-required error when username is empty","passed","269ms",,,"expect({}).toHaveTextContent(""Login is required (minimum 3 characters)"") passed (1ms)","LoginComponent","LoginComponent",,"reference-app-copy","LoginComponent",
"frontend-typescript-react:src/test/pages/LoginPage.test.tsx#LoginPage shows the exact login-required error when username is empty","shows the exact login-required error when username is empty","passed","305ms",,,"expect({""__reactFiber$vv29791euj8"":{""tag"":5,""key"":null,""elementType"":""p"",""type"":""p"",""stateNode"":""[Circular]"",""return"":""[Object]"",""child"":null,""sibling"":""[Object]"",""ind... <truncated>).toHaveTextContent(""Login is required (minimum 3 characters)"") passed (0s)","LoginPage","LoginPage",,"reference-app-copy,reference-app-copy","LoginPage",
"frontend-javascript-vue:src/test/pages/LoginPage.test.js#LoginPage shows the exact login-required error when username is empty","shows the exact login-required error when username is empty","passed","270ms",,,"expect({}).toHaveTextContent(""Login is required (minimum 3 characters)"") passed (0s)","LoginPage","LoginPage",,"reference-app-copy","LoginPage",
"frontend-typescript-angular:src/test/pages/login.component.test.ts#LoginPage shows the exact login-required error when username is empty","shows the exact login-required error when username is empty","passed","268ms",,,"expect({}).toHaveTextContent(""Login is required (minimum 3 characters)"") passed (0s)","LoginPage","LoginPage",,"reference-app-copy","LoginPage",
"frontend-javascript-jquery:src/test/login.test.js#login page shows the exact login-required error when username is empty","shows the exact login-required error when username is empty","passed","74ms",,,"expect({}).toHaveTextContent(""Login is required (minimum 3 characters)"") passed (0s)
 expect([Function Mock]).not.toHaveBeenCalled() passed (0s)","login page",,,"reference-app-copy",,
"frontend-typescript-vanilla:src/test/pages/login.test.ts#login page shows the exact login-required error when username is empty","shows the exact login-required error when username is empty","passed","18ms",,,"expect({}).toHaveTextContent(""Login is required (minimum 3 characters)"") passed (0s)
 expect([]).toHaveLength(0) passed (1ms)","login page","login page",,"reference-app-copy","login page",
"frontend-typescript-jquery:src/test/login.test.ts#login shows the exact login-required error when username is empty","shows the exact login-required error when username is empty","passed","66ms",,,"expect(null).not.toBeNull() failed (1ms)
 expect({}).not.toBeNull() passed (0s)
  expect(""Login is required (minimum 3 characters)"").toBe(""Login is required (minimum 3 characters)"") passed (0s)
   expect([]).toHaveLength(0) passed (0s)","login",,,"reference-app-copy",,
"frontend-javascript-react:src/test/pages/LoginPage.test.jsx#LoginPage shows the exact login-required error when username is empty","shows the exact login-required error when username is empty","passed","307ms",,,"expect({""__reactFiber$rxqnqcrr8"":{""tag"":5,""key"":null,""elementType"":""p"",""type"":""p"",""stateNode"":""[Circular]"",""return"":""[Object]"",""child"":null,""sibling"":""[Object]"",""index... <truncated>).toHaveTextContent(""Login is required (minimum 3 characters)"") passed (0s)","LoginPage","LoginPage",,"reference-app-copy,reference-app-copy","LoginPage",
"frontend-typescript-angular:src/test/pages/register.component.test.ts#RegisterPage shows the exact mismatch error when passwords differ","shows the exact mismatch error when passwords differ","passed","185ms",,,"expect({}).toHaveTextContent(""Passwords do not match"") passed (2ms)","RegisterPage","RegisterPage",,"reference-app-copy","RegisterPage",
"frontend-javascript-vue:src/test/pages/RegisterPage.test.js#RegisterPage shows the exact mismatch error when passwords differ","shows the exact mismatch error when passwords differ","passed","285ms",,,"expect({}).toHaveTextContent(""Passwords do not match"") passed (0s)","RegisterPage","RegisterPage",,"reference-app-copy","RegisterPage",
"frontend-typescript-vue:src/test/pages/RegisterPage.test.ts#RegisterPage shows the exact mismatch error when passwords differ","shows the exact mismatch error when passwords differ","passed","303ms",,,"expect({}).toHaveTextContent(""Passwords do not match"") passed (0s)","RegisterPage","RegisterPage",,"reference-app-copy","RegisterPage",
"frontend-javascript-react:src/test/pages/RegisterPage.test.jsx#RegisterPage shows the exact mismatch error when passwords differ","shows the exact mismatch error when passwords differ","passed","457ms",,,"expect({""__reactFiber$icyoxhg62n"":{""tag"":5,""key"":null,""elementType"":""p"",""type"":""p"",""stateNode"":""[Circular]"",""return"":""[Object]"",""child"":null,""sibling"":""[Object]"",""inde... <truncated>).toHaveTextContent(""Passwords do not match"") passed (0s)","RegisterPage","RegisterPage",,"reference-app-copy,reference-app-copy","RegisterPage",
"frontend-typescript-react:src/test/pages/RegisterPage.test.tsx#RegisterPage shows the exact mismatch error when passwords differ","shows the exact mismatch error when passwords differ","passed","530ms",,,"expect({""__reactFiber$fqalq2dcal4"":{""tag"":5,""key"":null,""elementType"":""p"",""type"":""p"",""stateNode"":""[Circular]"",""return"":""[Object]"",""child"":null,""sibling"":""[Object]"",""ind... <truncated>).toHaveTextContent(""Passwords do not match"") passed (0s)","RegisterPage","RegisterPage",,"reference-app-copy,reference-app-copy","RegisterPage",
"frontend-javascript-angular:src/test/pages/register.component.test.js#RegisterComponent shows the exact mismatch error when passwords differ","shows the exact mismatch error when passwords differ","passed","266ms",,,"expect({}).toHaveTextContent(""Passwords do not match"") passed (0s)","RegisterComponent","RegisterComponent",,"reference-app-copy","RegisterComponent",
"frontend-typescript-vue:src/test/pages/LoginPage.test.ts#LoginPage shows the exact password-required error when password is empty","shows the exact password-required error when password is empty","passed","71ms",,,"expect({}).toHaveTextContent(""Password is required (minimum 6 characters)"") passed (1ms)","LoginPage","LoginPage",,"reference-app-copy","LoginPage",
"frontend-javascript-vue:src/test/pages/LoginPage.test.js#LoginPage shows the exact password-required error when password is empty","shows the exact password-required error when password is empty","passed","97ms",,,"expect({}).toHaveTextContent(""Password is required (minimum 6 characters)"") passed (0s)","LoginPage","LoginPage",,"reference-app-copy","LoginPage",
"frontend-javascript-react:src/test/pages/LoginPage.test.jsx#LoginPage shows the exact password-required error when password is empty","shows the exact password-required error when password is empty","passed","105ms",,,"expect({""__reactFiber$rxqnqcrr8"":{""tag"":5,""key"":null,""elementType"":""p"",""type"":""p"",""stateNode"":""[Circular]"",""return"":""[Object]"",""child"":null,""sibling"":""[Object]"",""index... <truncated>).toHaveTextContent(""Password is required (minimum 6 characters)"") passed (0s)","LoginPage","LoginPage",,"reference-app-copy,reference-app-copy","LoginPage",
"frontend-typescript-jquery:src/test/login.test.ts#login shows the exact password-required error when password is empty","shows the exact password-required error when password is empty","passed","59ms",,,"expect(null).not.toBeNull() failed (0s)
 expect({}).not.toBeNull() passed (0s)
  expect(""Password is required (minimum 6 characters)"").toBe(""Password is required (minimum 6 characters)"") passed (0s)
   expect([]).toHaveLength(0) passed (0s)","login",,,"reference-app-copy",,
"frontend-typescript-react:src/test/pages/LoginPage.test.tsx#LoginPage shows the exact password-required error when password is empty","shows the exact password-required error when password is empty","passed","79ms",,,"expect({""__reactFiber$vv29791euj8"":{""tag"":5,""key"":null,""elementType"":""p"",""type"":""p"",""stateNode"":""[Circular]"",""return"":""[Object]"",""child"":null,""sibling"":""[Object]"",""ind... <truncated>).toHaveTextContent(""Password is required (minimum 6 characters)"") passed (0s)","LoginPage","LoginPage",,"reference-app-copy,reference-app-copy","LoginPage",
"frontend-javascript-angular:src/test/pages/login.component.test.js#LoginComponent shows the exact password-required error when password is empty","shows the exact password-required error when password is empty","passed","83ms",,,"expect({}).toHaveTextContent(""Password is required (minimum 6 characters)"") passed (0s)","LoginComponent","LoginComponent",,"reference-app-copy","LoginComponent",
"frontend-javascript-jquery:src/test/login.test.js#login page shows the exact password-required error when password is empty","shows the exact password-required error when password is empty","passed","58ms",,,"expect({}).toHaveTextContent(""Password is required (minimum 6 characters)"") passed (0s)
 expect([Function Mock]).not.toHaveBeenCalled() passed (0s)","login page",,,"reference-app-copy",,
"frontend-typescript-angular:src/test/pages/login.component.test.ts#LoginPage shows the exact password-required error when password is empty","shows the exact password-required error when password is empty","passed","74ms",,,"expect({}).toHaveTextContent(""Password is required (minimum 6 characters)"") passed (1ms)","LoginPage","LoginPage",,"reference-app-copy","LoginPage",
"frontend-typescript-vanilla:src/test/pages/login.test.ts#login page shows the exact password-required error when password is empty","shows the exact password-required error when password is empty","passed","13ms",,,"expect({}).toHaveTextContent(""Password is required (minimum 6 characters)"") passed (0s)
 expect([]).toHaveLength(0) passed (0s)","login page","login page",,"reference-app-copy","login page",
"frontend-typescript-vanilla:src/test/pages/home.test.ts#home page shows the health error state when the health API fails","shows the health error state when the health API fails","passed","15ms",,,"expect({}).toHaveTextContent(""✗ health: HTTP 500"") passed (1ms)
 expect({}).toHaveClass(""reference-app__error"") passed (0s)","home page","home page",,"reference-app-copy","home page",
"frontend-javascript-angular:src/test/pages/home.component.test.js#HomeComponent shows the health error state when the health call fails","shows the health error state when the health call fails","passed","17ms",,,"expect({""__ngContext__"":63}).toHaveTextContent(""✗ health: HTTP 503"") failed (1ms)
 expect({""__ngContext__"":63}).toHaveTextContent(""✗ health: HTTP 503"") passed (0s)
  expect({""__ngContext__"":63}).toHaveClass(""reference-app__error"") passed (1ms)","HomeComponent","HomeComponent",,"reference-app-copy","HomeComponent",
"frontend-typescript-vanilla:src/test/pages/home.test.ts#home page shows the items error state when the items API fails","shows the items error state when the items API fails","passed","10ms",,,"expect({}).toHaveTextContent(""✗ items: HTTP 500"") passed (1ms)","home page","home page",,"reference-app-copy","home page",
"frontend-javascript-angular:src/test/pages/home.component.test.js#HomeComponent shows the items error state when the items call fails","shows the items error state when the items call fails","passed","27ms",,,"expect({}).toHaveTextContent(""✗ items: HTTP 500"") failed (0s)
 expect({}).toHaveTextContent(""✗ items: HTTP 500"") passed (0s)","HomeComponent","HomeComponent",,"reference-app-copy","HomeComponent",
"frontend-typescript-jquery:src/test/login.test.ts#login shows the network copy when the request never reaches the API","shows the network copy when the request never reaches the API","passed","115ms",,,"expect(null).not.toBeNull() failed (0s)
 expect({}).not.toBeNull() passed (0s)
  expect("""").toBe(""Network error. Check your connection and try again."") failed (0s)
   expect(""Network error. Check your connection and try again."").toBe(""Network error. Check your connection and try again."") passed (0s)","login",,,"reference-app-copy",,
"frontend-typescript-vanilla:src/test/pages/register.test.ts#register page shows the network error copy when the request never lands","shows the network error copy when the request never lands","passed","23ms",,,"expect({}).toHaveTextContent(""Network error. Check your connection and try again."") failed (0s)
 expect({}).toHaveTextContent(""Network error. Check your connection and try again."") passed (0s)
  expect("""").toBe("""") passed (0s)","register page","register page",,"reference-app-copy","register page",
"frontend-typescript-vanilla:src/test/pages/login.test.ts#login page shows the network error copy when the request never lands","shows the network error copy when the request never lands","passed","15ms",,,"expect({}).toHaveTextContent(""Network error. Check your connection and try again."") failed (0s)
 expect({}).toHaveTextContent(""Network error. Check your connection and try again."") passed (0s)
  expect("""").toBe("""") passed (0s)","login page","login page",,"reference-app-copy","login page",
"frontend-javascript-jquery:src/test/login.test.js#login page shows the network error copy when the request never lands","shows the network error copy when the request never lands","passed","63ms",,,"expect({}).toHaveTextContent(""Network error. Check your connection and try again."") passed (0s)","login page",,,"reference-app-copy",,
"frontend-javascript-vue:src/test/pages/LoginPage.test.js#LoginPage shows the network message when the request never reaches the API","shows the network message when the request never reaches the API","passed","109ms",,,"expect({}).toHaveTextContent(""Network error. Check your connection and try again."") passed (0s)","LoginPage","LoginPage",,"reference-app-copy","LoginPage",
"frontend-javascript-angular:src/test/pages/login.component.test.js#LoginComponent shows the network message when the request never reaches the API","shows the network message when the request never reaches the API","passed","87ms",,,"expect({}).toHaveTextContent(""Network error. Check your connection and try again."") passed (0s)","LoginComponent","LoginComponent",,"reference-app-copy","LoginComponent",
"frontend-typescript-angular:src/test/pages/login.component.test.ts#LoginPage shows the network message when the request never reaches the API","shows the network message when the request never reaches the API","passed","85ms",,,"expect({}).toHaveTextContent(""Network error. Check your connection and try again."") passed (0s)","LoginPage","LoginPage",,"reference-app-copy","LoginPage",
"frontend-typescript-vue:src/test/pages/LoginPage.test.ts#LoginPage shows the network message when the request never reaches the API","shows the network message when the request never reaches the API","passed","104ms",,,"expect({}).toHaveTextContent(""Network error. Check your connection and try again."") passed (0s)","LoginPage","LoginPage",,"reference-app-copy","LoginPage",
"frontend-javascript-react:src/test/pages/LoginPage.test.jsx#LoginPage shows the network message when the request never reaches the API","shows the network message when the request never reaches the API","passed","127ms",,,"expect({""__reactFiber$rxqnqcrr8"":{""tag"":5,""key"":null,""elementType"":""p"",""type"":""p"",""stateNode"":""[Circular]"",""return"":""[Object]"",""child"":null,""sibling"":""[Object]"",""index... <truncated>).toHaveTextContent(""Network error. Check your connection and try again."") passed (0s)","LoginPage","LoginPage",,"reference-app-copy,reference-app-copy","LoginPage",
"frontend-typescript-react:src/test/pages/LoginPage.test.tsx#LoginPage shows the network message when the request never reaches the API","shows the network message when the request never reaches the API","passed","174ms",,,"expect({""__reactFiber$vv29791euj8"":{""tag"":5,""key"":null,""elementType"":""p"",""type"":""p"",""stateNode"":""[Circular]"",""return"":""[Object]"",""child"":null,""sibling"":""[Object]"",""ind... <truncated>).toHaveTextContent(""Network error. Check your connection and try again."") passed (0s)","LoginPage","LoginPage",,"reference-app-copy,reference-app-copy","LoginPage",
"frontend-typescript-jquery:src/test/register.test.ts#register shows the shared validation copy for a short login","shows the shared validation copy for a short login","passed","62ms",,,"expect(null).not.toBeNull() failed (0s)
 expect({}).not.toBeNull() passed (0s)
  expect(""Login must be at least 3 characters"").toBe(""Login must be at least 3 characters"") passed (0s)
   expect([]).toHaveLength(0) passed (0s)","register",,,"reference-app-copy",,
"frontend-javascript-jquery:src/test/login.test.js#login page shows the validation error and sends no request for empty credentials","shows the validation error and sends no request for empty credentials","passed","187ms",,,"expect({}).toHaveTextContent(""Login and password are required (minimum 3 and 6 characters)"") passed (2ms)
 expect([Function Mock]).not.toHaveBeenCalled() passed (0s)","login page",,,"reference-app-copy",,
"frontend-javascript-jquery:src/test/home.test.js#home page shows welcome, logout and delete account when profile loads for a session token","shows welcome, logout and delete account when profile loads for a session token","passed","16ms",,,"expect({}).toHaveTextContent(""Welcome, user1!"") passed (1ms)
 expect({}).toBeVisible() passed (3ms)
  expect({""jQuery4000210427359491737741"":{""events"":""[Object]"",""handle"":""[Function]""}}).toHaveTextContent(""Logout"") passed (0s)
   expect({""jQuery4000210427359491737741"":{""events"":""[Object]"",""handle"":""[Function]""}}).toHaveTextContent(""Delete account"") passed (0s)","home page",,,"reference-app-copy",,
"frontend-typescript-react:src/test/pages/HomePage.test.tsx#HomePage shows welcome, logout and delete account when profile loads for a session token","shows welcome, logout and delete account when profile loads for a session token","passed","48ms",,,"expect({""__reactFiber$x75ctkw1a67"":{""tag"":5,""key"":null,""elementType"":""p"",""type"":""p"",""stateNode"":""[Circular]"",""return"":""[Object]"",""child"":null,""sibling"":""[Object]"",""ind... <truncated>).toHaveTextContent(""Welcome, user1!"") passed (0s)
 expect({""__reactFiber$x75ctkw1a67"":{""tag"":5,""key"":null,""elementType"":""div"",""type"":""div"",""stateNode"":""[Circular]"",""return"":""[Object]"",""child"":""[Object]"",""sibling"":null,... <truncated>).toBeVisible() passed (13ms)
  expect({""__reactFiber$x75ctkw1a67"":{""tag"":5,""key"":null,""elementType"":""button"",""type"":""button"",""stateNode"":""[Circular]"",""return"":""[Object]"",""child"":null,""sibling"":null,... <truncated>).toBeInTheDocument() passed (0s)
   expect({""__reactFiber$x75ctkw1a67"":{""tag"":5,""key"":null,""elementType"":""button"",""type"":""button"",""stateNode"":""[Circular]"",""return"":""[Object]"",""child"":null,""sibling"":null,... <truncated>).toHaveTextContent(""Delete account"") passed (0s)
    expect({""__reactFiber$x75ctkw1a67"":{""tag"":5,""key"":null,""elementType"":""div"",""type"":""div"",""stateNode"":""[Circular]"",""return"":""[Object]"",""child"":""[Object]"",""sibling"":null,... <truncated>).toBeInTheDocument() passed (0s)","HomePage","HomePage",,"reference-app-copy,reference-app-copy","HomePage",
"frontend-javascript-angular:src/test/pages/home.component.test.js#HomeComponent shows welcome, logout and delete account when profile loads for a session token","shows welcome, logout and delete account when profile loads for a session token","passed","44ms",,,"expect({""__ngContext__"":97}).toHaveTextContent(""Welcome, user1!"") failed (0s)
 expect({""__ngContext__"":97}).toHaveTextContent(""Welcome, user1!"") passed (0s)
  expect({""__ngContext__"":97}).toBeVisible() passed (12ms)
   expect({""__ngContext__"":97}).toHaveTextContent(""Logout"") passed (0s)
    expect({""__ngContext__"":97}).toHaveClass(""btn"", ""btn--primary"") passed (0s)
     expect({""__ngContext__"":97}).toHaveTextContent(""Delete account"") passed (0s)
      expect({""__ngContext__"":97}).toHaveClass(""btn"", ""btn--danger"") passed (0s)","HomeComponent","HomeComponent",,"reference-app-copy","HomeComponent",
"frontend-typescript-vue:src/test/pages/HomePage.test.ts#HomePage shows welcome, logout and delete account when profile loads for a session token","shows welcome, logout and delete account when profile loads for a session token","passed","31ms",,,"expect({}).toHaveTextContent(""Welcome, user1!"") failed (0s)
 expect({}).toHaveTextContent(""Welcome, user1!"") failed (0s)
  expect({}).toHaveTextContent(""Welcome, user1!"") passed (0s)
   expect({}).toBeVisible() passed (9ms)
    expect({}).toHaveTextContent(""Logout"") passed (0s)
     expect({}).toHaveTextContent(""Delete account"") passed (1ms)","HomePage","HomePage",,"reference-app-copy","HomePage",
"frontend-typescript-angular:src/test/pages/home.component.test.ts#HomePage shows welcome, logout and delete account when profile loads for a session token","shows welcome, logout and delete account when profile loads for a session token","passed","46ms",,,"expect({""__ngContext__"":37}).toHaveTextContent(""Welcome, user1!"") failed (0s)
 expect({""__ngContext__"":37}).toHaveTextContent(""Welcome, user1!"") passed (0s)
  expect({""__ngContext__"":37}).toBeVisible() passed (8ms)
   expect({""__ngContext__"":37}).toHaveTextContent(""Logout"") passed (0s)
    expect({""__ngContext__"":37}).toHaveTextContent(""Delete account"") passed (1ms)","HomePage","HomePage",,"reference-app-copy","HomePage",
"frontend-javascript-vue:src/test/pages/HomePage.test.js#HomePage shows welcome, logout and delete account when profile loads for a session token","shows welcome, logout and delete account when profile loads for a session token","passed","50ms",,,"expect({}).toHaveTextContent(""Welcome, user1!"") failed (1ms)
 expect({}).toHaveTextContent(""Welcome, user1!"") failed (0s)
  expect({}).toHaveTextContent(""Welcome, user1!"") passed (0s)
   expect({}).toBeVisible() passed (18ms)
    expect({}).toHaveTextContent(""Logout"") passed (1ms)
     expect({}).toHaveTextContent(""Delete account"") passed (1ms)","HomePage","HomePage",,"reference-app-copy","HomePage",
"frontend-typescript-jquery:src/test/home.test.ts#home shows welcome, logout and delete account when profile loads for a session token","shows welcome, logout and delete account when profile loads for a session token","passed","60ms",,,"expect(null).not.toBeNull() failed (0s)
 expect({}).not.toBeNull() passed (0s)
  expect(""Welcome, user1!"").toBe(""Welcome, user1!"") passed (0s)
   expect(false).toBe(false) passed (0s)
    expect(""Logout"").toBe(""Logout"") passed (0s)
     expect(""Delete account"").toBe(""Delete account"") passed (0s)","home",,,"reference-app-copy",,
"frontend-typescript-vanilla:src/test/pages/home.test.ts#home page shows welcome, logout and delete account when profile loads for a session token","shows welcome, logout and delete account when profile loads for a session token","passed","33ms",,,"expect({}).toHaveTextContent(""Welcome, user1!"") passed (2ms)
 expect({}).toBeVisible() passed (13ms)
  expect({}).toHaveTextContent(""Logout"") passed (0s)
   expect({}).toHaveTextContent(""Delete account"") passed (1ms)","home page","home page",,"reference-app-copy","home page",
"frontend-javascript-react:src/test/pages/HomePage.test.jsx#HomePage shows welcome, logout and delete account when profile loads for a session token","shows welcome, logout and delete account when profile loads for a session token","passed","39ms",,,"expect({""__reactFiber$gkjkeq4kkd5"":{""tag"":5,""key"":null,""elementType"":""p"",""type"":""p"",""stateNode"":""[Circular]"",""return"":""[Object]"",""child"":null,""sibling"":""[Object]"",""ind... <truncated>).toHaveTextContent(""Welcome, user1!"") passed (0s)
 expect({""__reactFiber$gkjkeq4kkd5"":{""tag"":5,""key"":null,""elementType"":""div"",""type"":""div"",""stateNode"":""[Circular]"",""return"":""[Object]"",""child"":""[Object]"",""sibling"":null,... <truncated>).toBeVisible() passed (12ms)
  expect({""__reactFiber$gkjkeq4kkd5"":{""tag"":5,""key"":null,""elementType"":""button"",""type"":""button"",""stateNode"":""[Circular]"",""return"":""[Object]"",""child"":null,""sibling"":null,... <truncated>).toBeInTheDocument() passed (0s)
   expect({""__reactFiber$gkjkeq4kkd5"":{""tag"":5,""key"":null,""elementType"":""button"",""type"":""button"",""stateNode"":""[Circular]"",""return"":""[Object]"",""child"":null,""sibling"":null,... <truncated>).toHaveTextContent(""Delete account"") passed (0s)
    expect({""__reactFiber$gkjkeq4kkd5"":{""tag"":5,""key"":null,""elementType"":""div"",""type"":""div"",""stateNode"":""[Circular]"",""return"":""[Object]"",""child"":""[Object]"",""sibling"":null,... <truncated>).toBeInTheDocument() passed (1ms)","HomePage","HomePage",,"reference-app-copy,reference-app-copy","HomePage",
"frontend-typescript-react:src/test/pwa/registerServiceWorker.test.ts#registerServiceWorker skips registration in Vite DEV","skips registration in Vite DEV","passed","1ms",,,"expect([Function Mock]).not.toHaveBeenCalled() passed (1ms)","registerServiceWorker","registerServiceWorker",,"reference-app-copy,reference-app-copy","registerServiceWorker",
"frontend-typescript-vue:src/test/pwa/registerServiceWorker.test.ts#registerServiceWorker skips registration in Vite DEV","skips registration in Vite DEV","passed","1ms",,,"expect([Function Mock]).not.toHaveBeenCalled() passed (0s)","registerServiceWorker","registerServiceWorker",,"reference-app-copy","registerServiceWorker",
"frontend-javascript-react:src/test/pwa/registerServiceWorker.test.js#registerServiceWorker skips registration in Vite DEV","skips registration in Vite DEV","passed","1ms",,,"expect([Function Mock]).not.toHaveBeenCalled() passed (0s)","registerServiceWorker","registerServiceWorker",,"reference-app-copy,reference-app-copy","registerServiceWorker",
"frontend-javascript-vue:src/test/pwa/registerServiceWorker.test.js#registerServiceWorker skips registration in Vite DEV","skips registration in Vite DEV","passed","1ms",,,"expect([Function Mock]).not.toHaveBeenCalled() passed (1ms)","registerServiceWorker","registerServiceWorker",,"reference-app-copy","registerServiceWorker",
"frontend-javascript-vue:src/test/pwa/registerServiceWorker.test.js#registerServiceWorker skips registration when serviceWorker is unavailable","skips registration when serviceWorker is unavailable","passed","1ms",,,"expect([Function]).not.toThrow() passed (1ms)","registerServiceWorker","registerServiceWorker",,"reference-app-copy","registerServiceWorker",
"frontend-typescript-react:src/test/pwa/registerServiceWorker.test.ts#registerServiceWorker skips registration when serviceWorker is unavailable","skips registration when serviceWorker is unavailable","passed","1ms",,,"expect([Function]).not.toThrow() passed (1ms)","registerServiceWorker","registerServiceWorker",,"reference-app-copy,reference-app-copy","registerServiceWorker",
"frontend-javascript-react:src/test/pwa/registerServiceWorker.test.js#registerServiceWorker skips registration when serviceWorker is unavailable","skips registration when serviceWorker is unavailable","passed","1ms",,,"expect([Function]).not.toThrow() passed (1ms)","registerServiceWorker","registerServiceWorker",,"reference-app-copy,reference-app-copy","registerServiceWorker",
"frontend-typescript-vue:src/test/pwa/registerServiceWorker.test.ts#registerServiceWorker skips registration when serviceWorker is unavailable","skips registration when serviceWorker is unavailable","passed","1ms",,,"expect([Function]).not.toThrow() passed (1ms)","registerServiceWorker","registerServiceWorker",,"reference-app-copy","registerServiceWorker",
"dev.reference.app.config.UserSeederTest.skipsSeedingWhenCredentialsMissing","skips seeding when credentials are not configured username="""" password=""""","passed","3ms",,,,,"UserSeeder",,"Authentication","User seeder",
"dev.reference.app.config.UserSeederTest.skipsSeedingWhenCredentialsMissing","skips seeding when credentials are not configured username="""" password=""password1""","passed","7ms",,,,,"UserSeeder",,"Authentication","User seeder",
"dev.reference.app.config.UserSeederTest.skipsSeedingWhenCredentialsMissing","skips seeding when credentials are not configured username=""user1"" password=""""","passed","2ms",,,,,"UserSeeder",,"Authentication","User seeder",
"dev.reference.app.config.UserSeederTest.skipsSeedingWhenUserExists","skips seeding when user already exists","passed","3ms",,,,,"UserSeeder",,"Authentication","User seeder",
"frontend-typescript-react:src/test/lib/auth.test.ts#deleteAccount skips the request when there is no session","skips the request when there is no session","passed","1ms",,,"expect([Function Mock]).not.toHaveBeenCalled() passed (0s)
 expect(null).toBeNull() passed (0s)","deleteAccount","deleteAccount",,"reference-app-copy,reference-app-copy","deleteAccount",
"frontend-javascript-jquery:src/test/auth.test.js#deleteAccount skips the request when there is no session","skips the request when there is no session","passed","0s",,,"expect([Function Mock]).not.toHaveBeenCalled() passed (0s)
 expect(null).toBeNull() passed (0s)","deleteAccount",,,"reference-app-copy",,
"frontend-typescript-jquery:src/test/auth.test.ts#deleteAccount skips the request when there is no session","skips the request when there is no session","passed","1ms",,,"expect([Function Mock]).not.toHaveBeenCalled() passed (0s)
 expect(null).toBeNull() passed (0s)","deleteAccount",,,"reference-app-copy",,
"frontend-javascript-react:src/test/lib/auth.test.js#deleteAccount skips the request when there is no session","skips the request when there is no session","passed","1ms",,,"expect([Function Mock]).not.toHaveBeenCalled() passed (0s)
 expect(null).toBeNull() passed (0s)","deleteAccount","deleteAccount",,"reference-app-copy,reference-app-copy","deleteAccount",
"frontend-typescript-vanilla:src/test/lib/auth.test.ts#deleteAccount skips the request when there is no session","skips the request when there is no session","passed","1ms",,,"expect([Function Mock]).not.toHaveBeenCalled() passed (0s)
 expect(null).toBeNull() passed (0s)","deleteAccount","deleteAccount",,"reference-app-copy","deleteAccount",
"frontend-typescript-react:src/test/pages/LoginPage.test.tsx#LoginPage stores session and navigates home on successful login","stores session and navigates home on successful login","passed","199ms",,,"expect({""__reactFiber$vv29791euj8"":{""tag"":5,""key"":null,""elementType"":""div"",""type"":""div"",""stateNode"":""[Circular]"",""return"":""[Object]"",""child"":null,""sibling"":null,""index... <truncated>).toBeInTheDocument() passed (0s)
 expect(""tok-1"").toBe(""tok-1"") passed (1ms)","LoginPage","LoginPage",,"reference-app-copy,reference-app-copy","LoginPage",
"frontend-javascript-react:src/test/pages/LoginPage.test.jsx#LoginPage stores session and navigates home on successful login","stores session and navigates home on successful login","passed","103ms",,,"expect({""__reactFiber$rxqnqcrr8"":{""tag"":5,""key"":null,""elementType"":""div"",""type"":""div"",""stateNode"":""[Circular]"",""return"":""[Object]"",""child"":null,""sibling"":null,""index"":... <truncated>).toBeInTheDocument() passed (0s)
 expect(""tok-1"").toBe(""tok-1"") passed (0s)","LoginPage","LoginPage",,"reference-app-copy,reference-app-copy","LoginPage",
"frontend-typescript-react:src/test/pages/RegisterPage.test.tsx#RegisterPage stores session and navigates home on successful register","stores session and navigates home on successful register","passed","262ms",,,"expect({""__reactFiber$fqalq2dcal4"":{""tag"":5,""key"":null,""elementType"":""div"",""type"":""div"",""stateNode"":""[Circular]"",""return"":""[Object]"",""child"":null,""sibling"":null,""index... <truncated>).toBeInTheDocument() passed (0s)
 expect(""tok-reg"").toBe(""tok-reg"") passed (0s)","RegisterPage","RegisterPage",,"reference-app-copy,reference-app-copy","RegisterPage",
"frontend-javascript-react:src/test/pages/RegisterPage.test.jsx#RegisterPage stores session and navigates home on successful register","stores session and navigates home on successful register","passed","224ms",,,"expect({""__reactFiber$icyoxhg62n"":{""tag"":5,""key"":null,""elementType"":""div"",""type"":""div"",""stateNode"":""[Circular]"",""return"":""[Object]"",""child"":null,""sibling"":null,""index""... <truncated>).toBeInTheDocument() passed (0s)
 expect(""tok-reg"").toBe(""tok-reg"") passed (0s)","RegisterPage","RegisterPage",,"reference-app-copy,reference-app-copy","RegisterPage",
"frontend-typescript-jquery:src/test/login.test.ts#login stores the session and follows the redirect on success","stores the session and follows the redirect on success","passed","111ms",,,"expect(null).not.toBeNull() failed (0s)
 expect({}).not.toBeNull() passed (0s)
  expect(""http://localhost/login"").toBe(""/"") failed (1ms)
   expect(""/"").toBe(""/"") passed (0s)
    expect(""jwt-login"").toBe(""jwt-login"") passed (0s)
     expect({""method"":""POST"",""body"":""{\""username\"":\""user1\"",\""password\"":\""password1\""}"",""headers"":{""Content-Type"":""application/json""}}).toMatchObject({""body"":""{\""username\"":\""user1\"",\""password\"":\""password1\""}""}) passed (0s)","login",,,"reference-app-copy",,
"frontend-typescript-jquery:src/test/register.test.ts#register stores the session and follows the redirect on success","stores the session and follows the redirect on success","passed","115ms",,,"expect(null).not.toBeNull() failed (0s)
 expect({}).not.toBeNull() passed (0s)
  expect(""http://localhost/register"").toBe(""/"") failed (1ms)
   expect(""/"").toBe(""/"") passed (0s)
    expect(""jwt-register"").toBe(""jwt-register"") passed (0s)
     expect({""method"":""POST"",""body"":""{\""username\"":\""user1\"",\""password\"":\""password1\""}"",""headers"":{""Content-Type"":""application/json""}}).toMatchObject({""body"":""{\""username\"":\""user1\"",\""password\"":\""password1\""}""}) passed (1ms)","register",,,"reference-app-copy",,
"frontend-typescript-vanilla:src/test/pages/login.test.ts#login page stores the token and follows the redirect on success","stores the token and follows the redirect on success","passed","24ms",,,"expect("""").toBe(""/"") failed (1ms)
 expect(""/"").toBe(""/"") passed (0s)
  expect({""method"":""POST"",""body"":""{\""username\"":\""user1\"",\""password\"":\""password1\""}"",""headers"":{""Content-Type"":""application/json""}}).toMatchObject({""body"":""{\""username\"":\""user1\"",\""password\"":\""password1\""}""}) passed (1ms)
   expect(""fresh-token"").toBe(""fresh-token"") passed (0s)","login page","login page",,"reference-app-copy","login page",
"frontend-typescript-vanilla:src/test/pages/register.test.ts#register page stores the token and follows the redirect on success","stores the token and follows the redirect on success","passed","27ms",,,"expect("""").toBe(""/"") failed (1ms)
 expect(""/"").toBe(""/"") passed (0s)
  expect([[""/api/auth/register"",""[Object]""]]).toHaveLength(1) passed (0s)
   expect(""fresh-token"").toBe(""fresh-token"") passed (0s)","register page","register page",,"reference-app-copy","register page",
"frontend-javascript-jquery:src/test/login.test.js#login page stores the token and follows the redirect the API returns","stores the token and follows the redirect the API returns","passed","84ms",,,"expect(""token-123"").toBe(""token-123"") passed (0s)
 expect([Function Mock]).toHaveBeenCalledWith(""/api/auth/login"", {""method"":""POST"",""headers"":{""Content-Type"":""application/json""},""body"":""{\""username\"":\""user1\"",\""password\"":\""password1\""}""}) passed (1ms)
  expect(""/"").toBe(""/"") passed (0s)","login page",,,"reference-app-copy",,
"frontend-typescript-vue:src/test/lib/auth.test.ts#formatMessage substitutes placeholders and blanks unknown ones","substitutes placeholders and blanks unknown ones","passed","1ms",,,"expect(""min 3 / 6"").toBe(""min 3 / 6"") passed (1ms)
 expect("" tail"").toBe("" tail"") passed (0s)","formatMessage","formatMessage",,"reference-app-copy","formatMessage",
"frontend-typescript-angular:src/test/lib/auth.test.ts#formatMessage substitutes placeholders and blanks unknown ones","substitutes placeholders and blanks unknown ones","passed","1ms",,,"expect(""min 3 / 6"").toBe(""min 3 / 6"") passed (0s)
 expect("" tail"").toBe("" tail"") passed (0s)","formatMessage","formatMessage",,"reference-app-copy","formatMessage",
"frontend-javascript-vue:src/test/lib/auth.test.js#formatMessage substitutes placeholders and blanks unknown ones","substitutes placeholders and blanks unknown ones","passed","1ms",,,"expect(""min 3 / 6"").toBe(""min 3 / 6"") passed (0s)
 expect("" tail"").toBe("" tail"") passed (0s)","formatMessage","formatMessage",,"reference-app-copy","formatMessage",
"frontend-javascript-angular:src/test/lib/auth.test.js#formatMessage substitutes placeholders and blanks unknown ones","substitutes placeholders and blanks unknown ones","passed","1ms",,,"expect(""min 3 / 6"").toBe(""min 3 / 6"") passed (0s)
 expect("" tail"").toBe("" tail"") passed (0s)","formatMessage","formatMessage",,"reference-app-copy","formatMessage",
"frontend-typescript-jquery:src/test/auth.test.ts#formatMessage substitutes placeholders and drops unknown keys","substitutes placeholders and drops unknown keys","passed","0s",,,"expect(""at least 3 chars, "").toBe(""at least 3 chars, "") passed (0s)","formatMessage",,,"reference-app-copy",,
"frontend-typescript-react:src/test/lib/auth.test.ts#formatMessage substitutes placeholders and drops unknown keys","substitutes placeholders and drops unknown keys","passed","1ms",,,"expect(""at least 3 chars, "").toBe(""at least 3 chars, "") passed (0s)","formatMessage","formatMessage",,"reference-app-copy,reference-app-copy","formatMessage",
"frontend-javascript-jquery:src/test/auth.test.js#formatMessage substitutes placeholders and drops unknown keys","substitutes placeholders and drops unknown keys","passed","0s",,,"expect(""at least 3 chars, "").toBe(""at least 3 chars, "") passed (0s)","formatMessage",,,"reference-app-copy",,
"frontend-typescript-vanilla:src/test/lib/auth.test.ts#formatMessage substitutes placeholders and drops unknown keys","substitutes placeholders and drops unknown keys","passed","0s",,,"expect(""at least 3 chars, "").toBe(""at least 3 chars, "") passed (0s)","formatMessage","formatMessage",,"reference-app-copy","formatMessage",
"frontend-javascript-react:src/test/lib/auth.test.js#formatMessage substitutes placeholders and drops unknown keys","substitutes placeholders and drops unknown keys","passed","0s",,,"expect(""at least 3 chars, "").toBe(""at least 3 chars, "") passed (0s)","formatMessage","formatMessage",,"reference-app-copy,reference-app-copy","formatMessage",
"frontend-typescript-jquery:src/test/appBase.test.ts#appBase — mount precedence takes backend and frontend from the path matrix","takes backend and frontend from the path matrix","passed","13ms",,,"expect(""/backend-java-spring/frontend-typescript-jquery"").toBe(""/backend-java-spring/frontend-typescript-jquery"") passed (1ms)
 expect(""backend-java-spring"").toBe(""backend-java-spring"") passed (0s)
  expect(""authToken:backend-java-spring"").toBe(""authToken:backend-java-spring"") passed (0s)
   expect(""/backend-java-spring/frontend-typescript-jquery/js/header.js"").toBe(""/backend-java-spring/frontend-typescript-jquery/js/header.js"") passed (0s)
    expect(""/backend-java-spring/api/health"").toBe(""/backend-java-spring/api/health"") passed (0s)","appBase — mount precedence",,,"reference-app-copy",,
"frontend-javascript-react:src/test/lib/appBase.test.js#appBase — mount precedence takes backend and frontend from the path matrix","takes backend and frontend from the path matrix","passed","22ms",,,"expect(""/backend-java-spring/frontend-javascript-react"").toBe(""/backend-java-spring/frontend-javascript-react"") passed (1ms)
 expect(""backend-java-spring"").toBe(""backend-java-spring"") passed (0s)
  expect(""authToken:backend-java-spring"").toBe(""authToken:backend-java-spring"") passed (0s)
   expect(""/backend-java-spring/frontend-javascript-react/js/header.js"").toBe(""/backend-java-spring/frontend-javascript-react/js/header.js"") passed (0s)
    expect(""/backend-java-spring/api/health"").toBe(""/backend-java-spring/api/health"") passed (1ms)","appBase — mount precedence","appBase — mount precedence",,"reference-app-copy,reference-app-copy","appBase — mount precedence",
"frontend-typescript-angular:src/test/lib/app-base.test.ts#appBase — mount precedence takes backend and frontend from the path matrix","takes backend and frontend from the path matrix","passed","9ms",,,"expect(""/backend-java-spring/frontend-typescript-angular"").toBe(""/backend-java-spring/frontend-typescript-angular"") passed (0s)
 expect(""backend-java-spring"").toBe(""backend-java-spring"") passed (1ms)
  expect(""authToken:backend-java-spring"").toBe(""authToken:backend-java-spring"") passed (0s)
   expect(""/backend-java-spring/frontend-typescript-angular/js/header.js"").toBe(""/backend-java-spring/frontend-typescript-angular/js/header.js"") passed (0s)
    expect(""/backend-java-spring/api/health"").toBe(""/backend-java-spring/api/health"") passed (0s)","appBase — mount precedence","appBase — mount precedence",,"reference-app-copy","appBase — mount precedence",
"frontend-typescript-react:src/test/lib/appBase.test.ts#appBase — mount precedence takes backend and frontend from the path matrix","takes backend and frontend from the path matrix","passed","23ms",,,"expect(""/backend-java-spring/frontend-typescript-react"").toBe(""/backend-java-spring/frontend-typescript-react"") passed (1ms)
 expect(""backend-java-spring"").toBe(""backend-java-spring"") passed (0s)
  expect(""authToken:backend-java-spring"").toBe(""authToken:backend-java-spring"") passed (0s)
   expect(""/backend-java-spring/frontend-typescript-react/js/header.js"").toBe(""/backend-java-spring/frontend-typescript-react/js/header.js"") passed (0s)
    expect(""/backend-java-spring/api/health"").toBe(""/backend-java-spring/api/health"") passed (0s)","appBase — mount precedence","appBase — mount precedence",,"reference-app-copy,reference-app-copy","appBase — mount precedence",
"frontend-javascript-angular:src/test/lib/app-base.test.js#app-base — mount precedence takes backend and frontend from the path matrix","takes backend and frontend from the path matrix","passed","24ms",,,"expect(""/backend-java-spring/frontend-javascript-angular"").toBe(""/backend-java-spring/frontend-javascript-angular"") passed (1ms)
 expect(""backend-java-spring"").toBe(""backend-java-spring"") passed (0s)
  expect(""authToken:backend-java-spring"").toBe(""authToken:backend-java-spring"") passed (0s)
   expect(""/backend-java-spring/frontend-javascript-angular/js/header.js"").toBe(""/backend-java-spring/frontend-javascript-angular/js/header.js"") passed (0s)
    expect(""/backend-java-spring/api/health"").toBe(""/backend-java-spring/api/health"") passed (0s)","app-base — mount precedence","app-base — mount precedence",,"reference-app-copy","app-base — mount precedence",
"frontend-typescript-react:src/test/header-active-nav.test.ts#canonical header.js — mobile burger menu toggles menu visibility via burger button","toggles menu visibility via burger button","passed","255ms",,,"expect(3).toBe(3) passed (0s)
 expect(3).toBe(3) passed (0s)
  expect({}).not.toBeNull() passed (0s)
   expect({}).not.toBeNull() passed (0s)
    expect(true).toBe(true) passed (0s)
     expect(""false"").toBe(""false"") passed (0s)
      expect(false).toBe(false) passed (0s)
       expect(""true"").toBe(""true"") passed (0s)
        expect(true).toBe(true) passed (0s)
         expect(""false"").toBe(""false"") passed (0s)","canonical header.js — mobile burger menu","canonical header.js — mobile burger menu",,"reference-app-copy,reference-app-copy","canonical header.js — mobile burger menu",
"frontend-typescript-angular:src/test/header-active-nav.test.ts#canonical header.js — mobile burger menu toggles menu visibility via burger button","toggles menu visibility via burger button","passed","160ms",,,"expect(3).toBe(3) passed (0s)
 expect(3).toBe(3) passed (0s)
  expect({}).not.toBeNull() passed (0s)
   expect({}).not.toBeNull() passed (0s)
    expect(true).toBe(true) passed (0s)
     expect(""false"").toBe(""false"") passed (1ms)
      expect(false).toBe(false) passed (0s)
       expect(""true"").toBe(""true"") passed (0s)
        expect(true).toBe(true) passed (0s)
         expect(""false"").toBe(""false"") passed (0s)","canonical header.js — mobile burger menu","canonical header.js — mobile burger menu",,"reference-app-copy","canonical header.js — mobile burger menu",
"frontend-javascript-vue:src/test/header-active-nav.test.js#canonical header.js — mobile burger menu toggles menu visibility via burger button","toggles menu visibility via burger button","passed","157ms",,,"expect(3).toBe(3) passed (0s)
 expect(3).toBe(3) passed (0s)
  expect({}).not.toBeNull() passed (0s)
   expect({}).not.toBeNull() passed (0s)
    expect(true).toBe(true) passed (0s)
     expect(""false"").toBe(""false"") passed (0s)
      expect(false).toBe(false) passed (0s)
       expect(""true"").toBe(""true"") passed (0s)
        expect(true).toBe(true) passed (0s)
         expect(""false"").toBe(""false"") passed (0s)","canonical header.js — mobile burger menu","canonical header.js — mobile burger menu",,"reference-app-copy","canonical header.js — mobile burger menu",
"frontend-javascript-react:src/test/header-active-nav.test.js#canonical header.js — mobile burger menu toggles menu visibility via burger button","toggles menu visibility via burger button","passed","158ms",,,"expect(3).toBe(3) passed (0s)
 expect(3).toBe(3) passed (0s)
  expect({}).not.toBeNull() passed (0s)
   expect({}).not.toBeNull() passed (0s)
    expect(true).toBe(true) passed (0s)
     expect(""false"").toBe(""false"") passed (0s)
      expect(false).toBe(false) passed (0s)
       expect(""true"").toBe(""true"") passed (0s)
        expect(true).toBe(true) passed (1ms)
         expect(""false"").toBe(""false"") passed (0s)","canonical header.js — mobile burger menu","canonical header.js — mobile burger menu",,"reference-app-copy,reference-app-copy","canonical header.js — mobile burger menu",
"frontend-typescript-vue:src/test/header-active-nav.test.ts#canonical header.js — mobile burger menu toggles menu visibility via burger button","toggles menu visibility via burger button","passed","197ms",,,"expect(3).toBe(3) passed (0s)
 expect(3).toBe(3) passed (0s)
  expect({}).not.toBeNull() passed (0s)
   expect({}).not.toBeNull() passed (0s)
    expect(true).toBe(true) passed (0s)
     expect(""false"").toBe(""false"") passed (0s)
      expect(false).toBe(false) passed (0s)
       expect(""true"").toBe(""true"") passed (0s)
        expect(true).toBe(true) passed (0s)
         expect(""false"").toBe(""false"") passed (0s)","canonical header.js — mobile burger menu","canonical header.js — mobile burger menu",,"reference-app-copy","canonical header.js — mobile burger menu",
"frontend-javascript-angular:src/test/header-active-nav.test.js#canonical header.js — mobile burger menu toggles menu visibility via burger button","toggles menu visibility via burger button","passed","257ms",,,"expect(3).toBe(3) passed (0s)
 expect(3).toBe(3) passed (0s)
  expect({}).not.toBeNull() passed (0s)
   expect({}).not.toBeNull() passed (0s)
    expect(true).toBe(true) passed (0s)
     expect(""false"").toBe(""false"") passed (0s)
      expect(false).toBe(false) passed (0s)
       expect(""true"").toBe(""true"") passed (0s)
        expect(true).toBe(true) passed (0s)
         expect(""false"").toBe(""false"") passed (0s)","canonical header.js — mobile burger menu","canonical header.js — mobile burger menu",,"reference-app-copy","canonical header.js — mobile burger menu",
"tests.testinfra.HarCaptureTest.toHarBuildsEntriesFromPerformanceLogs","toHarBuildsEntriesFromPerformanceLogs()","passed","140ms",,,,,"tests.testinfra.HarCaptureTest",,"Test harness","HAR capture",
"tests.testinfra.TokensCssTest.tokensMatchComponentSizesCanon","tokens.css keeps canonical component size tokens [1] --control-height-md, 36px","passed","23ms",,,,,"TokensCss",,"Test harness","Tokens CSS",
"tests.testinfra.TokensCssTest.tokensMatchComponentSizesCanon","tokens.css keeps canonical component size tokens [2] --icon-size-md, 18px","passed","4ms",,,,,"TokensCss",,"Test harness","Tokens CSS",
"tests.testinfra.TokensCssTest.tokensMatchComponentSizesCanon","tokens.css keeps canonical component size tokens [3] --input-min-width, 200px","passed","3ms",,,,,"TokensCss",,"Test harness","Tokens CSS",
"tests.testinfra.TokensCssTest.tokensMatchComponentSizesCanon","tokens.css keeps canonical component size tokens [4] --header-height, 40px","passed","3ms",,,,,"TokensCss",,"Test harness","Tokens CSS",
"tests.api.AuthApiTests.unmappedApiPathRequiresAuthentication","unmapped /api/* path requires authentication (security catch-all)","passed","411ms",,,,,"Auth API",,"Authentication","Authentication",
"dev.reference.app.config.SecurityChainTest.unmappedApiPathRequiresAuthentication","unmapped /api/** path requires authentication (catch-all)","passed","9ms",,,,,"Security chain with real JWT filter,slice",,"Security","Security chain",
"dev.reference.app.config.SecurityChainTest.unmappedApiPathWithTokenIsNotFound","unmapped /api/** path with a valid token is 404, not 401","passed","26ms",,,,,"Security chain with real JWT filter,slice",,"Security","Security chain",
"tests.e2e.LogoutTests.shouldLogoutAfterFormLogin","User can logout after form login","passed","7s 285ms",,,"Open login page passed (361ms)
 Fill and submit form passed (3s 194ms)
   Type username: user1 passed (1s 244ms)
   Type password passed (1s 58ms)
   Submit login form passed (892ms)
  Verify welcome message: Welcome, user1! passed (765ms)
   Click logout button passed (749ms)
    Verify form title message: Login Form passed (448ms)",,"Logout",,"Authentication","Logout",
"tests.e2e.LogoutTests.shouldLogoutAfterLocalStorageAuthentication","User can logout after localStorage authentication","passed","8s 26ms",,,"Open home page with local storage authentication passed (2s 568ms)
  API: login as user1 passed (1s 577ms)
 Verify welcome message: Welcome, user1! passed (900ms)
  Verify session panel offers logout and delete account passed (1s 464ms)
   Click logout button passed (713ms)
    Verify form title message: Login Form passed (452ms)",,"Logout",,"Authentication","Logout",
"tests.e2e.LoginTests.shouldLoginWithValidCredentials","User is logged in with valid credentials","passed","6s 274ms",,,"Open login page passed (368ms)
 Fill and submit form passed (3s 250ms)
   Type username: user1 passed (1s 307ms)
   Type password passed (1s 60ms)
   Submit login form passed (882ms)
  Verify welcome message: Welcome, user1! passed (776ms)",,"Login",,"Authentication","Login",
"frontend-typescript-vanilla:src/test/pages/register.test.ts#register page validates credentials before the passwords are compared","validates credentials before the passwords are compared","passed","13ms",,,"expect({}).toHaveTextContent(""Login must be at least 3 characters"") passed (0s)
 expect([]).toHaveLength(0) passed (1ms)","register page","register page",,"reference-app-copy","register page",
"tests.e2e.LoginTests.shouldShowErrorWhenPasswordIsWrong","Wrong password shows readable error","passed","5s 906ms",,,"Open login page passed (359ms)
 Type username: user1 passed (1s 250ms)
  Type password passed (1s 47ms)
   Submit login form expecting validation error passed (1s 59ms)
    Verify error message: Wrong login or password passed (430ms)",,"Login",,"Authentication","Login",