Full Name,Name,Status,Duration,Error,Stack Trace,Steps,Parent Suite,Suite,Sub Suite,Epic,Feature,Story
"dev.reference.app.config.CorsConfigTest.apiCorsChecksOrigin","admits a configured dev server origin and rejects an unknown one","passed","61ms",,,,,"CorsConfig",,"Security","CORS",
"dev.reference.app.config.CorsConfigTest.apiCorsAllowsSameHostOrigin","admits the deployment host when Origin matches the request Host","passed","2ms",,,,,"CorsConfig",,"Security","CORS",
"dev.reference.app.config.CorsConfigTest.apiCorsAllowsOriginPatterns","applies the configured origin patterns on /api/**","passed","5ms",,,,,"CorsConfig",,"Security","CORS",
"tests.testinfra.LocalChromePinTest.applyRejectsBlankBrowserVersion","apply refuses to fall back to system Chrome","passed","2ms",,,,,"LocalChromePin",,"Test harness","LocalChromePin",
"tests.testinfra.LocalChromePinTest.applyRejectsForeignMajor","apply rejects a browserVersion from another major","passed","2ms",,,,,"LocalChromePin",,"Test harness","LocalChromePin",
"frontend-typescript-react:src/test/header-active-nav.test.ts#canonical header.js — mobile burger menu builds menu with nav, search, and github links","builds menu with nav, search, and github links","passed","41ms",,,"expect(3).toBe(3) passed (0s)
 expect(3).toBe(3) passed (0s)
  expect({}).not.toBeNull() passed (0s)
   expect([""header-menu-nav-home"",""header-menu-nav-login"",""header-menu-nav-register""]).toEqual([""header-menu-nav-home"",""header-menu-nav-login"",""header-menu-nav-register""]) passed (0s)
    expect({}).not.toBeNull() passed (0s)
     expect({}).not.toBeNull() passed (0s)
      expect({}).not.toBeNull() passed (0s)","canonical header.js — mobile burger menu","canonical header.js — mobile burger menu",,"reference-app-copy","canonical header.js — mobile burger menu",
"frontend-typescript-react:src/test/pages/HomePage.test.tsx#HomePage clears invalid session and keeps welcome hidden","clears invalid session and keeps welcome hidden","passed","22ms",,,"expect({""__reactFiber$4476y21i7lx"":{""tag"":5,""key"":null,""elementType"":""div"",""type"":""div"",""stateNode"":""[Circular]"",""return"":""[Object]"",""child"":""[Object]"",""sibling"":null,... <truncated>).not.toBeVisible() passed (2ms)
 expect(null).toBeNull() passed (0s)","HomePage","HomePage",,"reference-app-copy","HomePage",
"frontend-typescript-react:src/test/header-active-nav.test.ts#canonical header.js — mobile burger menu closes menu when a menu nav link is clicked","closes menu when a menu nav link is clicked","passed","34ms",,,"expect(3).toBe(3) passed (0s)
 expect(3).toBe(3) passed (0s)
  expect(false).toBe(false) passed (0s)
   expect(true).toBe(true) passed (0s)","canonical header.js — mobile burger menu","canonical header.js — mobile burger menu",,"reference-app-copy","canonical header.js — mobile burger menu",
"tests.testinfra.LocalChromePinTest.configuredBrowserVersionMatchesPin","configured browserVersion stays on the pinned major","passed","1ms",,,,,"LocalChromePin",,"Test harness","LocalChromePin",
"dev.reference.app.config.SecurityChainTest.corsPreflightAllowsConfiguredOrigin","CORS preflight for /api/items answers the configured dev origin","passed","17ms",,,,,"Security chain with real JWT filter,slice",,"Security","Security chain",
"dev.reference.app.config.CorsConfigTest.corsForRequestIgnoresForeignOrigin","corsForRequest does not admit a foreign origin from another host","passed","2ms",,,,,"CorsConfig",,"Security","CORS",
"dev.reference.app.config.CorsConfigTest.corsForRequestSkipsNonApiPaths","corsForRequest ignores non-API paths and null requests","passed","2ms",,,,,"CorsConfig",,"Security","CORS",
"dev.reference.app.config.UserSeederTest.createsSeedUserWhenMissing","creates seed user when missing","passed","226ms",,,,,"UserSeeder",,"Authentication","User seeder",
"dev.reference.app.service.JwtServiceTest.tokenRoundtrip","createToken and extractUsername roundtrip","passed","7ms",,,,,"JwtService",,"Authentication","JWT",
"tests.api.AuthApiTests.deleteRemovesAccount","DELETE /api/auth/me removes the account: repeated login is rejected","passed","1s 739ms",,,"API: register user user_559e1cc8 passed (644ms)
 API: delete current account passed (540ms)",,"Auth API",,"Authentication","Authentication",
"dev.reference.app.controller.AuthControllerTest.deleteAccountReturnsNoContent","DELETE /api/auth/me removes the authenticated account with 204","passed","14ms",,,,,"AuthController,slice",,"Authentication","AuthController",
"dev.reference.app.controller.AuthControllerTest.deleteAccountRequiresAuthentication","DELETE /api/auth/me without token returns 401","passed","6ms",,,,,"AuthController,slice",,"Authentication","AuthController",
"dev.reference.app.service.AuthServiceTest.deleteAccountUnknownUser","deleteAccount rejects a user that no longer exists","passed","2ms",,,,,"AuthService",,"Authentication","AuthService",
"dev.reference.app.service.AuthServiceTest.deleteAccountRemovesUser","deleteAccount removes the authenticated user","passed","1ms",,,,,"AuthService",,"Authentication","AuthService",
"frontend-typescript-react:src/test/pages/HomePage.test.tsx#HomePage does not clear session after unmount when profile fetch fails","does not clear session after unmount when profile fetch fails","passed","23ms",,,"expect(""stale-token"").toBe(""stale-token"") passed (1ms)","HomePage","HomePage",,"reference-app-copy","HomePage",
"frontend-typescript-react:src/test/pwa/pwa-register.test.ts#pwa-register controllerchange reload does not reload on first claim (no prior controller)","does not reload on first claim (no prior controller)","passed","5ms",,,"expect([Function spy]).not.toHaveBeenCalled() passed (1ms)","pwa-register controllerchange reload","pwa-register controllerchange reload",,"reference-app-copy","pwa-register controllerchange reload",
"tests.e2e.RegisterTests.shouldShowErrorWhenUsernameIsTaken","Duplicate username shows readable error","broken","7s 382ms","Could not start a new session. Unable to parse remote response: <html>
<head><title>401 Authorization Required</title></head>
<body>
<center><h1>401 Authorization Required</h1></center>
<hr><center>nginx/1.24.0 (Ubuntu)</center>
</body>
</html>
 
Host info: host: 'runnervmvrwv9', ip: '10.1.0.158'","org.openqa.selenium.SessionNotCreatedException: Could not start a new session. Unable to parse remote response: <html>
<head><title>401 Authorization Required</title></head>
<body>
<center><h1>401 Authorization Required</h1></center>
<hr><center>nginx/1.24.0 (Ubuntu)</center>
</body>
</html>
 
Host info: host: 'runnervmvrwv9', ip: '10.1.0.158'
	at org.openqa.selenium.remote.ProtocolHandshake.createSession(ProtocolHandshake.java:101)
	at org.openqa.selenium.remote.ProtocolHandshake.createSession(ProtocolHandshake.java:76)
	at org.openqa.selenium.remote.ProtocolHandshake.createSession(ProtocolHandshake.java:62)
	at org.openqa.selenium.remote.HttpCommandExecutor.execute(HttpCommandExecutor.java:171)
	at org.openqa.selenium.remote.RemoteWebDriver.execute(RemoteWebDriver.java:626)
	at org.openqa.selenium.remote.RemoteWebDriver.startSession(RemoteWebDriver.java:266)
	at org.openqa.selenium.remote.RemoteWebDriver.<init>(RemoteWebDriver.java:211)
	at org.openqa.selenium.remote.RemoteWebDriver.<init>(RemoteWebDriver.java:201)
	at com.codeborne.selenide.webdriver.RemoteDriverFactory.create(RemoteDriverFactory.java:24)
	at com.codeborne.selenide.webdriver.WebDriverFactory.createWebDriverInstance(WebDriverFactory.java:99)
	at com.codeborne.selenide.webdriver.WebDriverFactory.createWebDriver(WebDriverFactory.java:56)
	at com.codeborne.selenide.drivercommands.CreateDriverCommand.lambda$createDriver$0(CreateDriverCommand.java:66)
	at com.codeborne.selenide.logevents.SelenideLogger.wrap(SelenideLogger.java:128)
	at com.codeborne.selenide.logevents.SelenideLogger.get(SelenideLogger.java:106)
	at com.codeborne.selenide.drivercommands.CreateDriverCommand.createDriver(CreateDriverCommand.java:43)
	at com.codeborne.selenide.WebDriverThreadLocalContainer.createDriver(WebDriverThreadLocalContainer.java:189)
	at com.codeborne.selenide.WebDriverThreadLocalContainer.createDriver(WebDriverThreadLocalContainer.java:185)
	at com.codeborne.selenide.WebDriverThreadLocalContainer.createAndRegisterDriver(WebDriverThreadLocalContainer.java:172)
	at com.codeborne.selenide.WebDriverThreadLocalContainer.getAndCheckWebDriver(WebDriverThreadLocalContainer.java:133)
	at com.codeborne.selenide.WebDriverRunner.getAndCheckWebDriver(WebDriverRunner.java:102)
	at com.codeborne.selenide.StaticDriver.getAndCheckWebDriver(StaticDriver.java:44)
	at com.codeborne.selenide.SelenideDriver.getAndCheckWebDriver(SelenideDriver.java:254)
	at com.codeborne.selenide.logevents.SelenideLogger.lambda$run$0(SelenideLogger.java:99)
	at com.codeborne.selenide.logevents.SelenideLogger.wrap(SelenideLogger.java:128)
	at com.codeborne.selenide.logevents.SelenideLogger.run(SelenideLogger.java:98)
	at com.codeborne.selenide.drivercommands.Navigator.open(Navigator.java:88)
	at com.codeborne.selenide.SelenideDriver.open(SelenideDriver.java:107)
	at com.codeborne.selenide.Selenide.open(Selenide.java:117)
	at tests.TestBase.ensureBrowserSession(TestBase.java:116)
	at tests.TestBase.beforeEach(TestBase.java:133)
	at java.base/java.lang.reflect.Method.invoke(Method.java:580)
	at io.qameta.allure.jupiter.AllureJupiter.processFixture(AllureJupiter.java:191)
	at io.qameta.allure.jupiter.AllureJupiter.interceptBeforeEachMethod(AllureJupiter.java:147)
	at java.base/java.util.ArrayList.forEach(ArrayList.java:1596)
	at java.base/java.util.ArrayList.forEach(ArrayList.java:1596)
Caused by: org.openqa.selenium.json.JsonException: Unable to parse: <html>
<head><title>401 Authorization Required</title></head>
<body>
<center><h1>401 Authorization Required</h1></center>
<hr><center>nginx/1.24.0 (Ubuntu)</center>
</body>
</html>

	at org.openqa.selenium.json.Json.toType(Json.java:178)
	at org.openqa.selenium.json.Json.toType(Json.java:161)
	at org.openqa.selenium.remote.ProtocolHandshake.createSession(ProtocolHandshake.java:97)
	... 34 more
Caused by: org.openqa.selenium.json.JsonException: Unable to determine type from: <. Last 1 characters read: <, next 128 characters to read: html>
<head><title>401 Authorization Required</title></head>
<body>
<center><h1>401 Authorization Required</h1></center>
<hr
Build info: version: '4.46.0', revision: 'df5a634 df5a6341cbb5f8f06b836bd595752775627c80dc'
System info: os.name: 'Linux', os.arch: 'amd64', os.version: '6.17.0-1020-azure', java.version: '21.0.11'
Driver info: driver.version: SelenideDriver
	at org.openqa.selenium.json.JsonInput.peek(JsonInput.java:172)
	at org.openqa.selenium.json.JsonTypeCoercer.coerce(JsonTypeCoercer.java:146)
	at org.openqa.selenium.json.Json.toType(Json.java:213)
	at org.openqa.selenium.json.Json.toType(Json.java:176)
	... 36 more
",,,"Register",,"Authentication","Register",
"dev.reference.app.repository.UserRepositoryTest.duplicateUsernameViolatesUniqueConstraint","duplicate username violates the real unique constraint (V2)","passed","24ms",,,,,"UserRepository on real PostgreSQL,slice",,"Persistence","User repository",
"tests.e2e.LoginEmbedTests.embeddedHeaderIsVisibleOnLoginPage","Embedded header is visible on login page","broken","7s 408ms","Could not start a new session. Unable to parse remote response: <html>
<head><title>401 Authorization Required</title></head>
<body>
<center><h1>401 Authorization Required</h1></center>
<hr><center>nginx/1.24.0 (Ubuntu)</center>
</body>
</html>
 
Host info: host: 'runnervmvrwv9', ip: '10.1.0.158'","org.openqa.selenium.SessionNotCreatedException: Could not start a new session. Unable to parse remote response: <html>
<head><title>401 Authorization Required</title></head>
<body>
<center><h1>401 Authorization Required</h1></center>
<hr><center>nginx/1.24.0 (Ubuntu)</center>
</body>
</html>
 
Host info: host: 'runnervmvrwv9', ip: '10.1.0.158'
	at org.openqa.selenium.remote.ProtocolHandshake.createSession(ProtocolHandshake.java:101)
	at org.openqa.selenium.remote.ProtocolHandshake.createSession(ProtocolHandshake.java:76)
	at org.openqa.selenium.remote.ProtocolHandshake.createSession(ProtocolHandshake.java:62)
	at org.openqa.selenium.remote.HttpCommandExecutor.execute(HttpCommandExecutor.java:171)
	at org.openqa.selenium.remote.RemoteWebDriver.execute(RemoteWebDriver.java:626)
	at org.openqa.selenium.remote.RemoteWebDriver.startSession(RemoteWebDriver.java:266)
	at org.openqa.selenium.remote.RemoteWebDriver.<init>(RemoteWebDriver.java:211)
	at org.openqa.selenium.remote.RemoteWebDriver.<init>(RemoteWebDriver.java:201)
	at com.codeborne.selenide.webdriver.RemoteDriverFactory.create(RemoteDriverFactory.java:24)
	at com.codeborne.selenide.webdriver.WebDriverFactory.createWebDriverInstance(WebDriverFactory.java:99)
	at com.codeborne.selenide.webdriver.WebDriverFactory.createWebDriver(WebDriverFactory.java:56)
	at com.codeborne.selenide.drivercommands.CreateDriverCommand.lambda$createDriver$0(CreateDriverCommand.java:66)
	at com.codeborne.selenide.logevents.SelenideLogger.wrap(SelenideLogger.java:128)
	at com.codeborne.selenide.logevents.SelenideLogger.get(SelenideLogger.java:106)
	at com.codeborne.selenide.drivercommands.CreateDriverCommand.createDriver(CreateDriverCommand.java:43)
	at com.codeborne.selenide.WebDriverThreadLocalContainer.createDriver(WebDriverThreadLocalContainer.java:189)
	at com.codeborne.selenide.WebDriverThreadLocalContainer.createDriver(WebDriverThreadLocalContainer.java:185)
	at com.codeborne.selenide.WebDriverThreadLocalContainer.createAndRegisterDriver(WebDriverThreadLocalContainer.java:172)
	at com.codeborne.selenide.WebDriverThreadLocalContainer.getAndCheckWebDriver(WebDriverThreadLocalContainer.java:133)
	at com.codeborne.selenide.WebDriverRunner.getAndCheckWebDriver(WebDriverRunner.java:102)
	at com.codeborne.selenide.StaticDriver.getAndCheckWebDriver(StaticDriver.java:44)
	at com.codeborne.selenide.SelenideDriver.getAndCheckWebDriver(SelenideDriver.java:254)
	at com.codeborne.selenide.logevents.SelenideLogger.lambda$run$0(SelenideLogger.java:99)
	at com.codeborne.selenide.logevents.SelenideLogger.wrap(SelenideLogger.java:128)
	at com.codeborne.selenide.logevents.SelenideLogger.run(SelenideLogger.java:98)
	at com.codeborne.selenide.drivercommands.Navigator.open(Navigator.java:88)
	at com.codeborne.selenide.SelenideDriver.open(SelenideDriver.java:107)
	at com.codeborne.selenide.Selenide.open(Selenide.java:117)
	at tests.TestBase.ensureBrowserSession(TestBase.java:116)
	at tests.TestBase.beforeEach(TestBase.java:133)
	at java.base/java.lang.reflect.Method.invoke(Method.java:580)
	at io.qameta.allure.jupiter.AllureJupiter.processFixture(AllureJupiter.java:191)
	at io.qameta.allure.jupiter.AllureJupiter.interceptBeforeEachMethod(AllureJupiter.java:147)
	at java.base/java.util.ArrayList.forEach(ArrayList.java:1596)
	at java.base/java.util.ArrayList.forEach(ArrayList.java:1596)
Caused by: org.openqa.selenium.json.JsonException: Unable to parse: <html>
<head><title>401 Authorization Required</title></head>
<body>
<center><h1>401 Authorization Required</h1></center>
<hr><center>nginx/1.24.0 (Ubuntu)</center>
</body>
</html>

	at org.openqa.selenium.json.Json.toType(Json.java:178)
	at org.openqa.selenium.json.Json.toType(Json.java:161)
	at org.openqa.selenium.remote.ProtocolHandshake.createSession(ProtocolHandshake.java:97)
	... 34 more
Caused by: org.openqa.selenium.json.JsonException: Unable to determine type from: <. Last 1 characters read: <, next 128 characters to read: html>
<head><title>401 Authorization Required</title></head>
<body>
<center><h1>401 Authorization Required</h1></center>
<hr
Build info: version: '4.46.0', revision: 'df5a634 df5a6341cbb5f8f06b836bd595752775627c80dc'
System info: os.name: 'Linux', os.arch: 'amd64', os.version: '6.17.0-1020-azure', java.version: '21.0.11'
Driver info: driver.version: SelenideDriver
	at org.openqa.selenium.json.JsonInput.peek(JsonInput.java:172)
	at org.openqa.selenium.json.JsonTypeCoercer.coerce(JsonTypeCoercer.java:146)
	at org.openqa.selenium.json.Json.toType(Json.java:213)
	at org.openqa.selenium.json.Json.toType(Json.java:176)
	... 36 more
",,,"Login embed",,"Authentication","Login embed",
"tests.e2e.LoginTests.shouldShowValidationErrorWhenPasswordIsEmpty","Empty password shows validation error","broken","7s 265ms","Could not start a new session. Unable to parse remote response: <html>
<head><title>401 Authorization Required</title></head>
<body>
<center><h1>401 Authorization Required</h1></center>
<hr><center>nginx/1.24.0 (Ubuntu)</center>
</body>
</html>
 
Host info: host: 'runnervmvrwv9', ip: '10.1.0.158'","org.openqa.selenium.SessionNotCreatedException: Could not start a new session. Unable to parse remote response: <html>
<head><title>401 Authorization Required</title></head>
<body>
<center><h1>401 Authorization Required</h1></center>
<hr><center>nginx/1.24.0 (Ubuntu)</center>
</body>
</html>
 
Host info: host: 'runnervmvrwv9', ip: '10.1.0.158'
	at org.openqa.selenium.remote.ProtocolHandshake.createSession(ProtocolHandshake.java:101)
	at org.openqa.selenium.remote.ProtocolHandshake.createSession(ProtocolHandshake.java:76)
	at org.openqa.selenium.remote.ProtocolHandshake.createSession(ProtocolHandshake.java:62)
	at org.openqa.selenium.remote.HttpCommandExecutor.execute(HttpCommandExecutor.java:171)
	at org.openqa.selenium.remote.RemoteWebDriver.execute(RemoteWebDriver.java:626)
	at org.openqa.selenium.remote.RemoteWebDriver.startSession(RemoteWebDriver.java:266)
	at org.openqa.selenium.remote.RemoteWebDriver.<init>(RemoteWebDriver.java:211)
	at org.openqa.selenium.remote.RemoteWebDriver.<init>(RemoteWebDriver.java:201)
	at com.codeborne.selenide.webdriver.RemoteDriverFactory.create(RemoteDriverFactory.java:24)
	at com.codeborne.selenide.webdriver.WebDriverFactory.createWebDriverInstance(WebDriverFactory.java:99)
	at com.codeborne.selenide.webdriver.WebDriverFactory.createWebDriver(WebDriverFactory.java:56)
	at com.codeborne.selenide.drivercommands.CreateDriverCommand.lambda$createDriver$0(CreateDriverCommand.java:66)
	at com.codeborne.selenide.logevents.SelenideLogger.wrap(SelenideLogger.java:128)
	at com.codeborne.selenide.logevents.SelenideLogger.get(SelenideLogger.java:106)
	at com.codeborne.selenide.drivercommands.CreateDriverCommand.createDriver(CreateDriverCommand.java:43)
	at com.codeborne.selenide.WebDriverThreadLocalContainer.createDriver(WebDriverThreadLocalContainer.java:189)
	at com.codeborne.selenide.WebDriverThreadLocalContainer.createDriver(WebDriverThreadLocalContainer.java:185)
	at com.codeborne.selenide.WebDriverThreadLocalContainer.createAndRegisterDriver(WebDriverThreadLocalContainer.java:172)
	at com.codeborne.selenide.WebDriverThreadLocalContainer.getAndCheckWebDriver(WebDriverThreadLocalContainer.java:133)
	at com.codeborne.selenide.WebDriverRunner.getAndCheckWebDriver(WebDriverRunner.java:102)
	at com.codeborne.selenide.StaticDriver.getAndCheckWebDriver(StaticDriver.java:44)
	at com.codeborne.selenide.SelenideDriver.getAndCheckWebDriver(SelenideDriver.java:254)
	at com.codeborne.selenide.logevents.SelenideLogger.lambda$run$0(SelenideLogger.java:99)
	at com.codeborne.selenide.logevents.SelenideLogger.wrap(SelenideLogger.java:128)
	at com.codeborne.selenide.logevents.SelenideLogger.run(SelenideLogger.java:98)
	at com.codeborne.selenide.drivercommands.Navigator.open(Navigator.java:88)
	at com.codeborne.selenide.SelenideDriver.open(SelenideDriver.java:107)
	at com.codeborne.selenide.Selenide.open(Selenide.java:117)
	at tests.TestBase.ensureBrowserSession(TestBase.java:116)
	at tests.TestBase.beforeEach(TestBase.java:133)
	at java.base/java.lang.reflect.Method.invoke(Method.java:580)
	at io.qameta.allure.jupiter.AllureJupiter.processFixture(AllureJupiter.java:191)
	at io.qameta.allure.jupiter.AllureJupiter.interceptBeforeEachMethod(AllureJupiter.java:147)
	at java.base/java.util.ArrayList.forEach(ArrayList.java:1596)
	at java.base/java.util.ArrayList.forEach(ArrayList.java:1596)
Caused by: org.openqa.selenium.json.JsonException: Unable to parse: <html>
<head><title>401 Authorization Required</title></head>
<body>
<center><h1>401 Authorization Required</h1></center>
<hr><center>nginx/1.24.0 (Ubuntu)</center>
</body>
</html>

	at org.openqa.selenium.json.Json.toType(Json.java:178)
	at org.openqa.selenium.json.Json.toType(Json.java:161)
	at org.openqa.selenium.remote.ProtocolHandshake.createSession(ProtocolHandshake.java:97)
	... 34 more
Caused by: org.openqa.selenium.json.JsonException: Unable to determine type from: <. Last 1 characters read: <, next 128 characters to read: html>
<head><title>401 Authorization Required</title></head>
<body>
<center><h1>401 Authorization Required</h1></center>
<hr
Build info: version: '4.46.0', revision: 'df5a634 df5a6341cbb5f8f06b836bd595752775627c80dc'
System info: os.name: 'Linux', os.arch: 'amd64', os.version: '6.17.0-1020-azure', java.version: '21.0.11'
Driver info: driver.version: SelenideDriver
	at org.openqa.selenium.json.JsonInput.peek(JsonInput.java:172)
	at org.openqa.selenium.json.JsonTypeCoercer.coerce(JsonTypeCoercer.java:146)
	at org.openqa.selenium.json.Json.toType(Json.java:213)
	at org.openqa.selenium.json.Json.toType(Json.java:176)
	... 36 more
",,,"Login",,"Authentication","Login",
"tests.e2e.LoginTests.shouldShowValidationErrorWhenUsernameIsEmpty","Empty username shows validation error","broken","7s 280ms","Could not start a new session. Unable to parse remote response: <html>
<head><title>401 Authorization Required</title></head>
<body>
<center><h1>401 Authorization Required</h1></center>
<hr><center>nginx/1.24.0 (Ubuntu)</center>
</body>
</html>
 
Host info: host: 'runnervmvrwv9', ip: '10.1.0.158'","org.openqa.selenium.SessionNotCreatedException: Could not start a new session. Unable to parse remote response: <html>
<head><title>401 Authorization Required</title></head>
<body>
<center><h1>401 Authorization Required</h1></center>
<hr><center>nginx/1.24.0 (Ubuntu)</center>
</body>
</html>
 
Host info: host: 'runnervmvrwv9', ip: '10.1.0.158'
	at org.openqa.selenium.remote.ProtocolHandshake.createSession(ProtocolHandshake.java:101)
	at org.openqa.selenium.remote.ProtocolHandshake.createSession(ProtocolHandshake.java:76)
	at org.openqa.selenium.remote.ProtocolHandshake.createSession(ProtocolHandshake.java:62)
	at org.openqa.selenium.remote.HttpCommandExecutor.execute(HttpCommandExecutor.java:171)
	at org.openqa.selenium.remote.RemoteWebDriver.execute(RemoteWebDriver.java:626)
	at org.openqa.selenium.remote.RemoteWebDriver.startSession(RemoteWebDriver.java:266)
	at org.openqa.selenium.remote.RemoteWebDriver.<init>(RemoteWebDriver.java:211)
	at org.openqa.selenium.remote.RemoteWebDriver.<init>(RemoteWebDriver.java:201)
	at com.codeborne.selenide.webdriver.RemoteDriverFactory.create(RemoteDriverFactory.java:24)
	at com.codeborne.selenide.webdriver.WebDriverFactory.createWebDriverInstance(WebDriverFactory.java:99)
	at com.codeborne.selenide.webdriver.WebDriverFactory.createWebDriver(WebDriverFactory.java:56)
	at com.codeborne.selenide.drivercommands.CreateDriverCommand.lambda$createDriver$0(CreateDriverCommand.java:66)
	at com.codeborne.selenide.logevents.SelenideLogger.wrap(SelenideLogger.java:128)
	at com.codeborne.selenide.logevents.SelenideLogger.get(SelenideLogger.java:106)
	at com.codeborne.selenide.drivercommands.CreateDriverCommand.createDriver(CreateDriverCommand.java:43)
	at com.codeborne.selenide.WebDriverThreadLocalContainer.createDriver(WebDriverThreadLocalContainer.java:189)
	at com.codeborne.selenide.WebDriverThreadLocalContainer.createDriver(WebDriverThreadLocalContainer.java:185)
	at com.codeborne.selenide.WebDriverThreadLocalContainer.createAndRegisterDriver(WebDriverThreadLocalContainer.java:172)
	at com.codeborne.selenide.WebDriverThreadLocalContainer.getAndCheckWebDriver(WebDriverThreadLocalContainer.java:133)
	at com.codeborne.selenide.WebDriverRunner.getAndCheckWebDriver(WebDriverRunner.java:102)
	at com.codeborne.selenide.StaticDriver.getAndCheckWebDriver(StaticDriver.java:44)
	at com.codeborne.selenide.SelenideDriver.getAndCheckWebDriver(SelenideDriver.java:254)
	at com.codeborne.selenide.logevents.SelenideLogger.lambda$run$0(SelenideLogger.java:99)
	at com.codeborne.selenide.logevents.SelenideLogger.wrap(SelenideLogger.java:128)
	at com.codeborne.selenide.logevents.SelenideLogger.run(SelenideLogger.java:98)
	at com.codeborne.selenide.drivercommands.Navigator.open(Navigator.java:88)
	at com.codeborne.selenide.SelenideDriver.open(SelenideDriver.java:107)
	at com.codeborne.selenide.Selenide.open(Selenide.java:117)
	at tests.TestBase.ensureBrowserSession(TestBase.java:116)
	at tests.TestBase.beforeEach(TestBase.java:133)
	at java.base/java.lang.reflect.Method.invoke(Method.java:580)
	at io.qameta.allure.jupiter.AllureJupiter.processFixture(AllureJupiter.java:191)
	at io.qameta.allure.jupiter.AllureJupiter.interceptBeforeEachMethod(AllureJupiter.java:147)
	at java.base/java.util.ArrayList.forEach(ArrayList.java:1596)
	at java.base/java.util.ArrayList.forEach(ArrayList.java:1596)
Caused by: org.openqa.selenium.json.JsonException: Unable to parse: <html>
<head><title>401 Authorization Required</title></head>
<body>
<center><h1>401 Authorization Required</h1></center>
<hr><center>nginx/1.24.0 (Ubuntu)</center>
</body>
</html>

	at org.openqa.selenium.json.Json.toType(Json.java:178)
	at org.openqa.selenium.json.Json.toType(Json.java:161)
	at org.openqa.selenium.remote.ProtocolHandshake.createSession(ProtocolHandshake.java:97)
	... 34 more
Caused by: org.openqa.selenium.json.JsonException: Unable to determine type from: <. Last 1 characters read: <, next 128 characters to read: html>
<head><title>401 Authorization Required</title></head>
<body>
<center><h1>401 Authorization Required</h1></center>
<hr
Build info: version: '4.46.0', revision: 'df5a634 df5a6341cbb5f8f06b836bd595752775627c80dc'
System info: os.name: 'Linux', os.arch: 'amd64', os.version: '6.17.0-1020-azure', java.version: '21.0.11'
Driver info: driver.version: SelenideDriver
	at org.openqa.selenium.json.JsonInput.peek(JsonInput.java:172)
	at org.openqa.selenium.json.JsonTypeCoercer.coerce(JsonTypeCoercer.java:146)
	at org.openqa.selenium.json.Json.toType(Json.java:213)
	at org.openqa.selenium.json.Json.toType(Json.java:176)
	... 36 more
",,,"Login",,"Authentication","Login",
"frontend-typescript-react:src/test/lib/auth.test.ts#validateCredentials enforces login minimum length","enforces login minimum length","passed","0s",,,"expect(""Login must be at least 3 characters"").toBe(""Login must be at least 3 characters"") passed (0s)","validateCredentials","validateCredentials",,"reference-app-copy","validateCredentials",
"frontend-typescript-react:src/test/lib/auth.test.ts#validateCredentials enforces password minimum length","enforces password minimum length","passed","0s",,,"expect(""Password must be at least 6 characters"").toBe(""Password must be at least 6 characters"") passed (0s)","validateCredentials","validateCredentials",,"reference-app-copy","validateCredentials",
"dev.reference.app.repository.UserRepositoryTest.findByUsernameEmptyForUnknownUser","findByUsername is empty for an unknown user","passed","33ms",,,,,"UserRepository on real PostgreSQL,slice",,"Persistence","User repository",
"dev.reference.app.repository.UserRepositoryTest.findByUsernameReturnsSavedUser","findByUsername returns the saved user with generated id and created_at","passed","13ms",,,,,"UserRepository on real PostgreSQL,slice",,"Persistence","User repository",
"tests.integration.SeedDataIntegrationTests.seededItemsAreReadyAfterDeploy","Flyway seed items Alpha, Beta, Gamma are present in PostgreSQL","passed","559ms",,,,,"Seed data",,"Deploy readiness","Seed data",
"dev.reference.app.controller.AuthControllerTest.meReturnsProfile","GET /api/auth/me returns profile for authenticated user","passed","10ms",,,,,"AuthController,slice",,"Authentication","AuthController",
"tests.api.AuthApiTests.profileWithBearerToken","GET /api/auth/me returns the profile contract for a bearer token","passed","1s 288ms",,,"API: login as user1 passed (687ms)",,"Auth API",,"Authentication","Authentication",
"tests.api.AuthApiTests.profileWithGarbageToken","GET /api/auth/me with a garbage token returns 401","passed","538ms",,,,,"Auth API",,"Authentication","Authentication",
"dev.reference.app.config.SecurityChainTest.meWithRealBearerToken","GET /api/auth/me with a real bearer token passes the filter chain","passed","133ms",,,,,"Security chain with real JWT filter,slice",,"Security","Security chain",
"dev.reference.app.config.SecurityChainTest.meWithTamperedToken","GET /api/auth/me with a tampered token returns 401","passed","9ms",,,,,"Security chain with real JWT filter,slice",,"Security","Security chain",
"dev.reference.app.config.SecurityChainTest.meWithExpiredToken","GET /api/auth/me with an expired token returns 401","passed","294ms",,,,,"Security chain with real JWT filter,slice",,"Security","Security chain",
"tests.api.AuthApiTests.profileWithoutToken","GET /api/auth/me without a token returns 401","passed","554ms",,,,,"Auth API",,"Authentication","Authentication",
"dev.reference.app.controller.AuthControllerTest.meRequiresAuthentication","GET /api/auth/me without token returns 401","passed","18ms",,,,,"AuthController,slice",,"Authentication","AuthController",
"tests.integration.BackendWiringIntegrationTests.healthReportsActiveBackendService","GET /api/health — deployed service is the active backend module, not a neighbour","passed","536ms",,,,,"Backend wiring",,"Wired backend","Health and data source",
"tests.api.ReferenceApiTests.healthMatchesContract","GET /api/health matches the health contract and reports ok","passed","528ms",,,,,"Reference API",,"Home","Health and items",
"dev.reference.app.controller.ApiControllerTest.healthReturnsOk","GET /api/health returns ok","passed","16ms",,,,,"ApiController,slice",,"Home","ApiController",
"tests.integration.BackendWiringIntegrationTests.itemsAreWiredToPostgreSQL","GET /api/items — catalogue is served from PostgreSQL, not a stub or fallback","passed","582ms",,,,,"Backend wiring",,"Wired backend","Health and data source",
"tests.api.ReferenceApiTests.itemsMatchContract","GET /api/items matches the items contract (typed rows, named source)","passed","541ms",,,,,"Reference API",,"Home","Health and items",
"dev.reference.app.controller.ApiControllerTest.itemsReturnsList","GET /api/items returns items from service","passed","20ms",,,,,"ApiController,slice",,"Home","ApiController",
"tests.testinfra.LayoutCssTest.gridColumnCountParsesGridTemplateColumns","gridColumnCount parses grid-template-columns [1] repeat(3, minmax(0, 1fr)), 3","passed","21ms",,,,,"LayoutCss",,"Test harness","Layout CSS",
"tests.testinfra.LayoutCssTest.gridColumnCountParsesGridTemplateColumns","gridColumnCount parses grid-template-columns [2] 603px 603px, 2","passed","2ms",,,,,"LayoutCss",,"Test harness","Layout CSS",
"tests.testinfra.LayoutCssTest.gridColumnCountParsesGridTemplateColumns","gridColumnCount parses grid-template-columns [3] 1fr, 1","passed","1ms",,,,,"LayoutCss",,"Test harness","Layout CSS",
"tests.testinfra.LayoutCssTest.gridColumnCountParsesGridTemplateColumns","gridColumnCount parses grid-template-columns [4] 316px, 1","passed","2ms",,,,,"LayoutCss",,"Test harness","Layout CSS",
"tests.testinfra.LayoutCssTest.gridColumnCountParsesGridTemplateColumns","gridColumnCount parses grid-template-columns [5] none, 0","passed","2ms",,,,,"LayoutCss",,"Test harness","Layout CSS",
"tests.e2e.HomeErrorStateTests.healthApiFailureShowsReadableError","Health API failure shows a readable error in the health panel","broken","8s 992ms","Could not start a new session. Unable to parse remote response: <html>
<head><title>401 Authorization Required</title></head>
<body>
<center><h1>401 Authorization Required</h1></center>
<hr><center>nginx/1.24.0 (Ubuntu)</center>
</body>
</html>
 
Host info: host: 'runnervmvrwv9', ip: '10.1.0.158'","org.openqa.selenium.SessionNotCreatedException: Could not start a new session. Unable to parse remote response: <html>
<head><title>401 Authorization Required</title></head>
<body>
<center><h1>401 Authorization Required</h1></center>
<hr><center>nginx/1.24.0 (Ubuntu)</center>
</body>
</html>
 
Host info: host: 'runnervmvrwv9', ip: '10.1.0.158'
	at org.openqa.selenium.remote.ProtocolHandshake.createSession(ProtocolHandshake.java:101)
	at org.openqa.selenium.remote.ProtocolHandshake.createSession(ProtocolHandshake.java:76)
	at org.openqa.selenium.remote.ProtocolHandshake.createSession(ProtocolHandshake.java:62)
	at org.openqa.selenium.remote.HttpCommandExecutor.execute(HttpCommandExecutor.java:171)
	at org.openqa.selenium.remote.RemoteWebDriver.execute(RemoteWebDriver.java:626)
	at org.openqa.selenium.remote.RemoteWebDriver.startSession(RemoteWebDriver.java:266)
	at org.openqa.selenium.remote.RemoteWebDriver.<init>(RemoteWebDriver.java:211)
	at org.openqa.selenium.remote.RemoteWebDriver.<init>(RemoteWebDriver.java:201)
	at com.codeborne.selenide.webdriver.RemoteDriverFactory.create(RemoteDriverFactory.java:24)
	at com.codeborne.selenide.webdriver.WebDriverFactory.createWebDriverInstance(WebDriverFactory.java:99)
	at com.codeborne.selenide.webdriver.WebDriverFactory.createWebDriver(WebDriverFactory.java:56)
	at com.codeborne.selenide.drivercommands.CreateDriverCommand.lambda$createDriver$0(CreateDriverCommand.java:66)
	at com.codeborne.selenide.logevents.SelenideLogger.wrap(SelenideLogger.java:128)
	at com.codeborne.selenide.logevents.SelenideLogger.get(SelenideLogger.java:106)
	at com.codeborne.selenide.drivercommands.CreateDriverCommand.createDriver(CreateDriverCommand.java:43)
	at com.codeborne.selenide.WebDriverThreadLocalContainer.createDriver(WebDriverThreadLocalContainer.java:189)
	at com.codeborne.selenide.WebDriverThreadLocalContainer.createDriver(WebDriverThreadLocalContainer.java:185)
	at com.codeborne.selenide.WebDriverThreadLocalContainer.createAndRegisterDriver(WebDriverThreadLocalContainer.java:172)
	at com.codeborne.selenide.WebDriverThreadLocalContainer.getAndCheckWebDriver(WebDriverThreadLocalContainer.java:133)
	at com.codeborne.selenide.WebDriverRunner.getAndCheckWebDriver(WebDriverRunner.java:102)
	at com.codeborne.selenide.StaticDriver.getAndCheckWebDriver(StaticDriver.java:44)
	at com.codeborne.selenide.SelenideDriver.getAndCheckWebDriver(SelenideDriver.java:254)
	at com.codeborne.selenide.logevents.SelenideLogger.lambda$run$0(SelenideLogger.java:99)
	at com.codeborne.selenide.logevents.SelenideLogger.wrap(SelenideLogger.java:128)
	at com.codeborne.selenide.logevents.SelenideLogger.run(SelenideLogger.java:98)
	at com.codeborne.selenide.drivercommands.Navigator.open(Navigator.java:88)
	at com.codeborne.selenide.SelenideDriver.open(SelenideDriver.java:107)
	at com.codeborne.selenide.Selenide.open(Selenide.java:117)
	at tests.TestBase.ensureBrowserSession(TestBase.java:116)
	at tests.TestBase.beforeEach(TestBase.java:133)
	at java.base/java.lang.reflect.Method.invoke(Method.java:580)
	at io.qameta.allure.jupiter.AllureJupiter.processFixture(AllureJupiter.java:191)
	at io.qameta.allure.jupiter.AllureJupiter.interceptBeforeEachMethod(AllureJupiter.java:147)
	at java.base/java.util.ArrayList.forEach(ArrayList.java:1596)
	at java.base/java.util.ArrayList.forEach(ArrayList.java:1596)
Caused by: org.openqa.selenium.json.JsonException: Unable to parse: <html>
<head><title>401 Authorization Required</title></head>
<body>
<center><h1>401 Authorization Required</h1></center>
<hr><center>nginx/1.24.0 (Ubuntu)</center>
</body>
</html>

	at org.openqa.selenium.json.Json.toType(Json.java:178)
	at org.openqa.selenium.json.Json.toType(Json.java:161)
	at org.openqa.selenium.remote.ProtocolHandshake.createSession(ProtocolHandshake.java:97)
	... 34 more
Caused by: org.openqa.selenium.json.JsonException: Unable to determine type from: <. Last 1 characters read: <, next 128 characters to read: html>
<head><title>401 Authorization Required</title></head>
<body>
<center><h1>401 Authorization Required</h1></center>
<hr
Build info: version: '4.46.0', revision: 'df5a634 df5a6341cbb5f8f06b836bd595752775627c80dc'
System info: os.name: 'Linux', os.arch: 'amd64', os.version: '6.17.0-1020-azure', java.version: '21.0.11'
Driver info: driver.version: SelenideDriver
	at org.openqa.selenium.json.JsonInput.peek(JsonInput.java:172)
	at org.openqa.selenium.json.JsonTypeCoercer.coerce(JsonTypeCoercer.java:146)
	at org.openqa.selenium.json.Json.toType(Json.java:213)
	at org.openqa.selenium.json.Json.toType(Json.java:176)
	... 36 more
",,,"Home error states (mock)",,"Home","Error states",
"dev.reference.app.service.ItemServiceTest.healthReturnsOk","health returns ok status","passed","1ms",,,,,"ItemService",,"Home","ItemService",
"frontend-typescript-react:src/test/header-active-nav.test.ts#canonical header.js — active nav follows the route highlights Home on mount root","highlights Home on mount root","passed","31ms",,,"expect(3).toBe(3) passed (0s)
 expect(3).toBe(3) passed (0s)
  expect([""header-nav-home""]).toEqual([""header-nav-home""]) passed (0s)
   expect([""header-nav-home""]).toEqual([""header-nav-home""]) passed (0s)","canonical header.js — active nav follows the route","canonical header.js — active nav follows the route",,"reference-app-copy","canonical header.js — active nav follows the route",
"frontend-typescript-react:src/test/header-active-nav.test.ts#canonical header.js — active nav follows the route highlights Login on a direct /login load","highlights Login on a direct /login load","passed","159ms",,,"expect(3).toBe(3) passed (1ms)
 expect(3).toBe(3) passed (0s)
  expect([""header-nav-login""]).toEqual([""header-nav-login""]) passed (1ms)
   expect([""header-nav-login""]).toEqual([""header-nav-login""]) passed (0s)","canonical header.js — active nav follows the route","canonical header.js — active nav follows the route",,"reference-app-copy","canonical header.js — active nav follows the route",
"frontend-typescript-react:src/test/header-active-nav.test.ts#canonical header.js — active nav follows the route highlights Register on a direct /register load","highlights Register on a direct /register load","passed","41ms",,,"expect(3).toBe(3) passed (0s)
 expect(3).toBe(3) passed (0s)
  expect([""header-nav-register""]).toEqual([""header-nav-register""]) passed (0s)
   expect([""header-nav-register""]).toEqual([""header-nav-register""]) passed (0s)","canonical header.js — active nav follows the route","canonical header.js — active nav follows the route",,"reference-app-copy","canonical header.js — active nav follows the route",
"frontend-typescript-react:src/test/header-active-nav.test.ts#canonical header.js — mobile burger menu highlights the active route in menu nav links","highlights the active route in menu nav links","passed","41ms",,,"expect(3).toBe(3) passed (1ms)
 expect(3).toBe(3) passed (0s)
  expect([""header-menu-nav-login""]).toEqual([""header-menu-nav-login""]) passed (0s)","canonical header.js — mobile burger menu","canonical header.js — mobile burger menu",,"reference-app-copy","canonical header.js — mobile burger menu",
"tests.e2e.HomeLayoutTests.homeLayoutIsMounted","Home shows embedded header and reference layout","broken","7s 287ms","Could not start a new session. Unable to parse remote response: <html>
<head><title>401 Authorization Required</title></head>
<body>
<center><h1>401 Authorization Required</h1></center>
<hr><center>nginx/1.24.0 (Ubuntu)</center>
</body>
</html>
 
Host info: host: 'runnervmvrwv9', ip: '10.1.0.158'","org.openqa.selenium.SessionNotCreatedException: Could not start a new session. Unable to parse remote response: <html>
<head><title>401 Authorization Required</title></head>
<body>
<center><h1>401 Authorization Required</h1></center>
<hr><center>nginx/1.24.0 (Ubuntu)</center>
</body>
</html>
 
Host info: host: 'runnervmvrwv9', ip: '10.1.0.158'
	at org.openqa.selenium.remote.ProtocolHandshake.createSession(ProtocolHandshake.java:101)
	at org.openqa.selenium.remote.ProtocolHandshake.createSession(ProtocolHandshake.java:76)
	at org.openqa.selenium.remote.ProtocolHandshake.createSession(ProtocolHandshake.java:62)
	at org.openqa.selenium.remote.HttpCommandExecutor.execute(HttpCommandExecutor.java:171)
	at org.openqa.selenium.remote.RemoteWebDriver.execute(RemoteWebDriver.java:626)
	at org.openqa.selenium.remote.RemoteWebDriver.startSession(RemoteWebDriver.java:266)
	at org.openqa.selenium.remote.RemoteWebDriver.<init>(RemoteWebDriver.java:211)
	at org.openqa.selenium.remote.RemoteWebDriver.<init>(RemoteWebDriver.java:201)
	at com.codeborne.selenide.webdriver.RemoteDriverFactory.create(RemoteDriverFactory.java:24)
	at com.codeborne.selenide.webdriver.WebDriverFactory.createWebDriverInstance(WebDriverFactory.java:99)
	at com.codeborne.selenide.webdriver.WebDriverFactory.createWebDriver(WebDriverFactory.java:56)
	at com.codeborne.selenide.drivercommands.CreateDriverCommand.lambda$createDriver$0(CreateDriverCommand.java:66)
	at com.codeborne.selenide.logevents.SelenideLogger.wrap(SelenideLogger.java:128)
	at com.codeborne.selenide.logevents.SelenideLogger.get(SelenideLogger.java:106)
	at com.codeborne.selenide.drivercommands.CreateDriverCommand.createDriver(CreateDriverCommand.java:43)
	at com.codeborne.selenide.WebDriverThreadLocalContainer.createDriver(WebDriverThreadLocalContainer.java:189)
	at com.codeborne.selenide.WebDriverThreadLocalContainer.createDriver(WebDriverThreadLocalContainer.java:185)
	at com.codeborne.selenide.WebDriverThreadLocalContainer.createAndRegisterDriver(WebDriverThreadLocalContainer.java:172)
	at com.codeborne.selenide.WebDriverThreadLocalContainer.getAndCheckWebDriver(WebDriverThreadLocalContainer.java:133)
	at com.codeborne.selenide.WebDriverRunner.getAndCheckWebDriver(WebDriverRunner.java:102)
	at com.codeborne.selenide.StaticDriver.getAndCheckWebDriver(StaticDriver.java:44)
	at com.codeborne.selenide.SelenideDriver.getAndCheckWebDriver(SelenideDriver.java:254)
	at com.codeborne.selenide.logevents.SelenideLogger.lambda$run$0(SelenideLogger.java:99)
	at com.codeborne.selenide.logevents.SelenideLogger.wrap(SelenideLogger.java:128)
	at com.codeborne.selenide.logevents.SelenideLogger.run(SelenideLogger.java:98)
	at com.codeborne.selenide.drivercommands.Navigator.open(Navigator.java:88)
	at com.codeborne.selenide.SelenideDriver.open(SelenideDriver.java:107)
	at com.codeborne.selenide.Selenide.open(Selenide.java:117)
	at tests.TestBase.ensureBrowserSession(TestBase.java:116)
	at tests.TestBase.beforeEach(TestBase.java:133)
	at java.base/java.lang.reflect.Method.invoke(Method.java:580)
	at io.qameta.allure.jupiter.AllureJupiter.processFixture(AllureJupiter.java:191)
	at io.qameta.allure.jupiter.AllureJupiter.interceptBeforeEachMethod(AllureJupiter.java:147)
	at java.base/java.util.ArrayList.forEach(ArrayList.java:1596)
	at java.base/java.util.ArrayList.forEach(ArrayList.java:1596)
Caused by: org.openqa.selenium.json.JsonException: Unable to parse: <html>
<head><title>401 Authorization Required</title></head>
<body>
<center><h1>401 Authorization Required</h1></center>
<hr><center>nginx/1.24.0 (Ubuntu)</center>
</body>
</html>

	at org.openqa.selenium.json.Json.toType(Json.java:178)
	at org.openqa.selenium.json.Json.toType(Json.java:161)
	at org.openqa.selenium.remote.ProtocolHandshake.createSession(ProtocolHandshake.java:97)
	... 34 more
Caused by: org.openqa.selenium.json.JsonException: Unable to determine type from: <. Last 1 characters read: <, next 128 characters to read: html>
<head><title>401 Authorization Required</title></head>
<body>
<center><h1>401 Authorization Required</h1></center>
<hr
Build info: version: '4.46.0', revision: 'df5a634 df5a6341cbb5f8f06b836bd595752775627c80dc'
System info: os.name: 'Linux', os.arch: 'amd64', os.version: '6.17.0-1020-azure', java.version: '21.0.11'
Driver info: driver.version: SelenideDriver
	at org.openqa.selenium.json.JsonInput.peek(JsonInput.java:172)
	at org.openqa.selenium.json.JsonTypeCoercer.coerce(JsonTypeCoercer.java:146)
	at org.openqa.selenium.json.Json.toType(Json.java:213)
	at org.openqa.selenium.json.Json.toType(Json.java:176)
	... 36 more
",,,"Home layout mount",,"Home","Home layout",
"dev.reference.app.config.JwtAuthFilterTest.ignoresInvalidBearerToken","ignores invalid bearer token","passed","6ms",,,,,"JwtAuthFilter",,"Authentication","JWT filter",
"dev.reference.app.config.JwtAuthFilterTest.ignoresNonBearerAuthorizationHeader","ignores non-bearer authorization header","passed","4ms",,,,,"JwtAuthFilter",,"Authentication","JWT filter",
"dev.reference.app.repository.FlywayMigrationTest.insertAssignsIdentityId","insert into the migrated schema assigns an identity id","passed","50ms",,,,,"Flyway schema on real PostgreSQL,slice",,"Persistence","Flyway schema",
"tests.e2e.SessionTests.invalidTokenClearsSession","Invalid token clears session and hides welcome","broken","7s 575ms","Could not start a new session. Unable to parse remote response: <html>
<head><title>401 Authorization Required</title></head>
<body>
<center><h1>401 Authorization Required</h1></center>
<hr><center>nginx/1.24.0 (Ubuntu)</center>
</body>
</html>
 
Host info: host: 'runnervmvrwv9', ip: '10.1.0.158'","org.openqa.selenium.SessionNotCreatedException: Could not start a new session. Unable to parse remote response: <html>
<head><title>401 Authorization Required</title></head>
<body>
<center><h1>401 Authorization Required</h1></center>
<hr><center>nginx/1.24.0 (Ubuntu)</center>
</body>
</html>
 
Host info: host: 'runnervmvrwv9', ip: '10.1.0.158'
	at org.openqa.selenium.remote.ProtocolHandshake.createSession(ProtocolHandshake.java:101)
	at org.openqa.selenium.remote.ProtocolHandshake.createSession(ProtocolHandshake.java:76)
	at org.openqa.selenium.remote.ProtocolHandshake.createSession(ProtocolHandshake.java:62)
	at org.openqa.selenium.remote.HttpCommandExecutor.execute(HttpCommandExecutor.java:171)
	at org.openqa.selenium.remote.RemoteWebDriver.execute(RemoteWebDriver.java:626)
	at org.openqa.selenium.remote.RemoteWebDriver.startSession(RemoteWebDriver.java:266)
	at org.openqa.selenium.remote.RemoteWebDriver.<init>(RemoteWebDriver.java:211)
	at org.openqa.selenium.remote.RemoteWebDriver.<init>(RemoteWebDriver.java:201)
	at com.codeborne.selenide.webdriver.RemoteDriverFactory.create(RemoteDriverFactory.java:24)
	at com.codeborne.selenide.webdriver.WebDriverFactory.createWebDriverInstance(WebDriverFactory.java:99)
	at com.codeborne.selenide.webdriver.WebDriverFactory.createWebDriver(WebDriverFactory.java:56)
	at com.codeborne.selenide.drivercommands.CreateDriverCommand.lambda$createDriver$0(CreateDriverCommand.java:66)
	at com.codeborne.selenide.logevents.SelenideLogger.wrap(SelenideLogger.java:128)
	at com.codeborne.selenide.logevents.SelenideLogger.get(SelenideLogger.java:106)
	at com.codeborne.selenide.drivercommands.CreateDriverCommand.createDriver(CreateDriverCommand.java:43)
	at com.codeborne.selenide.WebDriverThreadLocalContainer.createDriver(WebDriverThreadLocalContainer.java:189)
	at com.codeborne.selenide.WebDriverThreadLocalContainer.createDriver(WebDriverThreadLocalContainer.java:185)
	at com.codeborne.selenide.WebDriverThreadLocalContainer.createAndRegisterDriver(WebDriverThreadLocalContainer.java:172)
	at com.codeborne.selenide.WebDriverThreadLocalContainer.getAndCheckWebDriver(WebDriverThreadLocalContainer.java:133)
	at com.codeborne.selenide.WebDriverRunner.getAndCheckWebDriver(WebDriverRunner.java:102)
	at com.codeborne.selenide.StaticDriver.getAndCheckWebDriver(StaticDriver.java:44)
	at com.codeborne.selenide.SelenideDriver.getAndCheckWebDriver(SelenideDriver.java:254)
	at com.codeborne.selenide.logevents.SelenideLogger.lambda$run$0(SelenideLogger.java:99)
	at com.codeborne.selenide.logevents.SelenideLogger.wrap(SelenideLogger.java:128)
	at com.codeborne.selenide.logevents.SelenideLogger.run(SelenideLogger.java:98)
	at com.codeborne.selenide.drivercommands.Navigator.open(Navigator.java:88)
	at com.codeborne.selenide.SelenideDriver.open(SelenideDriver.java:107)
	at com.codeborne.selenide.Selenide.open(Selenide.java:117)
	at tests.TestBase.ensureBrowserSession(TestBase.java:116)
	at tests.TestBase.beforeEach(TestBase.java:133)
	at java.base/java.lang.reflect.Method.invoke(Method.java:580)
	at io.qameta.allure.jupiter.AllureJupiter.processFixture(AllureJupiter.java:191)
	at io.qameta.allure.jupiter.AllureJupiter.interceptBeforeEachMethod(AllureJupiter.java:147)
	at java.base/java.util.ArrayList.forEach(ArrayList.java:1596)
	at java.base/java.util.ArrayList.forEach(ArrayList.java:1596)
Caused by: org.openqa.selenium.json.JsonException: Unable to parse: <html>
<head><title>401 Authorization Required</title></head>
<body>
<center><h1>401 Authorization Required</h1></center>
<hr><center>nginx/1.24.0 (Ubuntu)</center>
</body>
</html>

	at org.openqa.selenium.json.Json.toType(Json.java:178)
	at org.openqa.selenium.json.Json.toType(Json.java:161)
	at org.openqa.selenium.remote.ProtocolHandshake.createSession(ProtocolHandshake.java:97)
	... 34 more
Caused by: org.openqa.selenium.json.JsonException: Unable to determine type from: <. Last 1 characters read: <, next 128 characters to read: html>
<head><title>401 Authorization Required</title></head>
<body>
<center><h1>401 Authorization Required</h1></center>
<hr
Build info: version: '4.46.0', revision: 'df5a634 df5a6341cbb5f8f06b836bd595752775627c80dc'
System info: os.name: 'Linux', os.arch: 'amd64', os.version: '6.17.0-1020-azure', java.version: '21.0.11'
Driver info: driver.version: SelenideDriver
	at org.openqa.selenium.json.JsonInput.peek(JsonInput.java:172)
	at org.openqa.selenium.json.JsonTypeCoercer.coerce(JsonTypeCoercer.java:146)
	at org.openqa.selenium.json.Json.toType(Json.java:213)
	at org.openqa.selenium.json.Json.toType(Json.java:176)
	... 36 more
",,,"Session",,"Authentication","Session",
"dev.reference.app.service.JwtServiceTest.isValidRejectsExpiredToken","isValid rejects expired token","passed","9ms",,,,,"JwtService",,"Authentication","JWT",
"dev.reference.app.service.JwtServiceTest.isValidRejectsMalformedToken","isValid rejects malformed token","passed","3ms",,,,,"JwtService",,"Authentication","JWT",
"dev.reference.app.service.JwtServiceTest.isValidRejectsTamperedToken","isValid rejects tampered token","passed","4ms",,,,,"JwtService",,"Authentication","JWT",
"tests.e2e.HomeErrorStateTests.itemsApiFailureShowsReadableError","Items API failure shows a readable error, not a blank page","broken","7s 280ms","Could not start a new session. Unable to parse remote response: <html>
<head><title>401 Authorization Required</title></head>
<body>
<center><h1>401 Authorization Required</h1></center>
<hr><center>nginx/1.24.0 (Ubuntu)</center>
</body>
</html>
 
Host info: host: 'runnervmvrwv9', ip: '10.1.0.158'","org.openqa.selenium.SessionNotCreatedException: Could not start a new session. Unable to parse remote response: <html>
<head><title>401 Authorization Required</title></head>
<body>
<center><h1>401 Authorization Required</h1></center>
<hr><center>nginx/1.24.0 (Ubuntu)</center>
</body>
</html>
 
Host info: host: 'runnervmvrwv9', ip: '10.1.0.158'
	at org.openqa.selenium.remote.ProtocolHandshake.createSession(ProtocolHandshake.java:101)
	at org.openqa.selenium.remote.ProtocolHandshake.createSession(ProtocolHandshake.java:76)
	at org.openqa.selenium.remote.ProtocolHandshake.createSession(ProtocolHandshake.java:62)
	at org.openqa.selenium.remote.HttpCommandExecutor.execute(HttpCommandExecutor.java:171)
	at org.openqa.selenium.remote.RemoteWebDriver.execute(RemoteWebDriver.java:626)
	at org.openqa.selenium.remote.RemoteWebDriver.startSession(RemoteWebDriver.java:266)
	at org.openqa.selenium.remote.RemoteWebDriver.<init>(RemoteWebDriver.java:211)
	at org.openqa.selenium.remote.RemoteWebDriver.<init>(RemoteWebDriver.java:201)
	at com.codeborne.selenide.webdriver.RemoteDriverFactory.create(RemoteDriverFactory.java:24)
	at com.codeborne.selenide.webdriver.WebDriverFactory.createWebDriverInstance(WebDriverFactory.java:99)
	at com.codeborne.selenide.webdriver.WebDriverFactory.createWebDriver(WebDriverFactory.java:56)
	at com.codeborne.selenide.drivercommands.CreateDriverCommand.lambda$createDriver$0(CreateDriverCommand.java:66)
	at com.codeborne.selenide.logevents.SelenideLogger.wrap(SelenideLogger.java:128)
	at com.codeborne.selenide.logevents.SelenideLogger.get(SelenideLogger.java:106)
	at com.codeborne.selenide.drivercommands.CreateDriverCommand.createDriver(CreateDriverCommand.java:43)
	at com.codeborne.selenide.WebDriverThreadLocalContainer.createDriver(WebDriverThreadLocalContainer.java:189)
	at com.codeborne.selenide.WebDriverThreadLocalContainer.createDriver(WebDriverThreadLocalContainer.java:185)
	at com.codeborne.selenide.WebDriverThreadLocalContainer.createAndRegisterDriver(WebDriverThreadLocalContainer.java:172)
	at com.codeborne.selenide.WebDriverThreadLocalContainer.getAndCheckWebDriver(WebDriverThreadLocalContainer.java:133)
	at com.codeborne.selenide.WebDriverRunner.getAndCheckWebDriver(WebDriverRunner.java:102)
	at com.codeborne.selenide.StaticDriver.getAndCheckWebDriver(StaticDriver.java:44)
	at com.codeborne.selenide.SelenideDriver.getAndCheckWebDriver(SelenideDriver.java:254)
	at com.codeborne.selenide.logevents.SelenideLogger.lambda$run$0(SelenideLogger.java:99)
	at com.codeborne.selenide.logevents.SelenideLogger.wrap(SelenideLogger.java:128)
	at com.codeborne.selenide.logevents.SelenideLogger.run(SelenideLogger.java:98)
	at com.codeborne.selenide.drivercommands.Navigator.open(Navigator.java:88)
	at com.codeborne.selenide.SelenideDriver.open(SelenideDriver.java:107)
	at com.codeborne.selenide.Selenide.open(Selenide.java:117)
	at tests.TestBase.ensureBrowserSession(TestBase.java:116)
	at tests.TestBase.beforeEach(TestBase.java:133)
	at java.base/java.lang.reflect.Method.invoke(Method.java:580)
	at io.qameta.allure.jupiter.AllureJupiter.processFixture(AllureJupiter.java:191)
	at io.qameta.allure.jupiter.AllureJupiter.interceptBeforeEachMethod(AllureJupiter.java:147)
	at java.base/java.util.ArrayList.forEach(ArrayList.java:1596)
	at java.base/java.util.ArrayList.forEach(ArrayList.java:1596)
Caused by: org.openqa.selenium.json.JsonException: Unable to parse: <html>
<head><title>401 Authorization Required</title></head>
<body>
<center><h1>401 Authorization Required</h1></center>
<hr><center>nginx/1.24.0 (Ubuntu)</center>
</body>
</html>

	at org.openqa.selenium.json.Json.toType(Json.java:178)
	at org.openqa.selenium.json.Json.toType(Json.java:161)
	at org.openqa.selenium.remote.ProtocolHandshake.createSession(ProtocolHandshake.java:97)
	... 34 more
Caused by: org.openqa.selenium.json.JsonException: Unable to determine type from: <. Last 1 characters read: <, next 128 characters to read: html>
<head><title>401 Authorization Required</title></head>
<body>
<center><h1>401 Authorization Required</h1></center>
<hr
Build info: version: '4.46.0', revision: 'df5a634 df5a6341cbb5f8f06b836bd595752775627c80dc'
System info: os.name: 'Linux', os.arch: 'amd64', os.version: '6.17.0-1020-azure', java.version: '21.0.11'
Driver info: driver.version: SelenideDriver
	at org.openqa.selenium.json.JsonInput.peek(JsonInput.java:172)
	at org.openqa.selenium.json.JsonTypeCoercer.coerce(JsonTypeCoercer.java:146)
	at org.openqa.selenium.json.Json.toType(Json.java:213)
	at org.openqa.selenium.json.Json.toType(Json.java:176)
	... 36 more
",,,"Home error states (mock)",,"Home","Error states",
"frontend-typescript-react:src/test/lib/appBase.test.ts#appBase — mount precedence keeps a bare product mount when there is no backend prefix","keeps a bare product mount when there is no backend prefix","passed","2ms",,,"expect(""/frontend-typescript-react"").toBe(""/frontend-typescript-react"") passed (0s)
 expect(null).toBeNull() passed (1ms)
  expect(""authToken"").toBe(""authToken"") passed (0s)
   expect(""/frontend-typescript-react/js/header.js"").toBe(""/frontend-typescript-react/js/header.js"") passed (0s)
    expect(""/api/health"").toBe(""/api/health"") passed (0s)","appBase — mount precedence","appBase — mount precedence",,"reference-app-copy","appBase — mount precedence",
"frontend-typescript-react:src/test/header-active-nav.test.ts#canonical header.js — active nav follows the route keeps aria-current on exactly one item after navigation","keeps aria-current on exactly one item after navigation","passed","41ms",,,"expect(3).toBe(3) passed (0s)
 expect(3).toBe(3) passed (0s)
  expect([""header-nav-register""]).toEqual([""header-nav-register""]) passed (0s)","canonical header.js — active nav follows the route","canonical header.js — active nav follows the route",,"reference-app-copy","canonical header.js — active nav follows the route",
"frontend-typescript-react:src/test/pages/HomePage.test.tsx#HomePage keeps the welcome panel hidden without a session token","keeps the welcome panel hidden without a session token","passed","68ms",,,"expect({""__reactFiber$4476y21i7lx"":{""tag"":5,""key"":null,""elementType"":""div"",""type"":""div"",""stateNode"":""[Circular]"",""return"":""[Object]"",""child"":""[Object]"",""sibling"":null,... <truncated>).toBeInTheDocument() passed (0s)
 expect({""__reactFiber$4476y21i7lx"":{""tag"":5,""key"":null,""elementType"":""div"",""type"":""div"",""stateNode"":""[Circular]"",""return"":""[Object]"",""child"":""[Object]"",""sibling"":null,... <truncated>).not.toBeVisible() passed (39ms)","HomePage","HomePage",,"reference-app-copy","HomePage",
"dev.reference.app.service.ItemServiceTest.listItemsMapsRows","listItems maps repository rows to DTOs ordered by id","passed","91ms",,,,,"ItemService",,"Home","ItemService",
"dev.reference.app.service.ItemServiceTest.listItemsReturnsEmptyWhenNoRows","listItems returns empty list when repository is empty","passed","1ms",,,,,"ItemService",,"Home","ItemService",
"tests.e2e.LoginFormTests.loginFormIsMounted","Login form fields and submit are visible","broken","7s 247ms","Could not start a new session. Unable to parse remote response: <html>
<head><title>401 Authorization Required</title></head>
<body>
<center><h1>401 Authorization Required</h1></center>
<hr><center>nginx/1.24.0 (Ubuntu)</center>
</body>
</html>
 
Host info: host: 'runnervmvrwv9', ip: '10.1.0.158'","org.openqa.selenium.SessionNotCreatedException: Could not start a new session. Unable to parse remote response: <html>
<head><title>401 Authorization Required</title></head>
<body>
<center><h1>401 Authorization Required</h1></center>
<hr><center>nginx/1.24.0 (Ubuntu)</center>
</body>
</html>
 
Host info: host: 'runnervmvrwv9', ip: '10.1.0.158'
	at org.openqa.selenium.remote.ProtocolHandshake.createSession(ProtocolHandshake.java:101)
	at org.openqa.selenium.remote.ProtocolHandshake.createSession(ProtocolHandshake.java:76)
	at org.openqa.selenium.remote.ProtocolHandshake.createSession(ProtocolHandshake.java:62)
	at org.openqa.selenium.remote.HttpCommandExecutor.execute(HttpCommandExecutor.java:171)
	at org.openqa.selenium.remote.RemoteWebDriver.execute(RemoteWebDriver.java:626)
	at org.openqa.selenium.remote.RemoteWebDriver.startSession(RemoteWebDriver.java:266)
	at org.openqa.selenium.remote.RemoteWebDriver.<init>(RemoteWebDriver.java:211)
	at org.openqa.selenium.remote.RemoteWebDriver.<init>(RemoteWebDriver.java:201)
	at com.codeborne.selenide.webdriver.RemoteDriverFactory.create(RemoteDriverFactory.java:24)
	at com.codeborne.selenide.webdriver.WebDriverFactory.createWebDriverInstance(WebDriverFactory.java:99)
	at com.codeborne.selenide.webdriver.WebDriverFactory.createWebDriver(WebDriverFactory.java:56)
	at com.codeborne.selenide.drivercommands.CreateDriverCommand.lambda$createDriver$0(CreateDriverCommand.java:66)
	at com.codeborne.selenide.logevents.SelenideLogger.wrap(SelenideLogger.java:128)
	at com.codeborne.selenide.logevents.SelenideLogger.get(SelenideLogger.java:106)
	at com.codeborne.selenide.drivercommands.CreateDriverCommand.createDriver(CreateDriverCommand.java:43)
	at com.codeborne.selenide.WebDriverThreadLocalContainer.createDriver(WebDriverThreadLocalContainer.java:189)
	at com.codeborne.selenide.WebDriverThreadLocalContainer.createDriver(WebDriverThreadLocalContainer.java:185)
	at com.codeborne.selenide.WebDriverThreadLocalContainer.createAndRegisterDriver(WebDriverThreadLocalContainer.java:172)
	at com.codeborne.selenide.WebDriverThreadLocalContainer.getAndCheckWebDriver(WebDriverThreadLocalContainer.java:133)
	at com.codeborne.selenide.WebDriverRunner.getAndCheckWebDriver(WebDriverRunner.java:102)
	at com.codeborne.selenide.StaticDriver.getAndCheckWebDriver(StaticDriver.java:44)
	at com.codeborne.selenide.SelenideDriver.getAndCheckWebDriver(SelenideDriver.java:254)
	at com.codeborne.selenide.logevents.SelenideLogger.lambda$run$0(SelenideLogger.java:99)
	at com.codeborne.selenide.logevents.SelenideLogger.wrap(SelenideLogger.java:128)
	at com.codeborne.selenide.logevents.SelenideLogger.run(SelenideLogger.java:98)
	at com.codeborne.selenide.drivercommands.Navigator.open(Navigator.java:88)
	at com.codeborne.selenide.SelenideDriver.open(SelenideDriver.java:107)
	at com.codeborne.selenide.Selenide.open(Selenide.java:117)
	at tests.TestBase.ensureBrowserSession(TestBase.java:116)
	at tests.TestBase.beforeEach(TestBase.java:133)
	at java.base/java.lang.reflect.Method.invoke(Method.java:580)
	at io.qameta.allure.jupiter.AllureJupiter.processFixture(AllureJupiter.java:191)
	at io.qameta.allure.jupiter.AllureJupiter.interceptBeforeEachMethod(AllureJupiter.java:147)
	at java.base/java.util.ArrayList.forEach(ArrayList.java:1596)
	at java.base/java.util.ArrayList.forEach(ArrayList.java:1596)
Caused by: org.openqa.selenium.json.JsonException: Unable to parse: <html>
<head><title>401 Authorization Required</title></head>
<body>
<center><h1>401 Authorization Required</h1></center>
<hr><center>nginx/1.24.0 (Ubuntu)</center>
</body>
</html>

	at org.openqa.selenium.json.Json.toType(Json.java:178)
	at org.openqa.selenium.json.Json.toType(Json.java:161)
	at org.openqa.selenium.remote.ProtocolHandshake.createSession(ProtocolHandshake.java:97)
	... 34 more
Caused by: org.openqa.selenium.json.JsonException: Unable to determine type from: <. Last 1 characters read: <, next 128 characters to read: html>
<head><title>401 Authorization Required</title></head>
<body>
<center><h1>401 Authorization Required</h1></center>
<hr
Build info: version: '4.46.0', revision: 'df5a634 df5a6341cbb5f8f06b836bd595752775627c80dc'
System info: os.name: 'Linux', os.arch: 'amd64', os.version: '6.17.0-1020-azure', java.version: '21.0.11'
Driver info: driver.version: SelenideDriver
	at org.openqa.selenium.json.JsonInput.peek(JsonInput.java:172)
	at org.openqa.selenium.json.JsonTypeCoercer.coerce(JsonTypeCoercer.java:146)
	at org.openqa.selenium.json.Json.toType(Json.java:213)
	at org.openqa.selenium.json.Json.toType(Json.java:176)
	... 36 more
",,,"Login form mount",,"Authentication","Login form",
"frontend-typescript-react:src/test/lib/auth.test.ts#network failures login maps a failed fetch to the network error copy","login maps a failed fetch to the network error copy","passed","3ms",,,"expect({""name"":""Error"",""message"":""""}).toMatchObject({""network"":true}) passed (1ms)
 expect(""Network error. Check your connection and try again."").toBe(""Network error. Check your connection and try again."") passed (0s)","network failures","network failures",,"reference-app-copy","network failures",
"dev.reference.app.service.AuthServiceTest.loginUnknownUser","login rejects unknown username","passed","2ms",,,,,"AuthService",,"Authentication","AuthService",
"dev.reference.app.service.AuthServiceTest.loginWrongPassword","login rejects wrong password","passed","3ms",,,,,"AuthService",,"Authentication","AuthService",
"dev.reference.app.service.AuthServiceTest.loginWithValidCredentials","login returns token for valid credentials","passed","3ms",,,,,"AuthService",,"Authentication","AuthService",
"frontend-typescript-react:src/test/lib/auth.test.ts#network failures logout clears the stored token even when the API call fails","logout clears the stored token even when the API call fails","passed","1ms",,,"expect(null).toBeNull() passed (0s)
 expect(null).toBeNull() passed (0s)","network failures","network failures",,"reference-app-copy","network failures",
"frontend-typescript-react:src/test/pages/HomePage.test.tsx#HomePage logs out and navigates to login","logs out and navigates to login","passed","39ms",,,"expect({""__reactFiber$4476y21i7lx"":{""tag"":5,""key"":null,""elementType"":""div"",""type"":""div"",""stateNode"":""[Circular]"",""return"":""[Object]"",""child"":null,""sibling"":null,""index... <truncated>).toBeInTheDocument() passed (0s)
 expect(null).toBeNull() passed (0s)","HomePage","HomePage",,"reference-app-copy","HomePage",
"dev.reference.app.repository.FlywayMigrationTest.migrationsSeedItems","migrations apply and seed the items catalogue (V1)","passed","205ms",,,,,"Flyway schema on real PostgreSQL,slice",,"Persistence","Flyway schema",
"frontend-typescript-react:src/test/lib/appBase.test.ts#appBase — mount precedence mounts at the document root when the path carries no mount at all","mounts at the document root when the path carries no mount at all","passed","2ms",,,"expect("""").toBe("""") passed (0s)
 expect(null).toBeNull() passed (0s)
  expect(""authToken"").toBe(""authToken"") passed (0s)
   expect(""/"").toBe(""/"") passed (0s)
    expect(""/js/header.js"").toBe(""/js/header.js"") passed (0s)
     expect(""/api/health"").toBe(""/api/health"") passed (0s)","appBase — mount precedence","appBase — mount precedence",,"reference-app-copy","appBase — mount precedence",
"frontend-typescript-react:src/test/App.test.tsx#App mounts the header slot and routes / to the home page","mounts the header slot and routes / to the home page","passed","84ms",,,"expect({""__reactFiber$qexloemjq7"":{""tag"":5,""key"":null,""elementType"":""div"",""type"":""div"",""stateNode"":""[Circular]"",""return"":""[Object]"",""child"":null,""sibling"":null,""index""... <truncated>).toBeInTheDocument() passed (0s)
 expect({""__reactFiber$qexloemjq7"":{""tag"":5,""key"":null,""elementType"":""main"",""type"":""main"",""stateNode"":""[Circular]"",""return"":""[Object]"",""child"":""[Object]"",""sibling"":null... <truncated>).toBeInTheDocument() passed (0s)
  expect({""__reactFiber$qexloemjq7"":{""tag"":5,""key"":null,""elementType"":""div"",""type"":""div"",""stateNode"":""[Circular]"",""return"":""[Object]"",""child"":""[Object]"",""sibling"":null,""... <truncated>).toHaveTextContent(""No items found."") failed (10ms)
   expect({""__reactFiber$qexloemjq7"":{""tag"":5,""key"":null,""elementType"":""div"",""type"":""div"",""stateNode"":""[Circular]"",""return"":""[Object]"",""child"":""[Object]"",""sibling"":null,""... <truncated>).toHaveTextContent(""No items found."") passed (0s)","App","App",,"reference-app-copy","App",
"frontend-typescript-react:src/test/pages/LoginPage.test.tsx#LoginPage mounts the login form with canonical title and controls","mounts the login form with canonical title and controls","passed","50ms",,,"expect({""__reactFiber$1bipamvlk2f"":{""tag"":5,""key"":null,""elementType"":""div"",""type"":""div"",""stateNode"":""[Circular]"",""return"":""[Object]"",""child"":""[Object]"",""sibling"":null,... <truncated>).toBeInTheDocument() passed (1ms)
 expect({""__reactFiber$1bipamvlk2f"":{""tag"":5,""key"":null,""elementType"":""span"",""type"":""span"",""stateNode"":""[Circular]"",""return"":""[Object]"",""child"":null,""sibling"":null,""ind... <truncated>).toHaveTextContent(""Login Form"") passed (1ms)
  expect({""__reactFiber$1bipamvlk2f"":{""tag"":5,""key"":null,""elementType"":""input"",""type"":""input"",""stateNode"":""[Circular]"",""return"":""[Object]"",""child"":null,""sibling"":null,""i... <truncated>).toBeInTheDocument() passed (0s)
   expect({""__reactFiber$1bipamvlk2f"":{""tag"":5,""key"":null,""elementType"":""input"",""type"":""input"",""stateNode"":""[Circular]"",""return"":""[Object]"",""child"":null,""sibling"":null,""i... <truncated>).toHaveAttribute(""name"", ""username"") passed (1ms)
    expect({""__reactFiber$1bipamvlk2f"":{""tag"":5,""key"":null,""elementType"":""input"",""type"":""input"",""stateNode"":""[Circular]"",""return"":""[Object]"",""child"":null,""sibling"":null,""i... <truncated>).toBeInTheDocument() passed (0s)
     expect({""__reactFiber$1bipamvlk2f"":{""tag"":5,""key"":null,""elementType"":""input"",""type"":""input"",""stateNode"":""[Circular]"",""return"":""[Object]"",""child"":null,""sibling"":null,""i... <truncated>).toHaveAttribute(""name"", ""password"") passed (1ms)
      expect({""__reactFiber$1bipamvlk2f"":{""tag"":5,""key"":null,""elementType"":""button"",""type"":""button"",""stateNode"":""[Circular]"",""return"":""[Object]"",""child"":null,""sibling"":null,... <truncated>).toHaveTextContent(""Login"") passed (0s)
       expect({""__reactFiber$1bipamvlk2f"":{""tag"":5,""key"":null,""elementType"":""a"",""type"":""a"",""stateNode"":""[Circular]"",""return"":""[Object]"",""child"":null,""sibling"":null,""index"":0,... <truncated>).toBeInTheDocument() passed (0s)","LoginPage","LoginPage",,"reference-app-copy","LoginPage",
"frontend-typescript-react:src/test/pages/RegisterPage.test.tsx#RegisterPage mounts the register form with canonical title and controls","mounts the register form with canonical title and controls","passed","53ms",,,"expect({""__reactFiber$ppxuzzhz5v"":{""tag"":5,""key"":null,""elementType"":""div"",""type"":""div"",""stateNode"":""[Circular]"",""return"":""[Object]"",""child"":""[Object]"",""sibling"":null,""... <truncated>).toBeInTheDocument() passed (1ms)
 expect({""__reactFiber$ppxuzzhz5v"":{""tag"":5,""key"":null,""elementType"":""span"",""type"":""span"",""stateNode"":""[Circular]"",""return"":""[Object]"",""child"":null,""sibling"":null,""inde... <truncated>).toHaveTextContent(""Register"") passed (0s)
  expect({""__reactFiber$ppxuzzhz5v"":{""tag"":5,""key"":null,""elementType"":""input"",""type"":""input"",""stateNode"":""[Circular]"",""return"":""[Object]"",""child"":null,""sibling"":null,""in... <truncated>).toBeInTheDocument() passed (0s)
   expect({""__reactFiber$ppxuzzhz5v"":{""tag"":5,""key"":null,""elementType"":""input"",""type"":""input"",""stateNode"":""[Circular]"",""return"":""[Object]"",""child"":null,""sibling"":null,""in... <truncated>).toBeInTheDocument() passed (0s)
    expect({""__reactFiber$ppxuzzhz5v"":{""tag"":5,""key"":null,""elementType"":""input"",""type"":""input"",""stateNode"":""[Circular]"",""return"":""[Object]"",""child"":null,""sibling"":null,""in... <truncated>).toBeInTheDocument() passed (0s)
     expect({""__reactFiber$ppxuzzhz5v"":{""tag"":5,""key"":null,""elementType"":""button"",""type"":""button"",""stateNode"":""[Circular]"",""return"":""[Object]"",""child"":null,""sibling"":null,""... <truncated>).toHaveTextContent(""Register"") passed (0s)
      expect({""__reactFiber$ppxuzzhz5v"":{""tag"":5,""key"":null,""elementType"":""a"",""type"":""a"",""stateNode"":""[Circular]"",""return"":""[Object]"",""child"":null,""sibling"":null,""index"":0,""... <truncated>).toBeInTheDocument() passed (1ms)","RegisterPage","RegisterPage",,"reference-app-copy","RegisterPage",
"tests.e2e.RegisterTests.shouldRegisterNewUser","New user can register and land on home","broken","7s 261ms","Could not start a new session. Unable to parse remote response: <html>
<head><title>401 Authorization Required</title></head>
<body>
<center><h1>401 Authorization Required</h1></center>
<hr><center>nginx/1.24.0 (Ubuntu)</center>
</body>
</html>
 
Host info: host: 'runnervmvrwv9', ip: '10.1.0.158'","org.openqa.selenium.SessionNotCreatedException: Could not start a new session. Unable to parse remote response: <html>
<head><title>401 Authorization Required</title></head>
<body>
<center><h1>401 Authorization Required</h1></center>
<hr><center>nginx/1.24.0 (Ubuntu)</center>
</body>
</html>
 
Host info: host: 'runnervmvrwv9', ip: '10.1.0.158'
	at org.openqa.selenium.remote.ProtocolHandshake.createSession(ProtocolHandshake.java:101)
	at org.openqa.selenium.remote.ProtocolHandshake.createSession(ProtocolHandshake.java:76)
	at org.openqa.selenium.remote.ProtocolHandshake.createSession(ProtocolHandshake.java:62)
	at org.openqa.selenium.remote.HttpCommandExecutor.execute(HttpCommandExecutor.java:171)
	at org.openqa.selenium.remote.RemoteWebDriver.execute(RemoteWebDriver.java:626)
	at org.openqa.selenium.remote.RemoteWebDriver.startSession(RemoteWebDriver.java:266)
	at org.openqa.selenium.remote.RemoteWebDriver.<init>(RemoteWebDriver.java:211)
	at org.openqa.selenium.remote.RemoteWebDriver.<init>(RemoteWebDriver.java:201)
	at com.codeborne.selenide.webdriver.RemoteDriverFactory.create(RemoteDriverFactory.java:24)
	at com.codeborne.selenide.webdriver.WebDriverFactory.createWebDriverInstance(WebDriverFactory.java:99)
	at com.codeborne.selenide.webdriver.WebDriverFactory.createWebDriver(WebDriverFactory.java:56)
	at com.codeborne.selenide.drivercommands.CreateDriverCommand.lambda$createDriver$0(CreateDriverCommand.java:66)
	at com.codeborne.selenide.logevents.SelenideLogger.wrap(SelenideLogger.java:128)
	at com.codeborne.selenide.logevents.SelenideLogger.get(SelenideLogger.java:106)
	at com.codeborne.selenide.drivercommands.CreateDriverCommand.createDriver(CreateDriverCommand.java:43)
	at com.codeborne.selenide.WebDriverThreadLocalContainer.createDriver(WebDriverThreadLocalContainer.java:189)
	at com.codeborne.selenide.WebDriverThreadLocalContainer.createDriver(WebDriverThreadLocalContainer.java:185)
	at com.codeborne.selenide.WebDriverThreadLocalContainer.createAndRegisterDriver(WebDriverThreadLocalContainer.java:172)
	at com.codeborne.selenide.WebDriverThreadLocalContainer.getAndCheckWebDriver(WebDriverThreadLocalContainer.java:133)
	at com.codeborne.selenide.WebDriverRunner.getAndCheckWebDriver(WebDriverRunner.java:102)
	at com.codeborne.selenide.StaticDriver.getAndCheckWebDriver(StaticDriver.java:44)
	at com.codeborne.selenide.SelenideDriver.getAndCheckWebDriver(SelenideDriver.java:254)
	at com.codeborne.selenide.logevents.SelenideLogger.lambda$run$0(SelenideLogger.java:99)
	at com.codeborne.selenide.logevents.SelenideLogger.wrap(SelenideLogger.java:128)
	at com.codeborne.selenide.logevents.SelenideLogger.run(SelenideLogger.java:98)
	at com.codeborne.selenide.drivercommands.Navigator.open(Navigator.java:88)
	at com.codeborne.selenide.SelenideDriver.open(SelenideDriver.java:107)
	at com.codeborne.selenide.Selenide.open(Selenide.java:117)
	at tests.TestBase.ensureBrowserSession(TestBase.java:116)
	at tests.TestBase.beforeEach(TestBase.java:133)
	at java.base/java.lang.reflect.Method.invoke(Method.java:580)
	at io.qameta.allure.jupiter.AllureJupiter.processFixture(AllureJupiter.java:191)
	at io.qameta.allure.jupiter.AllureJupiter.interceptBeforeEachMethod(AllureJupiter.java:147)
	at java.base/java.util.ArrayList.forEach(ArrayList.java:1596)
	at java.base/java.util.ArrayList.forEach(ArrayList.java:1596)
Caused by: org.openqa.selenium.json.JsonException: Unable to parse: <html>
<head><title>401 Authorization Required</title></head>
<body>
<center><h1>401 Authorization Required</h1></center>
<hr><center>nginx/1.24.0 (Ubuntu)</center>
</body>
</html>

	at org.openqa.selenium.json.Json.toType(Json.java:178)
	at org.openqa.selenium.json.Json.toType(Json.java:161)
	at org.openqa.selenium.remote.ProtocolHandshake.createSession(ProtocolHandshake.java:97)
	... 34 more
Caused by: org.openqa.selenium.json.JsonException: Unable to determine type from: <. Last 1 characters read: <, next 128 characters to read: html>
<head><title>401 Authorization Required</title></head>
<body>
<center><h1>401 Authorization Required</h1></center>
<hr
Build info: version: '4.46.0', revision: 'df5a634 df5a6341cbb5f8f06b836bd595752775627c80dc'
System info: os.name: 'Linux', os.arch: 'amd64', os.version: '6.17.0-1020-azure', java.version: '21.0.11'
Driver info: driver.version: SelenideDriver
	at org.openqa.selenium.json.JsonInput.peek(JsonInput.java:172)
	at org.openqa.selenium.json.JsonTypeCoercer.coerce(JsonTypeCoercer.java:146)
	at org.openqa.selenium.json.Json.toType(Json.java:213)
	at org.openqa.selenium.json.Json.toType(Json.java:176)
	... 36 more
",,,"Register",,"Authentication","Register",
"dev.reference.app.config.SecurityChainTest.nonApiDenied","non-API paths are denied","passed","8ms",,,,,"Security chain with real JWT filter,slice",,"Security","Security chain",
"tests.e2e.HomeTests.pageLoadFetchesItems","Page load fetches health and items from API","broken","7s 270ms","Could not start a new session. Unable to parse remote response: <html>
<head><title>401 Authorization Required</title></head>
<body>
<center><h1>401 Authorization Required</h1></center>
<hr><center>nginx/1.24.0 (Ubuntu)</center>
</body>
</html>
 
Host info: host: 'runnervmvrwv9', ip: '10.1.0.158'","org.openqa.selenium.SessionNotCreatedException: Could not start a new session. Unable to parse remote response: <html>
<head><title>401 Authorization Required</title></head>
<body>
<center><h1>401 Authorization Required</h1></center>
<hr><center>nginx/1.24.0 (Ubuntu)</center>
</body>
</html>
 
Host info: host: 'runnervmvrwv9', ip: '10.1.0.158'
	at org.openqa.selenium.remote.ProtocolHandshake.createSession(ProtocolHandshake.java:101)
	at org.openqa.selenium.remote.ProtocolHandshake.createSession(ProtocolHandshake.java:76)
	at org.openqa.selenium.remote.ProtocolHandshake.createSession(ProtocolHandshake.java:62)
	at org.openqa.selenium.remote.HttpCommandExecutor.execute(HttpCommandExecutor.java:171)
	at org.openqa.selenium.remote.RemoteWebDriver.execute(RemoteWebDriver.java:626)
	at org.openqa.selenium.remote.RemoteWebDriver.startSession(RemoteWebDriver.java:266)
	at org.openqa.selenium.remote.RemoteWebDriver.<init>(RemoteWebDriver.java:211)
	at org.openqa.selenium.remote.RemoteWebDriver.<init>(RemoteWebDriver.java:201)
	at com.codeborne.selenide.webdriver.RemoteDriverFactory.create(RemoteDriverFactory.java:24)
	at com.codeborne.selenide.webdriver.WebDriverFactory.createWebDriverInstance(WebDriverFactory.java:99)
	at com.codeborne.selenide.webdriver.WebDriverFactory.createWebDriver(WebDriverFactory.java:56)
	at com.codeborne.selenide.drivercommands.CreateDriverCommand.lambda$createDriver$0(CreateDriverCommand.java:66)
	at com.codeborne.selenide.logevents.SelenideLogger.wrap(SelenideLogger.java:128)
	at com.codeborne.selenide.logevents.SelenideLogger.get(SelenideLogger.java:106)
	at com.codeborne.selenide.drivercommands.CreateDriverCommand.createDriver(CreateDriverCommand.java:43)
	at com.codeborne.selenide.WebDriverThreadLocalContainer.createDriver(WebDriverThreadLocalContainer.java:189)
	at com.codeborne.selenide.WebDriverThreadLocalContainer.createDriver(WebDriverThreadLocalContainer.java:185)
	at com.codeborne.selenide.WebDriverThreadLocalContainer.createAndRegisterDriver(WebDriverThreadLocalContainer.java:172)
	at com.codeborne.selenide.WebDriverThreadLocalContainer.getAndCheckWebDriver(WebDriverThreadLocalContainer.java:133)
	at com.codeborne.selenide.WebDriverRunner.getAndCheckWebDriver(WebDriverRunner.java:102)
	at com.codeborne.selenide.StaticDriver.getAndCheckWebDriver(StaticDriver.java:44)
	at com.codeborne.selenide.SelenideDriver.getAndCheckWebDriver(SelenideDriver.java:254)
	at com.codeborne.selenide.logevents.SelenideLogger.lambda$run$0(SelenideLogger.java:99)
	at com.codeborne.selenide.logevents.SelenideLogger.wrap(SelenideLogger.java:128)
	at com.codeborne.selenide.logevents.SelenideLogger.run(SelenideLogger.java:98)
	at com.codeborne.selenide.drivercommands.Navigator.open(Navigator.java:88)
	at com.codeborne.selenide.SelenideDriver.open(SelenideDriver.java:107)
	at com.codeborne.selenide.Selenide.open(Selenide.java:117)
	at tests.TestBase.ensureBrowserSession(TestBase.java:116)
	at tests.TestBase.beforeEach(TestBase.java:133)
	at java.base/java.lang.reflect.Method.invoke(Method.java:580)
	at io.qameta.allure.jupiter.AllureJupiter.processFixture(AllureJupiter.java:191)
	at io.qameta.allure.jupiter.AllureJupiter.interceptBeforeEachMethod(AllureJupiter.java:147)
	at java.base/java.util.ArrayList.forEach(ArrayList.java:1596)
	at java.base/java.util.ArrayList.forEach(ArrayList.java:1596)
Caused by: org.openqa.selenium.json.JsonException: Unable to parse: <html>
<head><title>401 Authorization Required</title></head>
<body>
<center><h1>401 Authorization Required</h1></center>
<hr><center>nginx/1.24.0 (Ubuntu)</center>
</body>
</html>

	at org.openqa.selenium.json.Json.toType(Json.java:178)
	at org.openqa.selenium.json.Json.toType(Json.java:161)
	at org.openqa.selenium.remote.ProtocolHandshake.createSession(ProtocolHandshake.java:97)
	... 34 more
Caused by: org.openqa.selenium.json.JsonException: Unable to determine type from: <. Last 1 characters read: <, next 128 characters to read: html>
<head><title>401 Authorization Required</title></head>
<body>
<center><h1>401 Authorization Required</h1></center>
<hr
Build info: version: '4.46.0', revision: 'df5a634 df5a6341cbb5f8f06b836bd595752775627c80dc'
System info: os.name: 'Linux', os.arch: 'amd64', os.version: '6.17.0-1020-azure', java.version: '21.0.11'
Driver info: driver.version: SelenideDriver
	at org.openqa.selenium.json.JsonInput.peek(JsonInput.java:172)
	at org.openqa.selenium.json.JsonTypeCoercer.coerce(JsonTypeCoercer.java:146)
	at org.openqa.selenium.json.Json.toType(Json.java:213)
	at org.openqa.selenium.json.Json.toType(Json.java:176)
	... 36 more
",,,"Home",,"Home","Home load",
"tests.testinfra.TokensCssTest.parseRootTokensRejectsMissingRootBlock","parseRootTokens rejects css without :root block","passed","14ms",,,,,"TokensCss",,"Test harness","Tokens CSS",
"frontend-typescript-react:src/test/lib/auth.test.ts#validateCredentials passes for valid credentials","passes for valid credentials","passed","0s",,,"expect(null).toBeNull() passed (0s)","validateCredentials","validateCredentials",,"reference-app-copy","validateCredentials",
"dev.reference.app.config.JwtAuthFilterTest.passesThroughWithoutAuthorizationHeader","passes through when Authorization header is missing","passed","5ms",,,,,"JwtAuthFilter",,"Authentication","JWT filter",
"tests.e2e.RegisterTests.shouldShowErrorWhenPasswordsDoNotMatch","Password mismatch shows validation error","broken","7s 294ms","Could not start a new session. Unable to parse remote response: <html>
<head><title>401 Authorization Required</title></head>
<body>
<center><h1>401 Authorization Required</h1></center>
<hr><center>nginx/1.24.0 (Ubuntu)</center>
</body>
</html>
 
Host info: host: 'runnervmvrwv9', ip: '10.1.0.158'","org.openqa.selenium.SessionNotCreatedException: Could not start a new session. Unable to parse remote response: <html>
<head><title>401 Authorization Required</title></head>
<body>
<center><h1>401 Authorization Required</h1></center>
<hr><center>nginx/1.24.0 (Ubuntu)</center>
</body>
</html>
 
Host info: host: 'runnervmvrwv9', ip: '10.1.0.158'
	at org.openqa.selenium.remote.ProtocolHandshake.createSession(ProtocolHandshake.java:101)
	at org.openqa.selenium.remote.ProtocolHandshake.createSession(ProtocolHandshake.java:76)
	at org.openqa.selenium.remote.ProtocolHandshake.createSession(ProtocolHandshake.java:62)
	at org.openqa.selenium.remote.HttpCommandExecutor.execute(HttpCommandExecutor.java:171)
	at org.openqa.selenium.remote.RemoteWebDriver.execute(RemoteWebDriver.java:626)
	at org.openqa.selenium.remote.RemoteWebDriver.startSession(RemoteWebDriver.java:266)
	at org.openqa.selenium.remote.RemoteWebDriver.<init>(RemoteWebDriver.java:211)
	at org.openqa.selenium.remote.RemoteWebDriver.<init>(RemoteWebDriver.java:201)
	at com.codeborne.selenide.webdriver.RemoteDriverFactory.create(RemoteDriverFactory.java:24)
	at com.codeborne.selenide.webdriver.WebDriverFactory.createWebDriverInstance(WebDriverFactory.java:99)
	at com.codeborne.selenide.webdriver.WebDriverFactory.createWebDriver(WebDriverFactory.java:56)
	at com.codeborne.selenide.drivercommands.CreateDriverCommand.lambda$createDriver$0(CreateDriverCommand.java:66)
	at com.codeborne.selenide.logevents.SelenideLogger.wrap(SelenideLogger.java:128)
	at com.codeborne.selenide.logevents.SelenideLogger.get(SelenideLogger.java:106)
	at com.codeborne.selenide.drivercommands.CreateDriverCommand.createDriver(CreateDriverCommand.java:43)
	at com.codeborne.selenide.WebDriverThreadLocalContainer.createDriver(WebDriverThreadLocalContainer.java:189)
	at com.codeborne.selenide.WebDriverThreadLocalContainer.createDriver(WebDriverThreadLocalContainer.java:185)
	at com.codeborne.selenide.WebDriverThreadLocalContainer.createAndRegisterDriver(WebDriverThreadLocalContainer.java:172)
	at com.codeborne.selenide.WebDriverThreadLocalContainer.getAndCheckWebDriver(WebDriverThreadLocalContainer.java:133)
	at com.codeborne.selenide.WebDriverRunner.getAndCheckWebDriver(WebDriverRunner.java:102)
	at com.codeborne.selenide.StaticDriver.getAndCheckWebDriver(StaticDriver.java:44)
	at com.codeborne.selenide.SelenideDriver.getAndCheckWebDriver(SelenideDriver.java:254)
	at com.codeborne.selenide.logevents.SelenideLogger.lambda$run$0(SelenideLogger.java:99)
	at com.codeborne.selenide.logevents.SelenideLogger.wrap(SelenideLogger.java:128)
	at com.codeborne.selenide.logevents.SelenideLogger.run(SelenideLogger.java:98)
	at com.codeborne.selenide.drivercommands.Navigator.open(Navigator.java:88)
	at com.codeborne.selenide.SelenideDriver.open(SelenideDriver.java:107)
	at com.codeborne.selenide.Selenide.open(Selenide.java:117)
	at tests.TestBase.ensureBrowserSession(TestBase.java:116)
	at tests.TestBase.beforeEach(TestBase.java:133)
	at java.base/java.lang.reflect.Method.invoke(Method.java:580)
	at io.qameta.allure.jupiter.AllureJupiter.processFixture(AllureJupiter.java:191)
	at io.qameta.allure.jupiter.AllureJupiter.interceptBeforeEachMethod(AllureJupiter.java:147)
	at java.base/java.util.ArrayList.forEach(ArrayList.java:1596)
	at java.base/java.util.ArrayList.forEach(ArrayList.java:1596)
Caused by: org.openqa.selenium.json.JsonException: Unable to parse: <html>
<head><title>401 Authorization Required</title></head>
<body>
<center><h1>401 Authorization Required</h1></center>
<hr><center>nginx/1.24.0 (Ubuntu)</center>
</body>
</html>

	at org.openqa.selenium.json.Json.toType(Json.java:178)
	at org.openqa.selenium.json.Json.toType(Json.java:161)
	at org.openqa.selenium.remote.ProtocolHandshake.createSession(ProtocolHandshake.java:97)
	... 34 more
Caused by: org.openqa.selenium.json.JsonException: Unable to determine type from: <. Last 1 characters read: <, next 128 characters to read: html>
<head><title>401 Authorization Required</title></head>
<body>
<center><h1>401 Authorization Required</h1></center>
<hr
Build info: version: '4.46.0', revision: 'df5a634 df5a6341cbb5f8f06b836bd595752775627c80dc'
System info: os.name: 'Linux', os.arch: 'amd64', os.version: '6.17.0-1020-azure', java.version: '21.0.11'
Driver info: driver.version: SelenideDriver
	at org.openqa.selenium.json.JsonInput.peek(JsonInput.java:172)
	at org.openqa.selenium.json.JsonTypeCoercer.coerce(JsonTypeCoercer.java:146)
	at org.openqa.selenium.json.Json.toType(Json.java:213)
	at org.openqa.selenium.json.Json.toType(Json.java:176)
	... 36 more
",,,"Register",,"Authentication","Register",
"tests.testinfra.LocalChromePinTest.pinnedVersionIsFullBuildNumber","pinnedVersion is a full Chrome for Testing build number","passed","2ms",,,,,"LocalChromePin",,"Test harness","LocalChromePin",
"tests.api.AuthApiTests.loginWithUnknownUsername","POST /api/auth/login answers an unknown user with the same 401 (no enumeration)","passed","577ms",,,,,"Auth API",,"Authentication","Authentication",
"tests.api.AuthApiTests.loginRejectsEmptyCredentials","POST /api/auth/login joins both field errors into one 400 message","passed","566ms",,,,,"Auth API",,"Authentication","Authentication",
"dev.reference.app.controller.AuthControllerTest.loginInvalidCredentials","POST /api/auth/login maps invalid credentials to 401","passed","7ms",,,,,"AuthController,slice",,"Authentication","AuthController",
"tests.api.AuthApiTests.loginWithInvalidPassword","POST /api/auth/login rejects a wrong password with 401","passed","626ms",,,,,"Auth API",,"Authentication","Authentication",
"dev.reference.app.controller.AuthControllerTest.loginRejectsBlankCredentials","POST /api/auth/login rejects blank credentials with 400 joining both field errors","passed","22ms",,,,,"AuthController,slice",,"Authentication","AuthController",
"dev.reference.app.controller.AuthControllerTest.loginReturnsOk","POST /api/auth/login returns 200","passed","8ms",,,,,"AuthController,slice",,"Authentication","AuthController",
"tests.api.AuthApiTests.loginWithValidCredentials","POST /api/auth/login returns the auth contract for a seeded user","passed","623ms",,,,,"Auth API",,"Authentication","Authentication",
"tests.api.AuthApiTests.logoutReturnsNoContent","POST /api/auth/logout returns 204","passed","560ms",,,,,"Auth API",,"Authentication","Authentication",
"dev.reference.app.controller.AuthControllerTest.logoutReturnsNoContent","POST /api/auth/logout returns 204","passed","20ms",,,,,"AuthController,slice",,"Authentication","AuthController",
"tests.api.AuthApiTests.registerRejectsMalformedJson","POST /api/auth/register answers a malformed JSON body with 400, not 401","passed","564ms",,,,,"Auth API",,"Authentication","Authentication",
"tests.api.AuthApiTests.registerNewUser","POST /api/auth/register creates a user, returns the auth contract, and cleans up","passed","1s 169ms",,,"API: delete current account passed (541ms)",,"Auth API",,"Authentication","Authentication",
"dev.reference.app.controller.AuthControllerTest.registerDuplicateUsername","POST /api/auth/register maps duplicate username to 409","passed","12ms",,,,,"AuthController,slice",,"Authentication","AuthController",
"tests.api.AuthApiTests.registerDuplicateUsername","POST /api/auth/register rejects a duplicate username with 409","passed","547ms",,,,,"Auth API",,"Authentication","Authentication",
"tests.api.AuthApiTests.registerRejectsShortPassword","POST /api/auth/register rejects a short password with 400 and a field message","passed","3s 706ms",,,,,"Auth API",,"Authentication","Authentication",
"dev.reference.app.controller.AuthControllerTest.registerRejectsUnreadableBody","POST /api/auth/register rejects an unreadable body with 400","passed","8ms",,,,,"AuthController,slice",,"Authentication","AuthController",
"dev.reference.app.controller.AuthControllerTest.registerRejectsShortPassword","POST /api/auth/register rejects short password with 400 and a field message","passed","203ms",,,,,"AuthController,slice",,"Authentication","AuthController",
"dev.reference.app.controller.AuthControllerTest.registerReturnsCreated","POST /api/auth/register returns 201","passed","16ms",,,,,"AuthController,slice",,"Authentication","AuthController",
"tests.testinfra.ConfigReaderTest.privateConstructorIsReachable","private constructor keeps utility class closed","passed","2ms",,,,,"ConfigReader",,"Test harness","ConfigReader",
"dev.reference.app.service.AuthServiceTest.profileUnknownUser","profile rejects unknown username","passed","3ms",,,,,"AuthService",,"Authentication","AuthService",
"dev.reference.app.service.AuthServiceTest.profileForExistingUser","profile returns username for existing user","passed","2ms",,,,,"AuthService",,"Authentication","AuthService",
"frontend-typescript-react:src/test/header-active-nav.test.ts#canonical header.js — active nav follows the route re-syncs on popstate (browser back/forward)","re-syncs on popstate (browser back/forward)","passed","61ms",,,"expect(3).toBe(3) passed (0s)
 expect(3).toBe(3) passed (0s)
  expect([""header-nav-register""]).toEqual([""header-nav-register""]) passed (0s)
   expect([""header-nav-register""]).toEqual([""header-nav-register""]) passed (0s)","canonical header.js — active nav follows the route","canonical header.js — active nav follows the route",,"reference-app-copy","canonical header.js — active nav follows the route",
"frontend-typescript-react:src/test/header-active-nav.test.ts#canonical header.js — active nav follows the route re-syncs on SPA pushState (in-form Register → Login link)","re-syncs on SPA pushState (in-form Register → Login link)","passed","45ms",,,"expect(3).toBe(3) passed (1ms)
 expect(3).toBe(3) passed (0s)
  expect([""header-nav-register""]).toEqual([""header-nav-register""]) passed (0s)
   expect([""header-nav-login""]).toEqual([""header-nav-login""]) passed (0s)
    expect([""header-nav-login""]).toEqual([""header-nav-login""]) passed (1ms)","canonical header.js — active nav follows the route","canonical header.js — active nav follows the route",,"reference-app-copy","canonical header.js — active nav follows the route",
"frontend-typescript-react:src/test/pages/LoginPage.test.tsx#LoginPage redirects home when a session token is already present","redirects home when a session token is already present","passed","13ms",,,"expect({""__reactFiber$1bipamvlk2f"":{""tag"":5,""key"":null,""elementType"":""div"",""type"":""div"",""stateNode"":""[Circular]"",""return"":""[Object]"",""child"":null,""sibling"":null,""index... <truncated>).toBeInTheDocument() passed (0s)","LoginPage","LoginPage",,"reference-app-copy","LoginPage",
"frontend-typescript-react:src/test/pages/RegisterPage.test.tsx#RegisterPage redirects home when a session token is already present","redirects home when a session token is already present","passed","19ms",,,"expect({""__reactFiber$ppxuzzhz5v"":{""tag"":5,""key"":null,""elementType"":""div"",""type"":""div"",""stateNode"":""[Circular]"",""return"":""[Object]"",""child"":null,""sibling"":null,""index""... <truncated>).toBeInTheDocument() passed (0s)","RegisterPage","RegisterPage",,"reference-app-copy","RegisterPage",
"tests.integration.AuthRoundTripIntegrationTests.accountLifecycleRoundTrip","register → login → me → logout (stateless: token survives) → delete → me is 401","passed","7s 28ms",,,,,"Auth account lifecycle",,"Authentication","Account lifecycle",
"tests.e2e.RegisterFormTests.registerFormIsMounted","Register form fields and submit are visible","broken","7s 263ms","Could not start a new session. Unable to parse remote response: <html>
<head><title>401 Authorization Required</title></head>
<body>
<center><h1>401 Authorization Required</h1></center>
<hr><center>nginx/1.24.0 (Ubuntu)</center>
</body>
</html>
 
Host info: host: 'runnervmvrwv9', ip: '10.1.0.158'","org.openqa.selenium.SessionNotCreatedException: Could not start a new session. Unable to parse remote response: <html>
<head><title>401 Authorization Required</title></head>
<body>
<center><h1>401 Authorization Required</h1></center>
<hr><center>nginx/1.24.0 (Ubuntu)</center>
</body>
</html>
 
Host info: host: 'runnervmvrwv9', ip: '10.1.0.158'
	at org.openqa.selenium.remote.ProtocolHandshake.createSession(ProtocolHandshake.java:101)
	at org.openqa.selenium.remote.ProtocolHandshake.createSession(ProtocolHandshake.java:76)
	at org.openqa.selenium.remote.ProtocolHandshake.createSession(ProtocolHandshake.java:62)
	at org.openqa.selenium.remote.HttpCommandExecutor.execute(HttpCommandExecutor.java:171)
	at org.openqa.selenium.remote.RemoteWebDriver.execute(RemoteWebDriver.java:626)
	at org.openqa.selenium.remote.RemoteWebDriver.startSession(RemoteWebDriver.java:266)
	at org.openqa.selenium.remote.RemoteWebDriver.<init>(RemoteWebDriver.java:211)
	at org.openqa.selenium.remote.RemoteWebDriver.<init>(RemoteWebDriver.java:201)
	at com.codeborne.selenide.webdriver.RemoteDriverFactory.create(RemoteDriverFactory.java:24)
	at com.codeborne.selenide.webdriver.WebDriverFactory.createWebDriverInstance(WebDriverFactory.java:99)
	at com.codeborne.selenide.webdriver.WebDriverFactory.createWebDriver(WebDriverFactory.java:56)
	at com.codeborne.selenide.drivercommands.CreateDriverCommand.lambda$createDriver$0(CreateDriverCommand.java:66)
	at com.codeborne.selenide.logevents.SelenideLogger.wrap(SelenideLogger.java:128)
	at com.codeborne.selenide.logevents.SelenideLogger.get(SelenideLogger.java:106)
	at com.codeborne.selenide.drivercommands.CreateDriverCommand.createDriver(CreateDriverCommand.java:43)
	at com.codeborne.selenide.WebDriverThreadLocalContainer.createDriver(WebDriverThreadLocalContainer.java:189)
	at com.codeborne.selenide.WebDriverThreadLocalContainer.createDriver(WebDriverThreadLocalContainer.java:185)
	at com.codeborne.selenide.WebDriverThreadLocalContainer.createAndRegisterDriver(WebDriverThreadLocalContainer.java:172)
	at com.codeborne.selenide.WebDriverThreadLocalContainer.getAndCheckWebDriver(WebDriverThreadLocalContainer.java:133)
	at com.codeborne.selenide.WebDriverRunner.getAndCheckWebDriver(WebDriverRunner.java:102)
	at com.codeborne.selenide.StaticDriver.getAndCheckWebDriver(StaticDriver.java:44)
	at com.codeborne.selenide.SelenideDriver.getAndCheckWebDriver(SelenideDriver.java:254)
	at com.codeborne.selenide.logevents.SelenideLogger.lambda$run$0(SelenideLogger.java:99)
	at com.codeborne.selenide.logevents.SelenideLogger.wrap(SelenideLogger.java:128)
	at com.codeborne.selenide.logevents.SelenideLogger.run(SelenideLogger.java:98)
	at com.codeborne.selenide.drivercommands.Navigator.open(Navigator.java:88)
	at com.codeborne.selenide.SelenideDriver.open(SelenideDriver.java:107)
	at com.codeborne.selenide.Selenide.open(Selenide.java:117)
	at tests.TestBase.ensureBrowserSession(TestBase.java:116)
	at tests.TestBase.beforeEach(TestBase.java:133)
	at java.base/java.lang.reflect.Method.invoke(Method.java:580)
	at io.qameta.allure.jupiter.AllureJupiter.processFixture(AllureJupiter.java:191)
	at io.qameta.allure.jupiter.AllureJupiter.interceptBeforeEachMethod(AllureJupiter.java:147)
	at java.base/java.util.ArrayList.forEach(ArrayList.java:1596)
	at java.base/java.util.ArrayList.forEach(ArrayList.java:1596)
Caused by: org.openqa.selenium.json.JsonException: Unable to parse: <html>
<head><title>401 Authorization Required</title></head>
<body>
<center><h1>401 Authorization Required</h1></center>
<hr><center>nginx/1.24.0 (Ubuntu)</center>
</body>
</html>

	at org.openqa.selenium.json.Json.toType(Json.java:178)
	at org.openqa.selenium.json.Json.toType(Json.java:161)
	at org.openqa.selenium.remote.ProtocolHandshake.createSession(ProtocolHandshake.java:97)
	... 34 more
Caused by: org.openqa.selenium.json.JsonException: Unable to determine type from: <. Last 1 characters read: <, next 128 characters to read: html>
<head><title>401 Authorization Required</title></head>
<body>
<center><h1>401 Authorization Required</h1></center>
<hr
Build info: version: '4.46.0', revision: 'df5a634 df5a6341cbb5f8f06b836bd595752775627c80dc'
System info: os.name: 'Linux', os.arch: 'amd64', os.version: '6.17.0-1020-azure', java.version: '21.0.11'
Driver info: driver.version: SelenideDriver
	at org.openqa.selenium.json.JsonInput.peek(JsonInput.java:172)
	at org.openqa.selenium.json.JsonTypeCoercer.coerce(JsonTypeCoercer.java:146)
	at org.openqa.selenium.json.Json.toType(Json.java:213)
	at org.openqa.selenium.json.Json.toType(Json.java:176)
	... 36 more
",,,"Register form mount",,"Authentication","Register form",
"dev.reference.app.service.AuthServiceTest.registerLosesUniqueConstraintRace","register maps a lost unique-constraint race to 409","passed","2ms",,,,,"AuthService",,"Authentication","AuthService",
"dev.reference.app.service.AuthServiceTest.registerDuplicateUsername","register rejects duplicate username","passed","2ms",,,,,"AuthService",,"Authentication","AuthService",
"dev.reference.app.service.AuthServiceTest.registerCreatesUser","register saves user and returns auth response","passed","3ms",,,,,"AuthService",,"Authentication","AuthService",
"frontend-typescript-react:src/test/pwa/registerServiceWorker.test.ts#registerServiceWorker registers /sw.js immediately via DS primitive in production","registers /sw.js immediately via DS primitive in production","passed","5ms",,,"expect([Function spy]).toHaveBeenCalledWith(""/sw.js"") passed (1ms)
 expect([Function spy]).toHaveBeenCalledWith(""controllerchange"", expect.any(Function)) passed (1ms)
  expect([Function spy]).toHaveBeenCalled() passed (1ms)","registerServiceWorker","registerServiceWorker",,"reference-app-copy","registerServiceWorker",
"frontend-typescript-react:src/test/pwa/pwa-register.test.ts#pwa-register controllerchange reload reloads at most once per registration","reloads at most once per registration","passed","1ms",,,"expect([Function spy]).toHaveBeenCalledTimes(1) passed (0s)","pwa-register controllerchange reload","pwa-register controllerchange reload",,"reference-app-copy","pwa-register controllerchange reload",
"frontend-typescript-react:src/test/pwa/pwa-register.test.ts#pwa-register controllerchange reload reloads when an existing controller is replaced","reloads when an existing controller is replaced","passed","1ms",,,"expect([Function spy]).toHaveBeenCalledTimes(1) passed (0s)","pwa-register controllerchange reload","pwa-register controllerchange reload",,"reference-app-copy","pwa-register controllerchange reload",
"tests.testinfra.HarViewerHtmlTest.renderBuildsSelenoidLikeTableWithDetailsWithoutEmbeddedHarDataUri","renderBuildsSelenoidLikeTableWithDetailsWithoutEmbeddedHarDataUri()","passed","16ms",,,,,"tests.testinfra.HarViewerHtmlTest",,"Test harness","HAR viewer",
"frontend-typescript-react:src/test/pages/HomePage.test.tsx#HomePage renders the reference layout with health and items from the API","renders the reference layout with health and items from the API","passed","90ms",,,"expect({""__reactFiber$4476y21i7lx"":{""tag"":5,""key"":null,""elementType"":""main"",""type"":""main"",""stateNode"":""[Circular]"",""return"":""[Object]"",""child"":""[Object]"",""sibling"":nul... <truncated>).toBeInTheDocument() passed (1ms)
 expect({""__reactFiber$4476y21i7lx"":{""tag"":5,""key"":null,""elementType"":""p"",""type"":""p"",""stateNode"":""[Circular]"",""return"":""[Object]"",""child"":null,""sibling"":null,""index"":0,... <truncated>).toHaveTextContent(""→ UP | service: reference-app | frontend: frontend-typescript-react"") failed (11ms)
  expect({""__reactFiber$4476y21i7lx"":{""tag"":5,""key"":null,""elementType"":""p"",""type"":""p"",""stateNode"":""[Circular]"",""return"":""[Object]"",""child"":null,""sibling"":null,""index"":0,... <truncated>).toHaveTextContent(""→ UP | service: reference-app | frontend: frontend-typescript-react"") passed (1ms)
   expect({""__reactFiber$4476y21i7lx"":{""tag"":5,""key"":null,""elementType"":""div"",""type"":""div"",""stateNode"":""[Circular]"",""return"":""[Object]"",""child"":""[Object]"",""sibling"":null,... <truncated>).toHaveTextContent(""Alpha"") passed (1ms)","HomePage","HomePage",,"reference-app-copy","HomePage",
"frontend-typescript-react:src/test/lib/auth.test.ts#validateCredentials requires both when empty","requires both when empty","passed","3ms",,,"expect(""Login and password are required (minimum 3 and 6 characters)"").toBe(""Login and password are required (minimum 3 and 6 characters)"") passed (1ms)","validateCredentials","validateCredentials",,"reference-app-copy","validateCredentials",
"frontend-typescript-react:src/test/lib/auth.test.ts#validateCredentials requires login","requires login","passed","0s",,,"expect(""Login is required (minimum 3 characters)"").toBe(""Login is required (minimum 3 characters)"") passed (0s)","validateCredentials","validateCredentials",,"reference-app-copy","validateCredentials",
"frontend-typescript-react:src/test/lib/auth.test.ts#validateCredentials requires password","requires password","passed","0s",,,"expect(""Password is required (minimum 6 characters)"").toBe(""Password is required (minimum 6 characters)"") passed (0s)","validateCredentials","validateCredentials",,"reference-app-copy","validateCredentials",
"tests.testinfra.ConfigReaderTest.resolveApiBaseUrlFailsWhenBothEmpty","resolveApiBaseUrl fails fast when apiBaseUrl and hubUrl are empty","passed","6ms",,,,,"ConfigReader",,"Test harness","ConfigReader",
"tests.testinfra.ConfigReaderTest.resolveApiBaseUrlFallsBackToHubUrl","resolveApiBaseUrl falls back to hubUrl when apiBaseUrl is empty","passed","3ms",,,,,"ConfigReader",,"Test harness","ConfigReader",
"tests.testinfra.ConfigReaderTest.resolveApiBaseUrlPrefersExplicitKey","resolveApiBaseUrl prefers apiBaseUrl over hubUrl","passed","120ms",,,,,"ConfigReader",,"Test harness","ConfigReader",
"tests.testinfra.ConfigReaderTest.resolveApiBaseUrlUsesLoadedConfig","resolveApiBaseUrl uses loaded config","passed","4ms",,,,,"ConfigReader",,"Test harness","ConfigReader",
"frontend-typescript-react:src/test/lib/auth.test.ts#network failures resolveAuthErrorMessage prefers the API message and falls back last","resolveAuthErrorMessage prefers the API message and falls back last","passed","0s",,,"expect(""Wrong login or password"").toBe(""Wrong login or password"") passed (0s)
 expect(""fb"").toBe(""fb"") passed (0s)
  expect(""fb"").toBe(""fb"") passed (0s)","network failures","network failures",,"reference-app-copy","network failures",
"tests.testinfra.ConfigReaderTest.resolveBaseUrlAddsTrailingSlash","resolveBaseUrl adds trailing slash to HTTP baseUrl","passed","4ms",,,,,"ConfigReader",,"Test harness","ConfigReader",
"tests.testinfra.ConfigReaderTest.resolveBaseUrlFailsWhenBothEmpty","resolveBaseUrl fails fast when baseUrl and basePath are empty","passed","6ms",,,,,"ConfigReader",,"Test harness","ConfigReader",
"tests.testinfra.ConfigReaderTest.resolveBaseUrlFailsWhenBasePathMissing","resolveBaseUrl fails when basePath directory is missing","passed","4ms",,,,,"ConfigReader",,"Test harness","ConfigReader",
"tests.testinfra.ConfigReaderTest.resolveBaseUrlKeepsTrailingSlash","resolveBaseUrl keeps trailing slash on baseUrl","passed","8ms",,,,,"ConfigReader",,"Test harness","ConfigReader",
"tests.testinfra.ConfigReaderTest.resolveBaseUrlFromBasePath","resolveBaseUrl maps basePath to file URL with trailing slash","passed","18ms",,,,,"ConfigReader",,"Test harness","ConfigReader",
"tests.testinfra.ConfigReaderTest.resolveBaseUrlResolvesRelativeBasePath","resolveBaseUrl resolves relative basePath against user dir","passed","8ms",,,,,"ConfigReader",,"Test harness","ConfigReader",
"tests.testinfra.ConfigReaderTest.resolveBaseUrlUsesLoadedConfig","resolveBaseUrl uses loaded config","failed","23ms","expected: <http://localhost:9811/> but was: <http://localhost:9821/>","org.opentest4j.AssertionFailedError: expected: <http://localhost:9811/> but was: <http://localhost:9821/>
	at org.junit.jupiter.api.AssertionFailureBuilder.build(AssertionFailureBuilder.java:151)
	at org.junit.jupiter.api.AssertionFailureBuilder.buildAndThrow(AssertionFailureBuilder.java:132)
	at org.junit.jupiter.api.AssertEquals.failNotEqual(AssertEquals.java:197)
	at org.junit.jupiter.api.AssertEquals.assertEquals(AssertEquals.java:182)
	at org.junit.jupiter.api.AssertEquals.assertEquals(AssertEquals.java:177)
	at org.junit.jupiter.api.Assertions.assertEquals(Assertions.java:1145)
	at tests.testinfra.ConfigReaderTest.resolveBaseUrlUsesLoadedConfig(ConfigReaderTest.java:113)
	at java.base/java.lang.reflect.Method.invoke(Method.java:580)
	at java.base/java.util.ArrayList.forEach(ArrayList.java:1596)
	at java.base/java.util.ArrayList.forEach(ArrayList.java:1596)
",,,"ConfigReader",,"Test harness","ConfigReader",
"tests.testinfra.TokensCssTest.resolveTokensCssPathFallsBackToBackendCandidate","resolveTokensCssPath falls back to backend candidate","passed","1ms",,,,,"TokensCss",,"Test harness","Tokens CSS",
"tests.testinfra.TokensCssTest.resolveTokensCssPathPrefersFrontendCandidate","resolveTokensCssPath prefers frontend candidate","passed","2ms",,,,,"TokensCss",,"Test harness","Tokens CSS",
"tests.testinfra.ConfigReaderTest.resolveWebBaseUrlStripsTrailingSlashFromLoadedConfig","resolveWebBaseUrl strips trailing slash from loaded config","failed","3ms","expected: <http://localhost:9811> but was: <http://localhost:9821>","org.opentest4j.AssertionFailedError: expected: <http://localhost:9811> but was: <http://localhost:9821>
	at org.junit.jupiter.api.AssertionFailureBuilder.build(AssertionFailureBuilder.java:151)
	at org.junit.jupiter.api.AssertionFailureBuilder.buildAndThrow(AssertionFailureBuilder.java:132)
	at org.junit.jupiter.api.AssertEquals.failNotEqual(AssertEquals.java:197)
	at org.junit.jupiter.api.AssertEquals.assertEquals(AssertEquals.java:182)
	at org.junit.jupiter.api.AssertEquals.assertEquals(AssertEquals.java:177)
	at org.junit.jupiter.api.Assertions.assertEquals(Assertions.java:1145)
	at tests.testinfra.ConfigReaderTest.resolveWebBaseUrlStripsTrailingSlashFromLoadedConfig(ConfigReaderTest.java:107)
	at java.base/java.lang.reflect.Method.invoke(Method.java:580)
	at java.base/java.util.ArrayList.forEach(ArrayList.java:1596)
	at java.base/java.util.ArrayList.forEach(ArrayList.java:1596)
",,,"ConfigReader",,"Test harness","ConfigReader",
"frontend-typescript-react:src/test/App.test.tsx#App routes /login to the login form","routes /login to the login form","passed","18ms",,,"expect({""__reactFiber$qexloemjq7"":{""tag"":5,""key"":null,""elementType"":""span"",""type"":""span"",""stateNode"":""[Circular]"",""return"":""[Object]"",""child"":null,""sibling"":null,""inde... <truncated>).toHaveTextContent(""Login Form"") passed (0s)","App","App",,"reference-app-copy","App",
"frontend-typescript-react:src/test/App.test.tsx#App routes /register to the register form","routes /register to the register form","passed","13ms",,,"expect({""__reactFiber$qexloemjq7"":{""tag"":5,""key"":null,""elementType"":""span"",""type"":""span"",""stateNode"":""[Circular]"",""return"":""[Object]"",""child"":null,""sibling"":null,""inde... <truncated>).toHaveTextContent(""Register"") passed (0s)","App","App",,"reference-app-copy","App",
"dev.reference.app.config.CorsConfigTest.sameHostUsesServerName","sameHost falls back to server name when Host header is absent","passed","2ms",,,,,"CorsConfig",,"Security","CORS",
"dev.reference.app.config.CorsConfigTest.sameHostFallsBackWhenHostHeaderBlank","sameHost falls back to server name when Host header is blank","passed","1s 468ms",,,,,"CorsConfig",,"Security","CORS",
"dev.reference.app.config.CorsConfigTest.sameHostUsesHostHeader","sameHost matches Origin host to the Host header","passed","2ms",,,,,"CorsConfig",,"Security","CORS",
"dev.reference.app.config.CorsConfigTest.sameHostRejectsInvalidOrigin","sameHost rejects malformed and host-less origins","passed","3ms",,,,,"CorsConfig",,"Security","CORS",
"frontend-typescript-react:src/test/lib/appBase.test.ts#appBase — mount precedence scopes auth token keys per backend and shares them across frontends","scopes auth token keys per backend and shares them across frontends","passed","2ms",,,"expect(""authToken:backend-java-spring"").toBe(""authToken:backend-java-spring"") passed (0s)
 expect(""authToken:backend-python-fastapi"").toBe(""authToken:backend-python-fastapi"") passed (1ms)
  expect(""authToken:backend-python-fastapi"").toBe(""authToken:backend-python-fastapi"") passed (0s)","appBase — mount precedence","appBase — mount precedence",,"reference-app-copy","appBase — mount precedence",
"tests.integration.SeedDataIntegrationTests.seededUserIsReadyAfterDeploy","Seed user user1 is present and can authenticate","passed","647ms",,,,,"Seed data",,"Deploy readiness","Seed data",
"tests.e2e.SessionTests.sessionSurvivesReload","Session survives a page reload (token in localStorage)","broken","7s 266ms","Could not start a new session. Unable to parse remote response: <html>
<head><title>401 Authorization Required</title></head>
<body>
<center><h1>401 Authorization Required</h1></center>
<hr><center>nginx/1.24.0 (Ubuntu)</center>
</body>
</html>
 
Host info: host: 'runnervmvrwv9', ip: '10.1.0.158'","org.openqa.selenium.SessionNotCreatedException: Could not start a new session. Unable to parse remote response: <html>
<head><title>401 Authorization Required</title></head>
<body>
<center><h1>401 Authorization Required</h1></center>
<hr><center>nginx/1.24.0 (Ubuntu)</center>
</body>
</html>
 
Host info: host: 'runnervmvrwv9', ip: '10.1.0.158'
	at org.openqa.selenium.remote.ProtocolHandshake.createSession(ProtocolHandshake.java:101)
	at org.openqa.selenium.remote.ProtocolHandshake.createSession(ProtocolHandshake.java:76)
	at org.openqa.selenium.remote.ProtocolHandshake.createSession(ProtocolHandshake.java:62)
	at org.openqa.selenium.remote.HttpCommandExecutor.execute(HttpCommandExecutor.java:171)
	at org.openqa.selenium.remote.RemoteWebDriver.execute(RemoteWebDriver.java:626)
	at org.openqa.selenium.remote.RemoteWebDriver.startSession(RemoteWebDriver.java:266)
	at org.openqa.selenium.remote.RemoteWebDriver.<init>(RemoteWebDriver.java:211)
	at org.openqa.selenium.remote.RemoteWebDriver.<init>(RemoteWebDriver.java:201)
	at com.codeborne.selenide.webdriver.RemoteDriverFactory.create(RemoteDriverFactory.java:24)
	at com.codeborne.selenide.webdriver.WebDriverFactory.createWebDriverInstance(WebDriverFactory.java:99)
	at com.codeborne.selenide.webdriver.WebDriverFactory.createWebDriver(WebDriverFactory.java:56)
	at com.codeborne.selenide.drivercommands.CreateDriverCommand.lambda$createDriver$0(CreateDriverCommand.java:66)
	at com.codeborne.selenide.logevents.SelenideLogger.wrap(SelenideLogger.java:128)
	at com.codeborne.selenide.logevents.SelenideLogger.get(SelenideLogger.java:106)
	at com.codeborne.selenide.drivercommands.CreateDriverCommand.createDriver(CreateDriverCommand.java:43)
	at com.codeborne.selenide.WebDriverThreadLocalContainer.createDriver(WebDriverThreadLocalContainer.java:189)
	at com.codeborne.selenide.WebDriverThreadLocalContainer.createDriver(WebDriverThreadLocalContainer.java:185)
	at com.codeborne.selenide.WebDriverThreadLocalContainer.createAndRegisterDriver(WebDriverThreadLocalContainer.java:172)
	at com.codeborne.selenide.WebDriverThreadLocalContainer.getAndCheckWebDriver(WebDriverThreadLocalContainer.java:133)
	at com.codeborne.selenide.WebDriverRunner.getAndCheckWebDriver(WebDriverRunner.java:102)
	at com.codeborne.selenide.StaticDriver.getAndCheckWebDriver(StaticDriver.java:44)
	at com.codeborne.selenide.SelenideDriver.getAndCheckWebDriver(SelenideDriver.java:254)
	at com.codeborne.selenide.logevents.SelenideLogger.lambda$run$0(SelenideLogger.java:99)
	at com.codeborne.selenide.logevents.SelenideLogger.wrap(SelenideLogger.java:128)
	at com.codeborne.selenide.logevents.SelenideLogger.run(SelenideLogger.java:98)
	at com.codeborne.selenide.drivercommands.Navigator.open(Navigator.java:88)
	at com.codeborne.selenide.SelenideDriver.open(SelenideDriver.java:107)
	at com.codeborne.selenide.Selenide.open(Selenide.java:117)
	at tests.TestBase.ensureBrowserSession(TestBase.java:116)
	at tests.TestBase.beforeEach(TestBase.java:133)
	at java.base/java.lang.reflect.Method.invoke(Method.java:580)
	at io.qameta.allure.jupiter.AllureJupiter.processFixture(AllureJupiter.java:191)
	at io.qameta.allure.jupiter.AllureJupiter.interceptBeforeEachMethod(AllureJupiter.java:147)
	at java.base/java.util.ArrayList.forEach(ArrayList.java:1596)
	at java.base/java.util.ArrayList.forEach(ArrayList.java:1596)
Caused by: org.openqa.selenium.json.JsonException: Unable to parse: <html>
<head><title>401 Authorization Required</title></head>
<body>
<center><h1>401 Authorization Required</h1></center>
<hr><center>nginx/1.24.0 (Ubuntu)</center>
</body>
</html>

	at org.openqa.selenium.json.Json.toType(Json.java:178)
	at org.openqa.selenium.json.Json.toType(Json.java:161)
	at org.openqa.selenium.remote.ProtocolHandshake.createSession(ProtocolHandshake.java:97)
	... 34 more
Caused by: org.openqa.selenium.json.JsonException: Unable to determine type from: <. Last 1 characters read: <, next 128 characters to read: html>
<head><title>401 Authorization Required</title></head>
<body>
<center><h1>401 Authorization Required</h1></center>
<hr
Build info: version: '4.46.0', revision: 'df5a634 df5a6341cbb5f8f06b836bd595752775627c80dc'
System info: os.name: 'Linux', os.arch: 'amd64', os.version: '6.17.0-1020-azure', java.version: '21.0.11'
Driver info: driver.version: SelenideDriver
	at org.openqa.selenium.json.JsonInput.peek(JsonInput.java:172)
	at org.openqa.selenium.json.JsonTypeCoercer.coerce(JsonTypeCoercer.java:146)
	at org.openqa.selenium.json.Json.toType(Json.java:213)
	at org.openqa.selenium.json.Json.toType(Json.java:176)
	... 36 more
",,,"Session",,"Authentication","Session",
"dev.reference.app.config.JwtAuthFilterTest.setsAuthenticationForValidBearerToken","sets authentication for valid bearer token","passed","247ms",,,,,"JwtAuthFilter",,"Authentication","JWT filter",
"tests.e2e.RegisterTests.shouldShowErrorWhenPasswordIsTooShort","Short password shows validation error","broken","7s 264ms","Could not start a new session. Unable to parse remote response: <html>
<head><title>401 Authorization Required</title></head>
<body>
<center><h1>401 Authorization Required</h1></center>
<hr><center>nginx/1.24.0 (Ubuntu)</center>
</body>
</html>
 
Host info: host: 'runnervmvrwv9', ip: '10.1.0.158'","org.openqa.selenium.SessionNotCreatedException: Could not start a new session. Unable to parse remote response: <html>
<head><title>401 Authorization Required</title></head>
<body>
<center><h1>401 Authorization Required</h1></center>
<hr><center>nginx/1.24.0 (Ubuntu)</center>
</body>
</html>
 
Host info: host: 'runnervmvrwv9', ip: '10.1.0.158'
	at org.openqa.selenium.remote.ProtocolHandshake.createSession(ProtocolHandshake.java:101)
	at org.openqa.selenium.remote.ProtocolHandshake.createSession(ProtocolHandshake.java:76)
	at org.openqa.selenium.remote.ProtocolHandshake.createSession(ProtocolHandshake.java:62)
	at org.openqa.selenium.remote.HttpCommandExecutor.execute(HttpCommandExecutor.java:171)
	at org.openqa.selenium.remote.RemoteWebDriver.execute(RemoteWebDriver.java:626)
	at org.openqa.selenium.remote.RemoteWebDriver.startSession(RemoteWebDriver.java:266)
	at org.openqa.selenium.remote.RemoteWebDriver.<init>(RemoteWebDriver.java:211)
	at org.openqa.selenium.remote.RemoteWebDriver.<init>(RemoteWebDriver.java:201)
	at com.codeborne.selenide.webdriver.RemoteDriverFactory.create(RemoteDriverFactory.java:24)
	at com.codeborne.selenide.webdriver.WebDriverFactory.createWebDriverInstance(WebDriverFactory.java:99)
	at com.codeborne.selenide.webdriver.WebDriverFactory.createWebDriver(WebDriverFactory.java:56)
	at com.codeborne.selenide.drivercommands.CreateDriverCommand.lambda$createDriver$0(CreateDriverCommand.java:66)
	at com.codeborne.selenide.logevents.SelenideLogger.wrap(SelenideLogger.java:128)
	at com.codeborne.selenide.logevents.SelenideLogger.get(SelenideLogger.java:106)
	at com.codeborne.selenide.drivercommands.CreateDriverCommand.createDriver(CreateDriverCommand.java:43)
	at com.codeborne.selenide.WebDriverThreadLocalContainer.createDriver(WebDriverThreadLocalContainer.java:189)
	at com.codeborne.selenide.WebDriverThreadLocalContainer.createDriver(WebDriverThreadLocalContainer.java:185)
	at com.codeborne.selenide.WebDriverThreadLocalContainer.createAndRegisterDriver(WebDriverThreadLocalContainer.java:172)
	at com.codeborne.selenide.WebDriverThreadLocalContainer.getAndCheckWebDriver(WebDriverThreadLocalContainer.java:133)
	at com.codeborne.selenide.WebDriverRunner.getAndCheckWebDriver(WebDriverRunner.java:102)
	at com.codeborne.selenide.StaticDriver.getAndCheckWebDriver(StaticDriver.java:44)
	at com.codeborne.selenide.SelenideDriver.getAndCheckWebDriver(SelenideDriver.java:254)
	at com.codeborne.selenide.logevents.SelenideLogger.lambda$run$0(SelenideLogger.java:99)
	at com.codeborne.selenide.logevents.SelenideLogger.wrap(SelenideLogger.java:128)
	at com.codeborne.selenide.logevents.SelenideLogger.run(SelenideLogger.java:98)
	at com.codeborne.selenide.drivercommands.Navigator.open(Navigator.java:88)
	at com.codeborne.selenide.SelenideDriver.open(SelenideDriver.java:107)
	at com.codeborne.selenide.Selenide.open(Selenide.java:117)
	at tests.TestBase.ensureBrowserSession(TestBase.java:116)
	at tests.TestBase.beforeEach(TestBase.java:133)
	at java.base/java.lang.reflect.Method.invoke(Method.java:580)
	at io.qameta.allure.jupiter.AllureJupiter.processFixture(AllureJupiter.java:191)
	at io.qameta.allure.jupiter.AllureJupiter.interceptBeforeEachMethod(AllureJupiter.java:147)
	at java.base/java.util.ArrayList.forEach(ArrayList.java:1596)
	at java.base/java.util.ArrayList.forEach(ArrayList.java:1596)
Caused by: org.openqa.selenium.json.JsonException: Unable to parse: <html>
<head><title>401 Authorization Required</title></head>
<body>
<center><h1>401 Authorization Required</h1></center>
<hr><center>nginx/1.24.0 (Ubuntu)</center>
</body>
</html>

	at org.openqa.selenium.json.Json.toType(Json.java:178)
	at org.openqa.selenium.json.Json.toType(Json.java:161)
	at org.openqa.selenium.remote.ProtocolHandshake.createSession(ProtocolHandshake.java:97)
	... 34 more
Caused by: org.openqa.selenium.json.JsonException: Unable to determine type from: <. Last 1 characters read: <, next 128 characters to read: html>
<head><title>401 Authorization Required</title></head>
<body>
<center><h1>401 Authorization Required</h1></center>
<hr
Build info: version: '4.46.0', revision: 'df5a634 df5a6341cbb5f8f06b836bd595752775627c80dc'
System info: os.name: 'Linux', os.arch: 'amd64', os.version: '6.17.0-1020-azure', java.version: '21.0.11'
Driver info: driver.version: SelenideDriver
	at org.openqa.selenium.json.JsonInput.peek(JsonInput.java:172)
	at org.openqa.selenium.json.JsonTypeCoercer.coerce(JsonTypeCoercer.java:146)
	at org.openqa.selenium.json.Json.toType(Json.java:213)
	at org.openqa.selenium.json.Json.toType(Json.java:176)
	... 36 more
",,,"Register",,"Authentication","Register",
"frontend-typescript-react:src/test/pages/LoginPage.test.tsx#LoginPage shows API error message for wrong credentials","shows API error message for wrong credentials","passed","147ms",,,"expect({""__reactFiber$1bipamvlk2f"":{""tag"":5,""key"":null,""elementType"":""p"",""type"":""p"",""stateNode"":""[Circular]"",""return"":""[Object]"",""child"":null,""sibling"":""[Object]"",""ind... <truncated>).toHaveTextContent(""Wrong login or password"") passed (0s)
 expect(null).toBeNull() passed (0s)","LoginPage","LoginPage",,"reference-app-copy","LoginPage",
"frontend-typescript-react:src/test/pages/RegisterPage.test.tsx#RegisterPage shows API error when username is already taken","shows API error when username is already taken","passed","188ms",,,"expect({""__reactFiber$ppxuzzhz5v"":{""tag"":5,""key"":null,""elementType"":""p"",""type"":""p"",""stateNode"":""[Circular]"",""return"":""[Object]"",""child"":null,""sibling"":""[Object]"",""inde... <truncated>).toHaveTextContent(""Username already taken"") passed (0s)
 expect(null).toBeNull() passed (0s)","RegisterPage","RegisterPage",,"reference-app-copy","RegisterPage",
"frontend-typescript-react:src/test/pages/HomePage.test.tsx#HomePage shows empty items state when API returns no rows","shows empty items state when API returns no rows","passed","12ms",,,"expect({""__reactFiber$4476y21i7lx"":{""tag"":5,""key"":null,""elementType"":""div"",""type"":""div"",""stateNode"":""[Circular]"",""return"":""[Object]"",""child"":""[Object]"",""sibling"":null,... <truncated>).toHaveTextContent(""No items found."") failed (1ms)
 expect({""__reactFiber$4476y21i7lx"":{""tag"":5,""key"":null,""elementType"":""div"",""type"":""div"",""stateNode"":""[Circular]"",""return"":""[Object]"",""child"":""[Object]"",""sibling"":null,... <truncated>).toHaveTextContent(""No items found."") passed (0s)","HomePage","HomePage",,"reference-app-copy","HomePage",
"frontend-typescript-react:src/test/pages/HomePage.test.tsx#HomePage shows health error state when health API fails","shows health error state when health API fails","passed","14ms",,,"expect({""__reactFiber$4476y21i7lx"":{""tag"":5,""key"":null,""elementType"":""p"",""type"":""p"",""stateNode"":""[Circular]"",""return"":""[Object]"",""child"":null,""sibling"":null,""index"":0,... <truncated>).toHaveTextContent(""✗ health: HTTP 500"") failed (1ms)
 expect({""__reactFiber$4476y21i7lx"":{""tag"":5,""key"":null,""elementType"":""p"",""type"":""p"",""stateNode"":""[Circular]"",""return"":""[Object]"",""child"":null,""sibling"":null,""index"":0,... <truncated>).toHaveTextContent(""✗ health: HTTP 500"") passed (0s)","HomePage","HomePage",,"reference-app-copy","HomePage",
"frontend-typescript-react:src/test/pages/HomePage.test.tsx#HomePage shows items error state when items API fails","shows items error state when items API fails","passed","17ms",,,"expect({""__reactFiber$4476y21i7lx"":{""tag"":5,""key"":null,""elementType"":""div"",""type"":""div"",""stateNode"":""[Circular]"",""return"":""[Object]"",""child"":""[Object]"",""sibling"":null,... <truncated>).toHaveTextContent(""✗ items: HTTP 500"") failed (1ms)
 expect({""__reactFiber$4476y21i7lx"":{""tag"":5,""key"":null,""elementType"":""div"",""type"":""div"",""stateNode"":""[Circular]"",""return"":""[Object]"",""child"":""[Object]"",""sibling"":null,... <truncated>).toHaveTextContent(""✗ items: HTTP 500"") passed (0s)","HomePage","HomePage",,"reference-app-copy","HomePage",
"frontend-typescript-react:src/test/pages/LoginPage.test.tsx#LoginPage shows the exact login-required error when username is empty","shows the exact login-required error when username is empty","passed","149ms",,,"expect({""__reactFiber$1bipamvlk2f"":{""tag"":5,""key"":null,""elementType"":""p"",""type"":""p"",""stateNode"":""[Circular]"",""return"":""[Object]"",""child"":null,""sibling"":""[Object]"",""ind... <truncated>).toHaveTextContent(""Login is required (minimum 3 characters)"") passed (0s)","LoginPage","LoginPage",,"reference-app-copy","LoginPage",
"frontend-typescript-react:src/test/pages/RegisterPage.test.tsx#RegisterPage shows the exact mismatch error when passwords differ","shows the exact mismatch error when passwords differ","passed","282ms",,,"expect({""__reactFiber$ppxuzzhz5v"":{""tag"":5,""key"":null,""elementType"":""p"",""type"":""p"",""stateNode"":""[Circular]"",""return"":""[Object]"",""child"":null,""sibling"":""[Object]"",""inde... <truncated>).toHaveTextContent(""Passwords do not match"") passed (0s)","RegisterPage","RegisterPage",,"reference-app-copy","RegisterPage",
"frontend-typescript-react:src/test/pages/LoginPage.test.tsx#LoginPage shows the exact password-required error when password is empty","shows the exact password-required error when password is empty","passed","75ms",,,"expect({""__reactFiber$1bipamvlk2f"":{""tag"":5,""key"":null,""elementType"":""p"",""type"":""p"",""stateNode"":""[Circular]"",""return"":""[Object]"",""child"":null,""sibling"":""[Object]"",""ind... <truncated>).toHaveTextContent(""Password is required (minimum 6 characters)"") passed (0s)","LoginPage","LoginPage",,"reference-app-copy","LoginPage",
"frontend-typescript-react:src/test/pages/HomePage.test.tsx#HomePage shows welcome and logout when profile loads for a session token","shows welcome and logout when profile loads for a session token","passed","30ms",,,"expect({""__reactFiber$4476y21i7lx"":{""tag"":5,""key"":null,""elementType"":""p"",""type"":""p"",""stateNode"":""[Circular]"",""return"":""[Object]"",""child"":null,""sibling"":""[Object]"",""ind... <truncated>).toHaveTextContent(""Welcome, user1!"") passed (1ms)
 expect({""__reactFiber$4476y21i7lx"":{""tag"":5,""key"":null,""elementType"":""div"",""type"":""div"",""stateNode"":""[Circular]"",""return"":""[Object]"",""child"":""[Object]"",""sibling"":null,... <truncated>).toBeVisible() passed (4ms)
  expect({""__reactFiber$4476y21i7lx"":{""tag"":5,""key"":null,""elementType"":""button"",""type"":""button"",""stateNode"":""[Circular]"",""return"":""[Object]"",""child"":null,""sibling"":null,... <truncated>).toBeInTheDocument() passed (1ms)","HomePage","HomePage",,"reference-app-copy","HomePage",
"frontend-typescript-react:src/test/pwa/registerServiceWorker.test.ts#registerServiceWorker skips registration in Vite DEV","skips registration in Vite DEV","passed","1ms",,,"expect([Function spy]).not.toHaveBeenCalled() passed (0s)","registerServiceWorker","registerServiceWorker",,"reference-app-copy","registerServiceWorker",
"frontend-typescript-react:src/test/pwa/registerServiceWorker.test.ts#registerServiceWorker skips registration when serviceWorker is unavailable","skips registration when serviceWorker is unavailable","passed","1ms",,,"expect([Function]).not.toThrow() passed (0s)","registerServiceWorker","registerServiceWorker",,"reference-app-copy","registerServiceWorker",
"dev.reference.app.config.UserSeederTest.skipsSeedingWhenCredentialsMissing","skips seeding when credentials are not configured username="""" password=""""","passed","2ms",,,,,"UserSeeder",,"Authentication","User seeder",
"dev.reference.app.config.UserSeederTest.skipsSeedingWhenCredentialsMissing","skips seeding when credentials are not configured username="""" password=""password1""","passed","10ms",,,,,"UserSeeder",,"Authentication","User seeder",
"dev.reference.app.config.UserSeederTest.skipsSeedingWhenCredentialsMissing","skips seeding when credentials are not configured username=""user1"" password=""""","passed","2ms",,,,,"UserSeeder",,"Authentication","User seeder",
"dev.reference.app.config.UserSeederTest.skipsSeedingWhenUserExists","skips seeding when user already exists","passed","4ms",,,,,"UserSeeder",,"Authentication","User seeder",
"frontend-typescript-react:src/test/pages/LoginPage.test.tsx#LoginPage stores session and navigates home on successful login","stores session and navigates home on successful login","passed","126ms",,,"expect({""__reactFiber$1bipamvlk2f"":{""tag"":5,""key"":null,""elementType"":""div"",""type"":""div"",""stateNode"":""[Circular]"",""return"":""[Object]"",""child"":null,""sibling"":null,""index... <truncated>).toBeInTheDocument() passed (0s)
 expect(""tok-1"").toBe(""tok-1"") passed (1ms)","LoginPage","LoginPage",,"reference-app-copy","LoginPage",
"frontend-typescript-react:src/test/pages/RegisterPage.test.tsx#RegisterPage stores session and navigates home on successful register","stores session and navigates home on successful register","passed","221ms",,,"expect({""__reactFiber$ppxuzzhz5v"":{""tag"":5,""key"":null,""elementType"":""div"",""type"":""div"",""stateNode"":""[Circular]"",""return"":""[Object]"",""child"":null,""sibling"":null,""index""... <truncated>).toBeInTheDocument() passed (0s)
 expect(""tok-reg"").toBe(""tok-reg"") passed (1ms)","RegisterPage","RegisterPage",,"reference-app-copy","RegisterPage",
"frontend-typescript-react:src/test/lib/auth.test.ts#formatMessage substitutes placeholders and drops unknown keys","substitutes placeholders and drops unknown keys","passed","0s",,,"expect(""at least 3 chars, "").toBe(""at least 3 chars, "") passed (0s)","formatMessage","formatMessage",,"reference-app-copy","formatMessage",
"frontend-typescript-react:src/test/lib/appBase.test.ts#appBase — mount precedence takes backend and frontend from the path matrix","takes backend and frontend from the path matrix","passed","19ms",,,"expect(""/backend-java-spring/frontend-typescript-react"").toBe(""/backend-java-spring/frontend-typescript-react"") passed (1ms)
 expect(""backend-java-spring"").toBe(""backend-java-spring"") passed (0s)
  expect(""authToken:backend-java-spring"").toBe(""authToken:backend-java-spring"") passed (0s)
   expect(""/backend-java-spring/frontend-typescript-react/js/header.js"").toBe(""/backend-java-spring/frontend-typescript-react/js/header.js"") passed (0s)
    expect(""/backend-java-spring/api/health"").toBe(""/backend-java-spring/api/health"") passed (0s)","appBase — mount precedence","appBase — mount precedence",,"reference-app-copy","appBase — mount precedence",
"frontend-typescript-react:src/test/header-active-nav.test.ts#canonical header.js — mobile burger menu toggles menu visibility via burger button","toggles menu visibility via burger button","passed","83ms",,,"expect(3).toBe(3) passed (0s)
 expect(3).toBe(3) passed (0s)
  expect({}).not.toBeNull() passed (0s)
   expect({}).not.toBeNull() passed (0s)
    expect(true).toBe(true) passed (0s)
     expect(""false"").toBe(""false"") passed (0s)
      expect(false).toBe(false) passed (0s)
       expect(""true"").toBe(""true"") passed (0s)
        expect(true).toBe(true) passed (0s)
         expect(""false"").toBe(""false"") passed (0s)","canonical header.js — mobile burger menu","canonical header.js — mobile burger menu",,"reference-app-copy","canonical header.js — mobile burger menu",
"tests.testinfra.HarCaptureTest.toHarBuildsEntriesFromPerformanceLogs","toHarBuildsEntriesFromPerformanceLogs()","passed","166ms",,,,,"tests.testinfra.HarCaptureTest",,"Test harness","HAR capture",
"tests.testinfra.TokensCssTest.tokensMatchComponentSizesCanon","tokens.css keeps canonical component size tokens [1] --control-height-md, 36px","passed","12ms",,,,,"TokensCss",,"Test harness","Tokens CSS",
"tests.testinfra.TokensCssTest.tokensMatchComponentSizesCanon","tokens.css keeps canonical component size tokens [2] --icon-size-md, 18px","passed","4ms",,,,,"TokensCss",,"Test harness","Tokens CSS",
"tests.testinfra.TokensCssTest.tokensMatchComponentSizesCanon","tokens.css keeps canonical component size tokens [3] --input-min-width, 200px","passed","4ms",,,,,"TokensCss",,"Test harness","Tokens CSS",
"tests.testinfra.TokensCssTest.tokensMatchComponentSizesCanon","tokens.css keeps canonical component size tokens [4] --header-height, 40px","passed","3ms",,,,,"TokensCss",,"Test harness","Tokens CSS",
"tests.api.AuthApiTests.unmappedApiPathRequiresAuthentication","unmapped /api/* path requires authentication (security catch-all)","passed","542ms",,,,,"Auth API",,"Authentication","Authentication",
"dev.reference.app.config.SecurityChainTest.unmappedApiPathRequiresAuthentication","unmapped /api/** path requires authentication (catch-all)","passed","7ms",,,,,"Security chain with real JWT filter,slice",,"Security","Security chain",
"dev.reference.app.config.SecurityChainTest.unmappedApiPathWithTokenIsNotFound","unmapped /api/** path with a valid token is 404, not 401","passed","30ms",,,,,"Security chain with real JWT filter,slice",,"Security","Security chain",
"tests.e2e.LogoutTests.shouldLogoutAfterFormLogin","User can logout after form login","broken","7s 257ms","Could not start a new session. Unable to parse remote response: <html>
<head><title>401 Authorization Required</title></head>
<body>
<center><h1>401 Authorization Required</h1></center>
<hr><center>nginx/1.24.0 (Ubuntu)</center>
</body>
</html>
 
Host info: host: 'runnervmvrwv9', ip: '10.1.0.158'","org.openqa.selenium.SessionNotCreatedException: Could not start a new session. Unable to parse remote response: <html>
<head><title>401 Authorization Required</title></head>
<body>
<center><h1>401 Authorization Required</h1></center>
<hr><center>nginx/1.24.0 (Ubuntu)</center>
</body>
</html>
 
Host info: host: 'runnervmvrwv9', ip: '10.1.0.158'
	at org.openqa.selenium.remote.ProtocolHandshake.createSession(ProtocolHandshake.java:101)
	at org.openqa.selenium.remote.ProtocolHandshake.createSession(ProtocolHandshake.java:76)
	at org.openqa.selenium.remote.ProtocolHandshake.createSession(ProtocolHandshake.java:62)
	at org.openqa.selenium.remote.HttpCommandExecutor.execute(HttpCommandExecutor.java:171)
	at org.openqa.selenium.remote.RemoteWebDriver.execute(RemoteWebDriver.java:626)
	at org.openqa.selenium.remote.RemoteWebDriver.startSession(RemoteWebDriver.java:266)
	at org.openqa.selenium.remote.RemoteWebDriver.<init>(RemoteWebDriver.java:211)
	at org.openqa.selenium.remote.RemoteWebDriver.<init>(RemoteWebDriver.java:201)
	at com.codeborne.selenide.webdriver.RemoteDriverFactory.create(RemoteDriverFactory.java:24)
	at com.codeborne.selenide.webdriver.WebDriverFactory.createWebDriverInstance(WebDriverFactory.java:99)
	at com.codeborne.selenide.webdriver.WebDriverFactory.createWebDriver(WebDriverFactory.java:56)
	at com.codeborne.selenide.drivercommands.CreateDriverCommand.lambda$createDriver$0(CreateDriverCommand.java:66)
	at com.codeborne.selenide.logevents.SelenideLogger.wrap(SelenideLogger.java:128)
	at com.codeborne.selenide.logevents.SelenideLogger.get(SelenideLogger.java:106)
	at com.codeborne.selenide.drivercommands.CreateDriverCommand.createDriver(CreateDriverCommand.java:43)
	at com.codeborne.selenide.WebDriverThreadLocalContainer.createDriver(WebDriverThreadLocalContainer.java:189)
	at com.codeborne.selenide.WebDriverThreadLocalContainer.createDriver(WebDriverThreadLocalContainer.java:185)
	at com.codeborne.selenide.WebDriverThreadLocalContainer.createAndRegisterDriver(WebDriverThreadLocalContainer.java:172)
	at com.codeborne.selenide.WebDriverThreadLocalContainer.getAndCheckWebDriver(WebDriverThreadLocalContainer.java:133)
	at com.codeborne.selenide.WebDriverRunner.getAndCheckWebDriver(WebDriverRunner.java:102)
	at com.codeborne.selenide.StaticDriver.getAndCheckWebDriver(StaticDriver.java:44)
	at com.codeborne.selenide.SelenideDriver.getAndCheckWebDriver(SelenideDriver.java:254)
	at com.codeborne.selenide.logevents.SelenideLogger.lambda$run$0(SelenideLogger.java:99)
	at com.codeborne.selenide.logevents.SelenideLogger.wrap(SelenideLogger.java:128)
	at com.codeborne.selenide.logevents.SelenideLogger.run(SelenideLogger.java:98)
	at com.codeborne.selenide.drivercommands.Navigator.open(Navigator.java:88)
	at com.codeborne.selenide.SelenideDriver.open(SelenideDriver.java:107)
	at com.codeborne.selenide.Selenide.open(Selenide.java:117)
	at tests.TestBase.ensureBrowserSession(TestBase.java:116)
	at tests.TestBase.beforeEach(TestBase.java:133)
	at java.base/java.lang.reflect.Method.invoke(Method.java:580)
	at io.qameta.allure.jupiter.AllureJupiter.processFixture(AllureJupiter.java:191)
	at io.qameta.allure.jupiter.AllureJupiter.interceptBeforeEachMethod(AllureJupiter.java:147)
	at java.base/java.util.ArrayList.forEach(ArrayList.java:1596)
	at java.base/java.util.ArrayList.forEach(ArrayList.java:1596)
Caused by: org.openqa.selenium.json.JsonException: Unable to parse: <html>
<head><title>401 Authorization Required</title></head>
<body>
<center><h1>401 Authorization Required</h1></center>
<hr><center>nginx/1.24.0 (Ubuntu)</center>
</body>
</html>

	at org.openqa.selenium.json.Json.toType(Json.java:178)
	at org.openqa.selenium.json.Json.toType(Json.java:161)
	at org.openqa.selenium.remote.ProtocolHandshake.createSession(ProtocolHandshake.java:97)
	... 34 more
Caused by: org.openqa.selenium.json.JsonException: Unable to determine type from: <. Last 1 characters read: <, next 128 characters to read: html>
<head><title>401 Authorization Required</title></head>
<body>
<center><h1>401 Authorization Required</h1></center>
<hr
Build info: version: '4.46.0', revision: 'df5a634 df5a6341cbb5f8f06b836bd595752775627c80dc'
System info: os.name: 'Linux', os.arch: 'amd64', os.version: '6.17.0-1020-azure', java.version: '21.0.11'
Driver info: driver.version: SelenideDriver
	at org.openqa.selenium.json.JsonInput.peek(JsonInput.java:172)
	at org.openqa.selenium.json.JsonTypeCoercer.coerce(JsonTypeCoercer.java:146)
	at org.openqa.selenium.json.Json.toType(Json.java:213)
	at org.openqa.selenium.json.Json.toType(Json.java:176)
	... 36 more
",,,"Logout",,"Authentication","Logout",
"tests.e2e.LogoutTests.shouldLogoutAfterLocalStorageAuthentication","User can logout after localStorage authentication","broken","7s 295ms","Could not start a new session. Unable to parse remote response: <html>
<head><title>401 Authorization Required</title></head>
<body>
<center><h1>401 Authorization Required</h1></center>
<hr><center>nginx/1.24.0 (Ubuntu)</center>
</body>
</html>
 
Host info: host: 'runnervmvrwv9', ip: '10.1.0.158'","org.openqa.selenium.SessionNotCreatedException: Could not start a new session. Unable to parse remote response: <html>
<head><title>401 Authorization Required</title></head>
<body>
<center><h1>401 Authorization Required</h1></center>
<hr><center>nginx/1.24.0 (Ubuntu)</center>
</body>
</html>
 
Host info: host: 'runnervmvrwv9', ip: '10.1.0.158'
	at org.openqa.selenium.remote.ProtocolHandshake.createSession(ProtocolHandshake.java:101)
	at org.openqa.selenium.remote.ProtocolHandshake.createSession(ProtocolHandshake.java:76)
	at org.openqa.selenium.remote.ProtocolHandshake.createSession(ProtocolHandshake.java:62)
	at org.openqa.selenium.remote.HttpCommandExecutor.execute(HttpCommandExecutor.java:171)
	at org.openqa.selenium.remote.RemoteWebDriver.execute(RemoteWebDriver.java:626)
	at org.openqa.selenium.remote.RemoteWebDriver.startSession(RemoteWebDriver.java:266)
	at org.openqa.selenium.remote.RemoteWebDriver.<init>(RemoteWebDriver.java:211)
	at org.openqa.selenium.remote.RemoteWebDriver.<init>(RemoteWebDriver.java:201)
	at com.codeborne.selenide.webdriver.RemoteDriverFactory.create(RemoteDriverFactory.java:24)
	at com.codeborne.selenide.webdriver.WebDriverFactory.createWebDriverInstance(WebDriverFactory.java:99)
	at com.codeborne.selenide.webdriver.WebDriverFactory.createWebDriver(WebDriverFactory.java:56)
	at com.codeborne.selenide.drivercommands.CreateDriverCommand.lambda$createDriver$0(CreateDriverCommand.java:66)
	at com.codeborne.selenide.logevents.SelenideLogger.wrap(SelenideLogger.java:128)
	at com.codeborne.selenide.logevents.SelenideLogger.get(SelenideLogger.java:106)
	at com.codeborne.selenide.drivercommands.CreateDriverCommand.createDriver(CreateDriverCommand.java:43)
	at com.codeborne.selenide.WebDriverThreadLocalContainer.createDriver(WebDriverThreadLocalContainer.java:189)
	at com.codeborne.selenide.WebDriverThreadLocalContainer.createDriver(WebDriverThreadLocalContainer.java:185)
	at com.codeborne.selenide.WebDriverThreadLocalContainer.createAndRegisterDriver(WebDriverThreadLocalContainer.java:172)
	at com.codeborne.selenide.WebDriverThreadLocalContainer.getAndCheckWebDriver(WebDriverThreadLocalContainer.java:133)
	at com.codeborne.selenide.WebDriverRunner.getAndCheckWebDriver(WebDriverRunner.java:102)
	at com.codeborne.selenide.StaticDriver.getAndCheckWebDriver(StaticDriver.java:44)
	at com.codeborne.selenide.SelenideDriver.getAndCheckWebDriver(SelenideDriver.java:254)
	at com.codeborne.selenide.logevents.SelenideLogger.lambda$run$0(SelenideLogger.java:99)
	at com.codeborne.selenide.logevents.SelenideLogger.wrap(SelenideLogger.java:128)
	at com.codeborne.selenide.logevents.SelenideLogger.run(SelenideLogger.java:98)
	at com.codeborne.selenide.drivercommands.Navigator.open(Navigator.java:88)
	at com.codeborne.selenide.SelenideDriver.open(SelenideDriver.java:107)
	at com.codeborne.selenide.Selenide.open(Selenide.java:117)
	at tests.TestBase.ensureBrowserSession(TestBase.java:116)
	at tests.TestBase.beforeEach(TestBase.java:133)
	at java.base/java.lang.reflect.Method.invoke(Method.java:580)
	at io.qameta.allure.jupiter.AllureJupiter.processFixture(AllureJupiter.java:191)
	at io.qameta.allure.jupiter.AllureJupiter.interceptBeforeEachMethod(AllureJupiter.java:147)
	at java.base/java.util.ArrayList.forEach(ArrayList.java:1596)
	at java.base/java.util.ArrayList.forEach(ArrayList.java:1596)
Caused by: org.openqa.selenium.json.JsonException: Unable to parse: <html>
<head><title>401 Authorization Required</title></head>
<body>
<center><h1>401 Authorization Required</h1></center>
<hr><center>nginx/1.24.0 (Ubuntu)</center>
</body>
</html>

	at org.openqa.selenium.json.Json.toType(Json.java:178)
	at org.openqa.selenium.json.Json.toType(Json.java:161)
	at org.openqa.selenium.remote.ProtocolHandshake.createSession(ProtocolHandshake.java:97)
	... 34 more
Caused by: org.openqa.selenium.json.JsonException: Unable to determine type from: <. Last 1 characters read: <, next 128 characters to read: html>
<head><title>401 Authorization Required</title></head>
<body>
<center><h1>401 Authorization Required</h1></center>
<hr
Build info: version: '4.46.0', revision: 'df5a634 df5a6341cbb5f8f06b836bd595752775627c80dc'
System info: os.name: 'Linux', os.arch: 'amd64', os.version: '6.17.0-1020-azure', java.version: '21.0.11'
Driver info: driver.version: SelenideDriver
	at org.openqa.selenium.json.JsonInput.peek(JsonInput.java:172)
	at org.openqa.selenium.json.JsonTypeCoercer.coerce(JsonTypeCoercer.java:146)
	at org.openqa.selenium.json.Json.toType(Json.java:213)
	at org.openqa.selenium.json.Json.toType(Json.java:176)
	... 36 more
",,,"Logout",,"Authentication","Logout",
"tests.e2e.LoginTests.shouldLoginWithValidCredentials","User is logged in with valid credentials","broken","7s 266ms","Could not start a new session. Unable to parse remote response: <html>
<head><title>401 Authorization Required</title></head>
<body>
<center><h1>401 Authorization Required</h1></center>
<hr><center>nginx/1.24.0 (Ubuntu)</center>
</body>
</html>
 
Host info: host: 'runnervmvrwv9', ip: '10.1.0.158'","org.openqa.selenium.SessionNotCreatedException: Could not start a new session. Unable to parse remote response: <html>
<head><title>401 Authorization Required</title></head>
<body>
<center><h1>401 Authorization Required</h1></center>
<hr><center>nginx/1.24.0 (Ubuntu)</center>
</body>
</html>
 
Host info: host: 'runnervmvrwv9', ip: '10.1.0.158'
	at org.openqa.selenium.remote.ProtocolHandshake.createSession(ProtocolHandshake.java:101)
	at org.openqa.selenium.remote.ProtocolHandshake.createSession(ProtocolHandshake.java:76)
	at org.openqa.selenium.remote.ProtocolHandshake.createSession(ProtocolHandshake.java:62)
	at org.openqa.selenium.remote.HttpCommandExecutor.execute(HttpCommandExecutor.java:171)
	at org.openqa.selenium.remote.RemoteWebDriver.execute(RemoteWebDriver.java:626)
	at org.openqa.selenium.remote.RemoteWebDriver.startSession(RemoteWebDriver.java:266)
	at org.openqa.selenium.remote.RemoteWebDriver.<init>(RemoteWebDriver.java:211)
	at org.openqa.selenium.remote.RemoteWebDriver.<init>(RemoteWebDriver.java:201)
	at com.codeborne.selenide.webdriver.RemoteDriverFactory.create(RemoteDriverFactory.java:24)
	at com.codeborne.selenide.webdriver.WebDriverFactory.createWebDriverInstance(WebDriverFactory.java:99)
	at com.codeborne.selenide.webdriver.WebDriverFactory.createWebDriver(WebDriverFactory.java:56)
	at com.codeborne.selenide.drivercommands.CreateDriverCommand.lambda$createDriver$0(CreateDriverCommand.java:66)
	at com.codeborne.selenide.logevents.SelenideLogger.wrap(SelenideLogger.java:128)
	at com.codeborne.selenide.logevents.SelenideLogger.get(SelenideLogger.java:106)
	at com.codeborne.selenide.drivercommands.CreateDriverCommand.createDriver(CreateDriverCommand.java:43)
	at com.codeborne.selenide.WebDriverThreadLocalContainer.createDriver(WebDriverThreadLocalContainer.java:189)
	at com.codeborne.selenide.WebDriverThreadLocalContainer.createDriver(WebDriverThreadLocalContainer.java:185)
	at com.codeborne.selenide.WebDriverThreadLocalContainer.createAndRegisterDriver(WebDriverThreadLocalContainer.java:172)
	at com.codeborne.selenide.WebDriverThreadLocalContainer.getAndCheckWebDriver(WebDriverThreadLocalContainer.java:133)
	at com.codeborne.selenide.WebDriverRunner.getAndCheckWebDriver(WebDriverRunner.java:102)
	at com.codeborne.selenide.StaticDriver.getAndCheckWebDriver(StaticDriver.java:44)
	at com.codeborne.selenide.SelenideDriver.getAndCheckWebDriver(SelenideDriver.java:254)
	at com.codeborne.selenide.logevents.SelenideLogger.lambda$run$0(SelenideLogger.java:99)
	at com.codeborne.selenide.logevents.SelenideLogger.wrap(SelenideLogger.java:128)
	at com.codeborne.selenide.logevents.SelenideLogger.run(SelenideLogger.java:98)
	at com.codeborne.selenide.drivercommands.Navigator.open(Navigator.java:88)
	at com.codeborne.selenide.SelenideDriver.open(SelenideDriver.java:107)
	at com.codeborne.selenide.Selenide.open(Selenide.java:117)
	at tests.TestBase.ensureBrowserSession(TestBase.java:116)
	at tests.TestBase.beforeEach(TestBase.java:133)
	at java.base/java.lang.reflect.Method.invoke(Method.java:580)
	at io.qameta.allure.jupiter.AllureJupiter.processFixture(AllureJupiter.java:191)
	at io.qameta.allure.jupiter.AllureJupiter.interceptBeforeEachMethod(AllureJupiter.java:147)
	at java.base/java.util.ArrayList.forEach(ArrayList.java:1596)
	at java.base/java.util.ArrayList.forEach(ArrayList.java:1596)
Caused by: org.openqa.selenium.json.JsonException: Unable to parse: <html>
<head><title>401 Authorization Required</title></head>
<body>
<center><h1>401 Authorization Required</h1></center>
<hr><center>nginx/1.24.0 (Ubuntu)</center>
</body>
</html>

	at org.openqa.selenium.json.Json.toType(Json.java:178)
	at org.openqa.selenium.json.Json.toType(Json.java:161)
	at org.openqa.selenium.remote.ProtocolHandshake.createSession(ProtocolHandshake.java:97)
	... 34 more
Caused by: org.openqa.selenium.json.JsonException: Unable to determine type from: <. Last 1 characters read: <, next 128 characters to read: html>
<head><title>401 Authorization Required</title></head>
<body>
<center><h1>401 Authorization Required</h1></center>
<hr
Build info: version: '4.46.0', revision: 'df5a634 df5a6341cbb5f8f06b836bd595752775627c80dc'
System info: os.name: 'Linux', os.arch: 'amd64', os.version: '6.17.0-1020-azure', java.version: '21.0.11'
Driver info: driver.version: SelenideDriver
	at org.openqa.selenium.json.JsonInput.peek(JsonInput.java:172)
	at org.openqa.selenium.json.JsonTypeCoercer.coerce(JsonTypeCoercer.java:146)
	at org.openqa.selenium.json.Json.toType(Json.java:213)
	at org.openqa.selenium.json.Json.toType(Json.java:176)
	... 36 more
",,,"Login",,"Authentication","Login",
"tests.e2e.LoginTests.shouldShowErrorWhenPasswordIsWrong","Wrong password shows readable error","broken","7s 405ms","Could not start a new session. Unable to parse remote response: <html>
<head><title>401 Authorization Required</title></head>
<body>
<center><h1>401 Authorization Required</h1></center>
<hr><center>nginx/1.24.0 (Ubuntu)</center>
</body>
</html>
 
Host info: host: 'runnervmvrwv9', ip: '10.1.0.158'","org.openqa.selenium.SessionNotCreatedException: Could not start a new session. Unable to parse remote response: <html>
<head><title>401 Authorization Required</title></head>
<body>
<center><h1>401 Authorization Required</h1></center>
<hr><center>nginx/1.24.0 (Ubuntu)</center>
</body>
</html>
 
Host info: host: 'runnervmvrwv9', ip: '10.1.0.158'
	at org.openqa.selenium.remote.ProtocolHandshake.createSession(ProtocolHandshake.java:101)
	at org.openqa.selenium.remote.ProtocolHandshake.createSession(ProtocolHandshake.java:76)
	at org.openqa.selenium.remote.ProtocolHandshake.createSession(ProtocolHandshake.java:62)
	at org.openqa.selenium.remote.HttpCommandExecutor.execute(HttpCommandExecutor.java:171)
	at org.openqa.selenium.remote.RemoteWebDriver.execute(RemoteWebDriver.java:626)
	at org.openqa.selenium.remote.RemoteWebDriver.startSession(RemoteWebDriver.java:266)
	at org.openqa.selenium.remote.RemoteWebDriver.<init>(RemoteWebDriver.java:211)
	at org.openqa.selenium.remote.RemoteWebDriver.<init>(RemoteWebDriver.java:201)
	at com.codeborne.selenide.webdriver.RemoteDriverFactory.create(RemoteDriverFactory.java:24)
	at com.codeborne.selenide.webdriver.WebDriverFactory.createWebDriverInstance(WebDriverFactory.java:99)
	at com.codeborne.selenide.webdriver.WebDriverFactory.createWebDriver(WebDriverFactory.java:56)
	at com.codeborne.selenide.drivercommands.CreateDriverCommand.lambda$createDriver$0(CreateDriverCommand.java:66)
	at com.codeborne.selenide.logevents.SelenideLogger.wrap(SelenideLogger.java:128)
	at com.codeborne.selenide.logevents.SelenideLogger.get(SelenideLogger.java:106)
	at com.codeborne.selenide.drivercommands.CreateDriverCommand.createDriver(CreateDriverCommand.java:43)
	at com.codeborne.selenide.WebDriverThreadLocalContainer.createDriver(WebDriverThreadLocalContainer.java:189)
	at com.codeborne.selenide.WebDriverThreadLocalContainer.createDriver(WebDriverThreadLocalContainer.java:185)
	at com.codeborne.selenide.WebDriverThreadLocalContainer.createAndRegisterDriver(WebDriverThreadLocalContainer.java:172)
	at com.codeborne.selenide.WebDriverThreadLocalContainer.getAndCheckWebDriver(WebDriverThreadLocalContainer.java:133)
	at com.codeborne.selenide.WebDriverRunner.getAndCheckWebDriver(WebDriverRunner.java:102)
	at com.codeborne.selenide.StaticDriver.getAndCheckWebDriver(StaticDriver.java:44)
	at com.codeborne.selenide.SelenideDriver.getAndCheckWebDriver(SelenideDriver.java:254)
	at com.codeborne.selenide.logevents.SelenideLogger.lambda$run$0(SelenideLogger.java:99)
	at com.codeborne.selenide.logevents.SelenideLogger.wrap(SelenideLogger.java:128)
	at com.codeborne.selenide.logevents.SelenideLogger.run(SelenideLogger.java:98)
	at com.codeborne.selenide.drivercommands.Navigator.open(Navigator.java:88)
	at com.codeborne.selenide.SelenideDriver.open(SelenideDriver.java:107)
	at com.codeborne.selenide.Selenide.open(Selenide.java:117)
	at tests.TestBase.ensureBrowserSession(TestBase.java:116)
	at tests.TestBase.beforeEach(TestBase.java:133)
	at java.base/java.lang.reflect.Method.invoke(Method.java:580)
	at io.qameta.allure.jupiter.AllureJupiter.processFixture(AllureJupiter.java:191)
	at io.qameta.allure.jupiter.AllureJupiter.interceptBeforeEachMethod(AllureJupiter.java:147)
	at java.base/java.util.ArrayList.forEach(ArrayList.java:1596)
	at java.base/java.util.ArrayList.forEach(ArrayList.java:1596)
Caused by: org.openqa.selenium.json.JsonException: Unable to parse: <html>
<head><title>401 Authorization Required</title></head>
<body>
<center><h1>401 Authorization Required</h1></center>
<hr><center>nginx/1.24.0 (Ubuntu)</center>
</body>
</html>

	at org.openqa.selenium.json.Json.toType(Json.java:178)
	at org.openqa.selenium.json.Json.toType(Json.java:161)
	at org.openqa.selenium.remote.ProtocolHandshake.createSession(ProtocolHandshake.java:97)
	... 34 more
Caused by: org.openqa.selenium.json.JsonException: Unable to determine type from: <. Last 1 characters read: <, next 128 characters to read: html>
<head><title>401 Authorization Required</title></head>
<body>
<center><h1>401 Authorization Required</h1></center>
<hr
Build info: version: '4.46.0', revision: 'df5a634 df5a6341cbb5f8f06b836bd595752775627c80dc'
System info: os.name: 'Linux', os.arch: 'amd64', os.version: '6.17.0-1020-azure', java.version: '21.0.11'
Driver info: driver.version: SelenideDriver
	at org.openqa.selenium.json.JsonInput.peek(JsonInput.java:172)
	at org.openqa.selenium.json.JsonTypeCoercer.coerce(JsonTypeCoercer.java:146)
	at org.openqa.selenium.json.Json.toType(Json.java:213)
	at org.openqa.selenium.json.Json.toType(Json.java:176)
	... 36 more
",,,"Login",,"Authentication","Login",